country,region,lat,lon,wines,ratings,rating_vs_type_average,suitability_score,gst,huglin,cool_night,tmin_coldest,prec_gs,prec_ripening,srad_gs,aridity,soil_phh2o,soil_clay,soil_sand,elev
Brazil,Rio Grande do Sul,-29.8425,-53.7681,114,12579,-0.2363,0.1042,22.2519,2821.0403,17.1238,8.6768,990.4791,258.8132,218.7896,1.3403,52.204,359.404,316.5575,268.8507
Brazil,Vale dos Vinhedos,-29.179,-51.579,236,76146,-0.0638,0.3314,20.3224,2412.1873,15.9188,7.8719,974.1743,282.1225,207.4788,1.579,52.9915,448.8525,202.5254,489.2446
Brazil,Campos de Cima da Serra,-28.4299,-50.8975,12,2072,-0.2939,0.3129,19.7815,2324.96,15.2135,7.2668,963.0709,269.4748,206.3767,1.6313,52.3018,481.4606,174.6972,632.4156
Brazil,Santa Catarina,-27.0628,-51.115,56,8156,-0.0535,0.2565,19.2045,2270.9795,13.9233,5.7279,987.1167,257.248,197.8275,1.5994,50.6797,545.6904,153.61,860.6675
Brazil,São Paulo,-23.5507,-46.6334,63,7464,0.0309,0.1842,20.3209,2325.1311,16.2475,9.5952,1101.2708,345.4804,186.4024,1.2529,,,,863.6875
Brazil,Minas Gerais,-18.5265,-44.1589,11,2963,-0.138,0.0157,24.0103,3120.4094,18.0822,11.4469,910.5231,243.4877,195.9644,0.7659,55.1641,370.8726,329.9153,673.3916
Brazil,Serra Negra,-22.6126,-46.7,3,1363,0.2867,0.0997,22.0265,2689.6848,17.22,10.1828,1108.2631,354.8228,191.7974,1.1044,53.2014,399.0059,436.7123,718.4905
Brazil,Serra do Sudeste,-21.0638,-41.3723,12,594,0.0492,0.0155,24.3018,3143.6536,19.2511,12.956,902.0676,224.9133,198.3077,0.892,56.1973,369.4099,448.7386,274.5006
Portugal,Trás-os-Montes,41.593,-6.7288,30,4904,0.1821,0.8795,17.1402,2000.6085,11.9252,1.8831,419.9855,74.5717,238.4577,0.9956,56.6102,178.9494,481.9341,627.7075
Portugal,Porto,41.1502,-8.6103,614,118978,-0.0123,0.9403,17.5731,1910.9309,13.5296,5.2571,543.3535,86.565,225.6869,1.4811,,,,161.9899
Portugal,Vinho Verde,41.0429,-8.2705,270,79942,-0.0207,0.941,17.4815,1907.3052,13.4297,4.7469,509.4658,80.9977,229.0238,1.3977,54.1759,178.1804,517.5486,274.7733
Portugal,Lisboa,38.7078,-9.1366,445,128197,-0.1082,0.9902,19.9023,2326.241,15.946,7.3611,260.7723,40.8259,248.8707,0.5782,,,,72.049
Portugal,Alentejo,38.0551,-7.8606,328,101445,-0.0155,0.969,20.73,2687.1611,15.118,5.548,223.9062,34.3484,259.0839,0.4327,,,,183.3272
Portugal,Minho,41.736,-8.3461,74,11326,0.0012,0.8159,17.0396,1860.7374,12.9302,4.0112,517.3735,91.4911,230.945,1.3672,,,,455.0517
Portugal,Alenquer,39.0566,-9.0076,8,2293,-0.0558,0.9905,19.345,2173.2439,15.87,7.4514,262.0834,40.201,246.4162,0.5985,,,,91.4589
Portugal,Algarve,37.2449,-8.196,27,1658,-0.0131,0.9636,20.92,2720.4155,15.3205,5.8007,208.3765,31.7305,260.3948,0.4109,,,,158.2515
Portugal,Bairrada,39.5729,-8.3628,154,22998,-0.0851,0.9908,20.2601,2471.2278,15.5363,6.5339,285.3799,45.6819,249.0533,0.6063,60.6199,183.3588,575.6803,69.4171
Portugal,Borba,38.8058,-7.4542,9,1895,0.3397,0.9799,20.2838,2619.5347,14.6816,4.8954,238.8941,37.5173,259.3773,0.4418,55.8971,173.5505,572.5697,277.0708
Portugal,Dão,39.9376,-7.8639,328,65341,-0.0947,0.9649,20.611,2621.2273,15.5237,5.232,316.0981,56.5444,254.2341,0.6542,55.8909,188.6267,529.0122,280.8151
Portugal,Evora,38.5708,-7.9093,30,41874,0.3675,0.978,20.4442,2664.937,14.6193,5.2923,240.4102,36.8813,258.0396,0.452,55.0199,149.7392,622.4565,226.787
Portugal,Madeira,32.7518,-16.9817,58,3215,0.1729,0.6061,17.7977,1648.7505,17.1898,10.7984,233.4536,50.4995,230.8168,0.5013,,,,618.3218
Portugal,Moura,38.141,-7.4501,2,1356,-0.1932,0.9557,21.1521,2812.3403,15.133,5.1066,211.5921,32.1884,261.1449,0.3889,57.3881,184.2099,570.276,185.7265
Portugal,Palmela,38.5696,-8.9012,19,6577,-0.0434,0.9909,20.4132,2497.0789,15.7267,7.0026,258.6217,40.3512,250.9133,0.5466,,,,42.658
Portugal,Península de Setúbal,38.4367,-8.8356,118,58272,-0.1741,0.9908,20.4118,2497.5256,15.7189,6.9986,258.5842,40.3755,250.9348,0.5462,,,,43.3235
Portugal,Pico,38.4718,-28.3643,10,1835,0.1514,0.4773,19.207,1952.2531,18.4171,11.5361,550.6652,138.7798,211.226,1.1485,,,,244.572
Portugal,Portalegre,39.2076,-7.7215,3,1708,0.2239,0.9758,20.5094,2642.8081,15.0934,5.1375,247.6323,40.0349,257.947,0.4685,55.9654,160.7102,592.3183,258.1913
Portugal,Redondo,38.6467,-7.5468,3,657,0.2576,0.9787,20.3052,2637.0295,14.5277,4.9464,235.3785,35.9578,259.5573,0.4316,55.8259,168.079,587.3253,258.5272
Portugal,Ribatejo,39.2028,-8.4713,62,12896,-0.1249,0.9818,20.2633,2542.79,15.1524,5.9449,250.4449,39.1277,254.7719,0.5034,,,,173.7628
Portugal,Setúbal,38.5242,-8.8932,72,21447,0.0135,0.9909,20.4132,2497.0789,15.7267,7.0026,258.6217,40.3512,250.9133,0.5466,,,,42.658
Portugal,Vidigueira,38.2102,-7.8015,16,3718,-0.0728,0.9719,20.873,2757.8118,14.9334,5.3899,221.0357,33.6174,259.676,0.4076,55.5983,168.1566,600.6497,187.0579
Portugal,Vinho de Portugal,41.2248,-7.8382,13,8965,0.0041,0.8469,17.1642,1865.9797,13.1591,4.2322,468.5408,77.5875,235.2389,1.2691,54.6249,178.1777,503.9617,446.1156
Portugal,Óbidos,39.362,-9.1572,4,1378,-0.2087,0.9837,18.7761,2016.1637,15.7657,7.6148,260.4914,39.6198,244.2514,0.6174,,,,100.0199
Germany,Mosel,50.781,12.478,937,92194,0.0825,0.9188,14.5133,1551.2603,9.5024,-2.0913,435.2859,138.558,174.7199,0.9472,62.5993,263.2993,214.7328,273.7692
Germany,Bernkastel,49.9156,7.0758,13,785,0.1167,0.8112,14.5964,1538.004,9.6702,-0.1911,439.0861,124.3779,179.9011,1.1118,60.4205,274.7677,230.5363,262.0104
Germany,Brauneberg,49.9085,6.9857,42,4633,0.1593,0.8127,14.6074,1540.3542,9.6783,-0.18,439.0862,124.3075,179.9653,1.1112,60.3161,274.6927,230.6548,260.5664
Germany,Deidesheim,49.4076,8.1859,9,1610,0.0906,0.9577,15.5529,1774.2703,10.0641,-0.5404,380.7581,97.0865,183.6404,0.8846,66.8413,271.8222,209.1131,176.6511
Germany,Graach,49.9352,7.0634,15,1917,0.3085,0.8125,14.5952,1537.8304,9.6694,-0.1952,438.4208,124.2211,179.8569,1.1097,60.4837,274.5617,230.6968,262.0318
Germany,Kanzem,49.6661,6.577,12,522,-0.0224,0.8764,14.7166,1568.3038,9.7069,-0.2605,446.2343,124.6069,183.6342,1.1196,61.9242,293.4179,237.8505,260.2619
Germany,Leiwen,49.8219,6.8813,18,2435,0.1728,0.8228,14.6248,1546.3058,9.6501,-0.1739,443.7333,125.2042,180.456,1.125,60.6476,276.1901,235.7615,260.3315
Germany,Mayschoss,50.522,7.0198,17,1038,-0.0966,0.8978,14.5311,1522.7405,9.7124,-0.1059,432.6573,128.1714,173.0366,1.0572,59.751,255.459,198.2799,241.8274
Germany,Mittelrhein,50.3587,7.5964,64,1674,0.1182,0.8934,14.6622,1559.4594,9.6951,-0.4272,425.112,121.3955,176.62,1.0156,60.9041,266.2231,228.4573,238.2317
Germany,Nierstein,49.8711,8.3365,31,2074,-0.0022,0.9587,15.7984,1839.9021,10.2303,-0.2229,363.0995,92.3337,180.6427,0.7741,73.2494,290.0704,166.8344,165.2972
Germany,Pfalz,49.3662,7.9487,1076,91959,0.0261,0.9572,15.5702,1782.5776,10.0668,-0.4519,374.0692,95.6881,182.6756,0.8467,68.9455,276.4839,197.9229,180.3052
Germany,Piesport,49.8814,6.9196,9,375,0.0522,0.8127,14.6074,1540.3542,9.6783,-0.18,439.0862,124.3075,179.9653,1.1112,60.3161,274.6927,230.6548,260.5664
Germany,Rheingau,50.1339,8.0702,438,44276,0.0588,0.927,15.3963,1746.1465,10.0018,-0.3416,353.4449,92.768,179.5301,0.7861,68.4684,301.2363,178.2615,178.5256
Germany,Rheinhessen,49.9045,8.2711,635,49102,-0.0082,0.9525,15.6901,1815.2931,10.1634,-0.2633,359.747,91.8855,180.452,0.7738,72.5172,291.8994,169.9151,175.3896
Germany,Rüdesheim,49.8458,7.8153,9,594,0.0116,0.9146,15.1541,1690.9918,9.8518,-0.4647,347.1315,92.2925,179.7206,0.7857,67.5328,292.8699,192.6488,201.8584
Germany,Sachsen,50.9296,13.4585,20,585,-0.008,0.8959,15.1368,1696.6702,9.9345,-2.1528,418.3983,126.0972,179.2179,0.8518,64.4703,257.355,334.6854,242.0988
Germany,Württemberg,48.3367,9.0994,174,4297,-0.2485,0.9327,15.1909,1697.2919,9.664,-0.9815,473.5098,127.3852,184.6332,1.1047,,,,265.8116
Germany,Würzburg,49.778,9.9435,7,719,-0.0634,0.9258,14.6849,1651.8269,8.6636,-1.7077,379.7079,101.5395,180.4628,0.9015,68.0751,294.4576,202.9485,249.3569
France,Aloxe-Corton,47.0653,4.8596,18,1315,0.1621,0.977,15.8197,1759.3983,10.8165,-0.1538,466.4156,122.5826,197.7433,0.9651,64.301,307.5701,285.4193,312.5695
France,Anjou,45.3462,4.8815,52,3756,0.0565,0.9792,17.1401,2034.1537,11.8708,0.5738,523.9658,148.5425,211.5519,0.8541,63.4475,256.4193,348.5867,307.9422
France,Arbois,46.9032,5.7728,16,1860,0.1603,0.9572,16.1501,1814.4484,10.8027,-0.087,648.7018,180.1794,199.8834,1.347,63.7226,365.1163,202.1882,354.2436
France,Ardèche,44.8152,4.3987,25,915,-0.2462,0.9394,18.5308,2321.7744,12.9884,1.24,498.2366,146.6588,222.9162,0.7439,70.9797,293.6141,322.3576,193.3365
France,Atlantique,47.3482,-1.8727,5,352,-0.1509,0.9743,16.097,1769.8958,11.3172,2.6317,395.1482,108.3748,201.0521,0.959,,,,42.9147
France,Aude,43.0543,2.5125,17,1756,-0.2597,0.9572,18.9825,2264.6067,14.5433,3.5722,324.8879,84.4006,221.9113,0.5293,,,,133.3335
France,Auxey-Duresses,46.9862,4.7468,6,440,0.09,0.9775,15.8585,1768.1614,10.8268,-0.1264,466.3968,123.0733,197.8891,0.9617,64.1646,303.0436,295.3343,308.5279
France,Bandol,43.1358,5.7524,205,20824,0.135,0.9674,18.5963,2180.9233,14.4623,3.4233,332.7178,84.0321,236.1749,0.5579,,,,290.0285
France,Banyuls,42.4794,3.1276,23,1294,-0.1432,0.9742,19.6416,2353.7588,15.4627,3.9882,292.8488,81.4845,224.2028,0.4366,,,,82.2452
France,Barsac,44.605,-0.322,5,2928,0.2225,0.9793,17.4468,2068.3589,11.8542,2.0009,450.1066,116.2845,203.6771,1.0236,,,,53.8612
France,Beaujolais,46.0302,4.4149,152,24560,-0.1772,0.9799,16.5207,1907.2992,11.2563,0.2546,490.7285,142.9578,202.7084,0.8981,61.4568,256.425,394.0642,327.8619
France,Beaumes-de-Venise,44.1219,5.0302,11,1584,-0.1054,0.849,19.4419,2547.792,13.1151,0.5996,461.5172,141.3349,230.2072,0.6548,75.664,285.6918,334.7876,190.7139
France,Beaune,47.0239,4.838,113,12971,-0.0684,0.977,15.8197,1759.3983,10.8165,-0.1538,466.4156,122.5826,197.7433,0.9651,64.301,307.5701,285.4193,312.5695
France,Beaune Premier Cru,47.0355,4.8256,3,398,0.1946,0.9769,15.8069,1756.777,10.8069,-0.1624,466.4079,122.6035,197.7416,0.9656,64.2505,307.5677,286.7063,314.4062
France,Bergerac,44.8535,0.4875,33,2472,-0.3267,0.9786,17.6169,2105.4683,12.0656,2.2757,462.0542,113.821,204.4603,1.0313,68.4983,295.1006,318.6513,90.3625
France,Bordeaux,44.8412,-0.58,1059,197712,-0.3054,0.9791,17.3606,2029.8438,12.023,2.2436,451.0794,116.6432,203.7373,1.0176,,,,37.868
France,Bouches-du-Rhone,43.5424,5.0343,3,311,-0.1565,0.9237,19.5593,2471.8689,14.238,2.1888,386.3137,112.2795,231.3293,0.5531,,,,160.6675
France,Bourgogne,47.2781,4.2225,2182,242125,0.0241,0.974,15.6824,1752.6691,10.2934,-0.1858,453.4106,129.0372,196.4174,0.9689,66.0959,311.0031,243.4148,265.9241
France,Bourgueil,47.2828,0.1789,16,1687,-0.2044,0.9834,16.1947,1837.651,10.982,2.0433,365.5058,93.1377,197.2453,0.8029,65.2458,206.1695,440.2785,62.075
France,Bouzéron,46.8898,4.7266,2,1237,0.0482,0.9788,15.9301,1783.7496,10.8528,-0.0764,466.5204,123.7097,198.0823,0.9566,64.6563,297.2697,305.3231,299.948
France,Brouilly,46.104,4.6463,48,5494,-0.2233,0.9806,16.5031,1901.7256,11.2598,0.2556,491.3301,142.708,202.5402,0.9059,61.431,257.7045,391.3782,325.3298
France,Buzet,43.7097,-0.8313,7,997,-0.4339,0.9764,17.6487,2022.8569,12.6677,3.1206,548.2392,159.8117,202.1402,1.2573,57.9241,201.4707,412.9833,66.2191
France,Cabardès,43.2655,2.284,18,1339,-0.1576,0.9631,18.1977,2141.1621,13.5099,2.7421,369.1066,91.6215,219.7622,0.6506,73.1077,320.2973,264.8591,208.2528
France,Cahors,44.4495,1.4365,154,20516,-0.1333,0.9469,17.4242,2096.7478,11.5637,1.3706,436.6536,103.6546,209.1736,0.8605,67.9027,308.7646,251.8027,216.0225
France,Cairanne,44.229,4.9335,19,2278,-0.1103,0.8578,19.428,2538.9224,13.1888,0.7403,466.5825,142.9005,229.6865,0.6622,75.3632,283.0984,340.3754,181.3733
France,Canon-Fronsac,44.9264,-0.3012,39,3310,-0.1056,0.9794,17.4362,2057.5344,11.9958,2.1597,449.4511,115.2029,203.6859,1.0174,,,,47.0396
France,Chablis,47.8152,3.8002,333,84650,0.068,0.9805,15.5449,1747.2192,9.7872,-0.2907,416.3418,123.696,193.8751,0.9216,70.0129,325.6204,188.273,203.7711
France,Chambolle-Musigny,47.1864,4.9533,40,4793,0.2472,0.9746,15.7502,1744.4017,10.7891,-0.2003,466.4308,121.6676,197.3948,0.9716,64.3018,313.714,265.6306,317.7502
France,Champagne,45.8319,-0.9067,1794,364828,0.2815,0.9818,17.1129,1932.1655,12.4356,2.8701,419.2638,108.9948,204.9131,0.962,,,,31.7851
France,Chassagne-Montrachet,46.9364,4.7274,115,8902,0.2674,0.9775,15.8585,1768.1614,10.8268,-0.1264,466.3968,123.0733,197.8891,0.9617,64.1646,303.0436,295.3343,308.5279
France,Chassagne-Montrachet Premier Cru,46.9399,4.7307,7,510,0.3359,0.9775,15.8585,1768.1614,10.8268,-0.1264,466.3968,123.0733,197.8891,0.9617,64.1646,303.0436,295.3343,308.5279
France,Cheverny,47.4997,1.4611,26,1317,-0.0027,0.9209,16.4508,1959.7035,10.1538,0.9947,372.8642,96.7088,196.7352,0.7572,65.36,252.5338,376.4636,106.5098
France,Chinon,47.1667,0.2402,67,10219,-0.1733,0.9835,16.1956,1838.3342,10.9726,2.0335,365.4795,93.0841,197.3031,0.8026,65.3859,207.4836,439.4309,62.5135
France,Chorey-lès-Beaune,47.0479,4.8666,12,2210,0.0582,0.977,15.8197,1759.3983,10.8165,-0.1538,466.4156,122.5826,197.7433,0.9651,64.301,307.5701,285.4193,312.5695
France,Château-Chalon,46.7547,5.627,15,920,0.1506,0.9588,16.2125,1827.457,10.8445,-0.0384,645.7924,179.1058,199.9521,1.3351,63.6999,364.886,201.881,346.0335
France,Château-Grillet,45.463,4.8693,1,367,0.3236,0.9792,17.0776,2019.4619,11.8224,0.5582,522.847,147.8653,210.628,0.8576,63.1545,255.7387,351.13,311.6545
France,Châteauneuf-du-Pape,44.056,4.8317,365,134011,0.2775,0.8826,19.7748,2581.7725,13.7613,1.3483,452.2052,137.1148,229.3046,0.6323,74.9608,271.9804,353.795,112.0185
France,Cite de Carcassonne,43.2063,2.364,4,704,-0.2965,0.9597,18.3224,2161.5239,13.6811,2.871,360.8112,89.6904,220.0679,0.6304,73.5788,320.0143,269.2717,195.6429
France,Clos Vougeot Grand Cru,47.1721,4.9589,2,458,0.2955,0.9746,15.7502,1744.4017,10.7891,-0.2003,466.4308,121.6676,197.3948,0.9716,64.3018,313.714,265.6306,317.7502
France,Condrieu,45.4624,4.7676,73,9926,0.2723,0.9784,17.0463,2012.9606,11.7988,0.5459,522.8997,147.9534,210.5772,0.8583,63.0903,255.3384,352.9793,317.1785
France,Corbières,43.0548,1.9971,132,19357,-0.1982,0.9809,17.7664,2068.6592,12.9327,2.2079,402.7883,101.8584,219.2283,0.7131,72.679,324.5587,254.1883,271.8337
France,Cornas,44.9635,4.8475,24,5288,0.2514,0.9691,17.6835,2158.3464,12.231,0.7381,531.5658,154.2024,216.0699,0.84,66.3763,274.9779,346.7984,255.9469
France,Corsica,42.1881,9.0683,22,2050,-0.121,0.9767,20.2856,2408.1458,17.0383,5.5642,302.0841,74.4752,239.2264,0.5587,,,,153.7918
France,Corton Grand Cru,47.0696,4.8585,4,1109,0.3023,0.977,15.8197,1759.3983,10.8165,-0.1538,466.4156,122.5826,197.7433,0.9651,64.301,307.5701,285.4193,312.5695
France,Coteaux d'Aix-en-Provence,43.5277,5.4064,40,7593,0.1133,0.9374,19.0404,2391.6343,13.5592,1.618,366.2029,105.5148,234.6757,0.542,75.6542,291.8011,299.3494,284.2885
France,Crozes-Hermitage,45.0907,4.8459,100,26932,-0.1115,0.9729,17.489,2115.2834,12.0907,0.6766,528.1719,151.4947,214.0004,0.8422,64.9708,262.269,356.0105,273.6434
France,Crémant d'Alsace,48.5866,7.4408,84,7066,-0.1977,0.9552,15.5902,1758.8472,10.1272,-0.4627,453.1481,125.0174,188.633,0.9439,61.7259,295.786,261.4968,235.5146
France,Côte Chalonnaise,46.6946,4.6857,56,3703,-0.0338,0.9813,16.1502,1827.4861,10.9817,0.0923,474.9709,129.5405,199.1337,0.9542,63.8659,275.4861,338.5388,286.7637
France,Côte de Beaune,47.0239,4.838,546,29875,0.2214,0.977,15.8197,1759.3983,10.8165,-0.1538,466.4156,122.5826,197.7433,0.9651,64.301,307.5701,285.4193,312.5695
France,Côte de Brouilly,46.1006,4.6547,20,2241,-0.0595,0.9806,16.5031,1901.7256,11.2598,0.2556,491.3301,142.708,202.5402,0.9059,61.431,257.7045,391.3782,325.3298
France,Côte de Nuits,47.1367,4.949,245,30134,0.3654,0.9761,15.7954,1754.0538,10.8115,-0.1703,466.1293,121.9295,197.5459,0.9674,64.3846,311.4109,269.0163,313.3074
France,Côte-Rôtie,44.7268,-0.39,74,15348,0.3606,0.9793,17.45,2066.2126,11.8964,2.0635,449.1879,116.2269,203.6165,1.0191,,,,48.6311
France,Côtes de Bordeaux,44.6044,-0.1819,27,6042,-0.1535,0.9794,17.4509,2069.094,11.8617,2.0027,450.9556,116.1124,203.7396,1.0256,66.014,256.5122,371.3183,56.2287
France,Côtes de Provence,43.4368,6.6569,301,84073,0.1774,0.9797,19.0388,2228.2026,15.2733,4.0804,361.186,93.8573,236.8808,0.6781,,,,153.1169
France,Côtes-du-Rhône,46.1905,4.7133,354,85534,-0.1507,0.9808,16.4767,1894.4167,11.2484,0.2583,492.2032,142.2574,202.13,0.9191,61.6578,256.187,391.0458,319.63
France,Entre-deux-Mers,44.7935,-0.1248,17,2513,-0.0464,0.9792,17.4731,2069.7178,11.9481,2.1129,451.2385,115.4048,203.7759,1.022,,,,54.3082
France,Faugères,43.5648,3.1901,28,2852,-0.0435,0.9416,19.3341,2333.7217,14.9525,3.8906,316.0084,85.5695,222.7075,0.485,75.854,310.7086,287.9236,94.9201
France,Fitou,42.8941,2.9817,18,2773,-0.2955,0.9702,19.2638,2289.3564,15.0668,3.9533,301.9484,79.2389,223.075,0.4769,,,,120.1246
France,Fixin,47.2455,4.9728,12,825,0.0705,0.9746,15.7502,1744.4017,10.7891,-0.2003,466.4308,121.6676,197.3948,0.9716,64.3018,313.714,265.6306,317.7502
France,Fleurie,46.192,4.6981,42,5589,-0.2107,0.9808,16.4767,1894.4167,11.2484,0.2583,492.2032,142.2574,202.13,0.9191,61.6578,256.187,391.0458,319.63
France,Fronsac,42.9509,0.6487,94,11864,-0.1096,0.6731,14.4233,1504.08,9.4972,-1.2264,633.8546,151.3088,218.3877,1.3007,61.1664,291.3241,273.992,918.9606
France,Fronton,43.8403,1.3903,49,2034,-0.3178,0.9649,17.9954,2180.7456,12.2167,1.8047,388.2346,93.5576,212.9836,0.7162,68.7453,304.2019,275.5862,133.1465
France,Gard,43.96,4.2976,15,2623,-0.2524,0.9075,19.4626,2470.0913,14.0165,1.9553,423.2839,125.4704,227.5505,0.6054,,,,126.826
France,Gascogne,43.6667,0.3333,24,3419,-0.2177,0.962,17.3755,2047.215,11.7977,1.8046,498.3684,124.1163,205.7281,1.0848,,,,130.9489
France,Gers,43.6955,0.4101,7,4413,0.0446,0.9642,17.466,2045.7537,11.9593,1.7971,566.3924,137.0674,206.7867,1.1886,63.6853,260.8615,312.3965,150.5471
France,Gevrey-Chambertin,47.2262,4.9706,168,23159,0.2385,0.9746,15.7502,1744.4017,10.7891,-0.2003,466.4308,121.6676,197.3948,0.9716,64.3018,313.714,265.6306,317.7502
France,Gigondas,44.1641,5.0051,163,27585,0.0486,0.849,19.4419,2547.792,13.1151,0.5996,461.5172,141.3349,230.2072,0.6548,75.664,285.6918,334.7876,190.7139
France,Givry,46.7831,4.7433,31,3211,0.0243,0.9803,16.0308,1804.489,10.9027,-0.0024,469.0116,125.6645,198.4573,0.9534,64.1835,286.7241,320.7144,291.8923
France,Graves,45.65,-0.1061,106,17040,-0.0895,0.9815,17.1721,2003.6503,11.9404,2.333,426.2805,107.1794,203.5393,0.9604,73.3895,356.8161,228.7755,60.5668
France,Guyenne,44.6928,-0.0863,34,2413,-0.1379,0.9794,17.4683,2071.1179,11.9135,2.0541,450.5941,115.5475,203.7467,1.024,66.2872,257.7279,371.7351,55.4313
France,Hermitage,45.7654,1.1365,67,18186,0.2694,0.9734,15.9402,1726.8794,11.167,1.3866,516.306,126.001,201.9141,1.122,56.6899,210.3325,442.1155,335.2397
France,Hérault,43.5914,3.3553,13,2595,0.1018,0.9414,19.2891,2334.3848,14.8215,3.6291,327.9576,89.0934,223.0739,0.5065,,,,94.9753
France,Ile de Beaute,48.8717,2.5429,18,1288,-0.2769,0.9729,15.5896,1711.3455,10.6133,1.3854,367.1338,98.8405,188.7196,0.7814,,,,93.1949
France,Irouléguy,43.1797,-1.2996,7,363,-0.1305,0.8292,16.3538,1711.4905,12.669,3.0957,565.3023,135.0047,204.0521,1.2428,57.3423,275.2761,311.8023,432.8408
France,Juliénas,46.2347,4.7115,22,1167,-0.2019,0.9808,16.4767,1894.4167,11.2484,0.2583,492.2032,142.2574,202.13,0.9191,61.6578,256.187,391.0458,319.63
France,Jura,46.7834,5.7833,58,4770,0.0897,0.9039,15.869,1762.7052,10.6386,-0.3087,636.5996,178.3071,200.1873,1.3466,,,,399.4772
France,Jurançon,43.2872,-0.3896,11,1394,-0.0049,0.9357,17.438,1920.076,13.3028,3.6152,674.0534,166.675,204.6458,1.4194,,,,214.1423
France,La Clape,42.9676,2.5483,28,4655,0.0057,0.9619,18.6685,2202.8452,14.2666,3.3533,335.2258,84.8132,221.785,0.5623,74.5221,313.8379,287.9204,177.9546
France,Ladoix,47.0723,4.876,11,464,-0.0257,0.977,15.8197,1759.3983,10.8165,-0.1538,466.4156,122.5826,197.7433,0.9651,64.301,307.5701,285.4193,312.5695
France,Lalande-de-Pomerol,44.9561,-0.2104,149,25460,-0.0202,0.9795,17.4447,2061.6548,11.9764,2.1289,449.4999,114.9557,203.6915,1.0198,66.6064,257.9389,379.9349,50.9429
France,Languedoc,43.6542,3.6747,531,55699,-0.1515,0.9454,19.3313,2360.1431,14.693,3.2966,353.1539,98.45,224.1903,0.531,,,,105.1932
France,Languedoc-Roussillon,43.6542,3.6747,645,117283,-0.1536,0.9454,19.3313,2360.1431,14.693,3.2966,353.1539,98.45,224.1903,0.531,,,,105.1932
France,Les Baux-de-Provence,43.7436,4.795,13,1544,0.0113,0.9019,20.1938,2605.6106,14.6415,2.3208,403.679,119.7408,230.6927,0.5502,,,,53.3977
France,Libournais,44.9628,-0.2189,90,8249,-0.2389,0.9795,17.4447,2061.6548,11.9764,2.1289,449.4999,114.9557,203.6915,1.0198,66.6064,257.9389,379.9349,50.9429
France,Limoux,43.0538,2.2177,32,2678,0.0023,0.9704,17.9639,2096.4456,13.2791,2.523,383.4394,95.6717,219.7474,0.6773,72.4846,321.4537,262.3466,246.1798
France,Lirac,44.0366,4.6911,37,5244,-0.0093,0.8942,19.774,2570.6946,13.8952,1.5559,450.9184,136.0078,228.8181,0.6305,74.669,270.8269,355.1357,101.9774
France,Listrac-Médoc,45.0737,-0.7906,50,9596,-0.1072,0.9791,17.3036,1994.0348,12.3124,2.6119,449.8055,115.9553,204.1237,1.0098,,,,22.691
France,Loire Valley,47.4493,-0.3495,279,21358,-0.1088,0.9835,16.1701,1825.4744,11.0198,2.1515,380.7143,102.727,199.1558,0.8702,64.888,219.4207,384.01,60.332
France,Luberon,43.828,5.548,126,9741,-0.1369,0.9355,18.6963,2350.9905,12.9989,0.9964,384.8173,109.6773,234.476,0.5814,75.4163,292.6336,293.1401,349.3279
France,Madiran,43.5501,-0.0579,17,7287,0.0467,0.9623,17.3934,1989.9728,12.3228,2.1334,630.8614,153.3217,205.8415,1.3444,60.3492,219.8227,320.1659,153.9875
France,Marcillac,45.2737,-0.4996,1,402,-0.2817,0.9805,17.2164,1995.5139,12.0778,2.4187,438.9423,111.5035,203.9883,0.991,,,,46.5779
France,Margaux,45.0463,-0.6729,189,106409,0.2882,0.9792,17.3123,2000.5735,12.2615,2.5546,450.2772,115.9769,204.0465,1.0102,,,,25.5466
France,Marsannay,47.2705,4.9884,41,6107,0.0122,0.9735,15.622,1716.0244,10.7376,-0.2766,466.1252,121.1222,197.256,0.981,63.2969,319.1614,259.4228,331.3969
France,Maury,42.8103,2.5936,12,2842,0.0084,0.9708,18.8744,2220.5693,14.6365,3.5119,321.8373,84.1038,223.5384,0.5131,73.5244,313.678,305.7671,195.7619
France,Menetou-Salon,47.2315,2.4886,31,3767,-0.0092,0.9733,15.8602,1804.918,10.0578,0.3385,401.7503,101.7947,197.6799,0.8475,64.6123,320.6263,269.348,188.8118
France,Mercurey,46.8397,4.7189,81,7034,-0.0153,0.9788,15.9301,1783.7496,10.8528,-0.0764,466.5204,123.7097,198.0823,0.9566,64.6563,297.2697,305.3231,299.948
France,Meursault,46.9784,4.7694,342,31370,0.3309,0.9776,15.8658,1769.5946,10.8326,-0.1212,466.4677,123.0791,197.8969,0.9615,64.1926,303.0453,294.734,307.4266
France,Minervois,43.2718,2.521,40,5004,-0.1033,0.9551,18.7302,2230.8035,14.175,3.3088,335.1414,83.8382,220.798,0.5717,74.5402,319.6945,280.9727,145.4627
France,Minervois La Livinière,43.3847,2.6698,14,2552,0.0845,0.9489,18.9701,2271.9976,14.454,3.5365,322.4171,82.2721,221.3979,0.5346,75.0637,316.2389,285.6541,118.22
France,Montagny,45.4562,6.5911,16,1203,-0.0825,0.1135,8.0631,490.1504,4.8815,-8.0274,746.5287,192.5034,218.9193,2.5742,61.2278,223.6724,386.6957,1968.2424
France,Monthélie,46.9929,4.7658,8,469,0.0023,0.9776,15.8658,1769.5946,10.8326,-0.1212,466.4677,123.0791,197.8969,0.9615,64.1926,303.0453,294.734,307.4266
France,Montlouis-sur-Loire,47.3881,0.8269,10,350,-0.1061,0.9835,16.1709,1846.9678,10.7675,1.7487,363.9199,92.8294,195.3718,0.7818,67.839,259.0715,282.7885,94.7318
France,Morey-Saint-Denis,47.1955,4.9623,57,4851,0.184,0.9746,15.7502,1744.4017,10.7891,-0.2003,466.4308,121.6676,197.3948,0.9716,64.3018,313.714,265.6306,317.7502
France,Morgon,46.1444,4.6781,63,11224,-0.0784,0.9806,16.5136,1903.8843,11.2659,0.2616,491.616,142.6735,202.5505,0.9066,61.4658,258.3781,389.7874,322.989
France,Moulis-en-Médoc,45.0565,-0.7736,67,16629,0.0061,0.9791,17.3036,1994.0348,12.3124,2.6119,449.8055,115.9553,204.1237,1.0098,,,,22.691
France,Muscadet,45.4216,-0.2856,6,498,-0.1563,0.9813,17.1838,2000.7955,11.99,2.3707,428.8885,108.0001,203.6954,0.9688,71.8911,345.2645,254.3678,56.3964
France,Mâcon,46.3037,4.8322,36,1274,-0.2498,0.981,16.4727,1893.2667,11.2382,0.2655,491.9984,141.5755,201.8044,0.9277,61.7058,254.0678,389.4705,311.051
France,Mâcon-Villages,46.3205,4.8182,47,6337,-0.0961,0.981,16.4727,1893.2667,11.2382,0.2655,491.9984,141.5755,201.8044,0.9277,61.7058,254.0678,389.4705,311.051
France,Mâconnais,46.4432,4.7921,75,5639,-0.0146,0.9816,16.3794,1871.6798,11.1641,0.2409,491.2303,139.7112,201.1263,0.9502,61.8208,254.7076,382.485,303.0163
France,Méditerranée,43.6488,2.3436,15,4203,0.0403,0.9518,18.8703,2251.5317,14.3297,3.3783,330.6036,85.8843,221.4182,0.5425,,,,144.8143
France,Médoc,45.1757,-0.9576,222,59745,-0.2024,0.9796,17.2619,1975.8864,12.3774,2.7468,442.0451,114.5169,204.5585,0.9993,,,,20.2001
France,Nuits-Saint-Georges,47.1367,4.949,140,12964,0.0146,0.9761,15.7954,1754.0538,10.8115,-0.1703,466.1293,121.9295,197.5459,0.9674,64.3846,311.4109,269.0163,313.3074
France,Nuits-Saint-Georges Premier Cru,47.1549,4.948,1,553,0.233,0.9761,15.7954,1754.0538,10.8115,-0.1703,466.1293,121.9295,197.5459,0.9674,64.3846,311.4109,269.0163,313.3074
France,Pauillac,45.1996,-0.7485,97,100724,0.4444,0.9795,17.2727,1986.1173,12.3018,2.6378,445.45,114.7657,204.3555,1.0038,,,,24.1732
France,Pays Nantais,47.0879,-1.2662,31,879,-0.2141,0.9804,16.1047,1786.4077,11.1689,2.4485,393.6995,108.0743,201.0824,0.9501,,,,45.2844
France,Pernand-Vergelesses,47.079,4.8538,16,838,0.1581,0.977,15.8197,1759.3983,10.8165,-0.1538,466.4156,122.5826,197.7433,0.9651,64.301,307.5701,285.4193,312.5695
France,Petit Chablis,47.8134,3.7692,52,10985,-0.0548,0.9805,15.5449,1747.2192,9.7872,-0.2907,416.3418,123.696,193.8751,0.9216,70.0129,325.6204,188.273,203.7711
France,Pic-Saint-Loup,43.7789,3.8112,9,2025,-0.05,0.9388,19.1397,2324.1792,14.566,3.0209,356.215,100.023,224.5732,0.5334,74.1544,304.0139,277.5917,121.6963
France,Pomerol,44.9311,-0.2,124,62277,0.3372,0.9795,17.4447,2061.6548,11.9764,2.1289,449.4999,114.9557,203.6915,1.0198,66.6064,257.9389,379.9349,50.9429
France,Pommard,47.0088,4.7962,120,9013,0.2047,0.9769,15.8069,1756.777,10.8069,-0.1624,466.4079,122.6035,197.7416,0.9656,64.2505,307.5677,286.7063,314.4062
France,Pouilly-Fuissé,46.2878,4.7414,116,16282,0.2272,0.9809,16.463,1891.2986,11.2311,0.2599,491.8209,141.5965,201.7964,0.9276,61.6752,253.8051,390.3434,312.7292
France,Pouilly-Sur-Loire,47.2814,2.9584,7,1312,0.0265,0.9714,15.6714,1786.4036,9.531,-0.2114,415.7264,108.2353,197.4233,0.8886,68.7844,327.6545,236.9828,225.0988
France,Provence,44.0581,6.0639,207,25806,0.0669,0.9158,18.5668,2281.3904,13.3808,1.6292,397.6282,111.2553,233.9035,0.6448,,,,320.252
France,Puligny-Montrachet,46.9487,4.7532,59,7409,0.4631,0.9776,15.8658,1769.5946,10.8326,-0.1212,466.4677,123.0791,197.8969,0.9615,64.1926,303.0453,294.734,307.4266
France,Rasteau,44.2298,4.9856,47,2944,-0.0705,0.8578,19.428,2538.9224,13.1888,0.7403,466.5825,142.9005,229.6865,0.6622,75.3632,283.0984,340.3754,181.3733
France,Richebourg Grand Cru,47.1633,4.9492,2,319,0.3881,0.9761,15.7954,1754.0538,10.8115,-0.1703,466.1293,121.9295,197.5459,0.9674,64.3846,311.4109,269.0163,313.3074
France,Rivesaltes,42.7684,2.8709,20,1884,-0.2317,0.9717,19.2198,2278.9927,15.0345,3.8541,304.9553,80.4811,223.4638,0.4778,,,,138.1591
France,Rosé d'Anjou,45.3497,4.8817,41,8227,0.152,0.9792,17.1401,2034.1537,11.8708,0.5738,523.9658,148.5425,211.5519,0.8541,63.4475,256.4193,348.5867,307.9422
France,Rully,49.236,2.7281,42,3313,0.0299,0.9717,15.3756,1669.743,10.4866,1.3549,365.6193,99.7128,187.1059,0.7969,69.8656,273.0724,218.0768,89.4459
France,Saint-Amour,46.4359,5.3422,12,650,-0.2188,0.9628,16.5847,1903.6658,11.0902,0.1875,627.746,172.4965,201.0232,1.2486,63.4361,348.065,234.8921,313.9471
France,Saint-Aubin,50.4574,1.6652,48,4245,0.2145,0.3652,15.1011,1404.0192,12.602,2.9951,369.1976,118.0229,173.698,0.9539,,,,35.0705
France,Saint-Chinian,43.4215,2.9468,16,1447,-0.192,0.9455,19.2107,2311.6968,14.754,3.7831,313.5613,83.0441,222.1717,0.497,75.5814,310.8136,281.8097,95.9926
France,Saint-Estèphe,45.5925,0.6633,160,65199,0.1725,0.9806,16.6501,1887.9617,11.6005,1.9467,451.7982,109.8097,202.539,0.9986,65.1078,276.6827,348.3243,188.5886
France,Saint-Guilhem-le-Desert,43.734,3.5485,3,861,-0.1219,0.9441,19.2933,2325.1499,15.0099,3.7856,325.7613,89.0344,223.7114,0.4921,75.4611,313.7504,297.0045,115.123
France,Saint-Joseph,49.5345,-1.5298,91,14465,0.052,0.2653,14.5635,1273.343,12.5642,4.0707,437.3124,123.1499,179.7201,1.235,,,,41.4298
France,Saint-Julien,47.402,5.1365,89,68997,0.323,0.9764,15.5967,1712.8862,10.7084,-0.312,463.5682,120.635,197.0947,0.9792,62.9859,331.4662,242.0031,333.2448
France,Saint-Nicolas-de-Bourgueil,47.2844,0.1257,9,736,-0.0979,0.9837,16.2218,1844.3459,10.9899,2.0604,366.608,93.9653,197.3921,0.8055,65.6334,209.3565,441.3545,59.1931
France,Saint-Péray,44.9454,4.8431,9,800,0.0356,0.9691,17.6835,2158.3464,12.231,0.7381,531.5658,154.2024,216.0699,0.84,66.3763,274.9779,346.7984,255.9469
France,Saint-Romain,46.9982,4.7084,24,2047,0.1939,0.9775,15.8585,1768.1614,10.8268,-0.1264,466.3968,123.0733,197.8891,0.9617,64.1646,303.0436,295.3343,308.5279
France,Saint-Véran,44.7004,6.8682,40,4329,-0.0288,0.1389,8.3545,491.6492,5.2153,-6.9908,624.2603,160.2153,228.8977,1.9063,62.0519,223.0472,391.2526,2062.8242
France,Saint-Émilion,44.8931,-0.1561,86,16242,-0.1337,0.9795,17.4615,2068.2881,11.9382,2.0807,450.3198,115.2441,203.7298,1.023,66.4606,258.4603,371.0072,55.2309
France,Sancerre,47.3307,2.839,376,68958,0.1383,0.9715,15.6817,1788.7594,9.5432,-0.1947,415.0277,107.8787,197.4441,0.8863,68.7829,328.0339,237.3815,223.7162
France,Santenay,46.9115,4.6996,28,2547,0.093,0.9788,15.9301,1783.7496,10.8528,-0.0764,466.5204,123.7097,198.0823,0.9566,64.6563,297.2697,305.3231,299.948
France,Saone-et-Loire,46.6557,4.5587,3,324,0.0982,0.9786,16.2231,1843.8021,11.0241,0.1029,482.1757,134.3995,200.1198,0.9466,62.9692,271.3891,353.7421,304.4901
France,Saumur,47.2596,-0.0785,181,14284,-0.105,0.9842,16.2727,1857.7681,11.0084,2.0915,371.9958,97.4035,198.0746,0.8209,66.6445,224.8649,418.4894,57.248
France,Saumur-Champigny,47.2149,-0.0216,82,5738,-0.0665,0.9842,16.2746,1858.5712,11.003,2.0848,372.1165,97.4237,198.1242,0.8212,66.7188,225.4462,417.1476,57.5354
France,Sauternes,44.5328,-0.3414,69,37487,0.2401,0.979,17.3817,2054.9524,11.768,1.922,449.8928,116.9396,203.6813,1.0273,,,,58.6888
France,Savennières,47.3831,-0.6571,15,2665,0.1962,0.9849,16.2008,1838.4066,11.0163,2.0816,383.6823,106.4894,199.7259,0.8733,65.5795,242.0674,347.6143,64.8098
France,Savigny-lès-Beaune,47.0629,4.8186,98,6953,0.0768,0.9769,15.8069,1756.777,10.8069,-0.1624,466.4079,122.6035,197.7416,0.9656,64.2505,307.5677,286.7063,314.4062
France,Savoie,45.4949,6.3847,20,1032,-0.0705,0.6836,13.269,1345.0747,8.5284,-3.5105,622.1374,170.7766,213.6895,1.5374,62.9969,285.7022,332.0065,1052.1359
France,Tavel,44.0127,4.6982,26,3868,-0.0341,0.8942,19.774,2570.6946,13.8952,1.5559,450.9184,136.0078,228.8181,0.6305,74.669,270.8269,355.1357,101.9774
France,Touraine,47.2232,0.6867,164,9740,-0.1376,0.977,16.2056,1855.907,10.7392,1.7253,366.4226,93.4076,196.7019,0.7884,66.2697,233.4983,370.256,86.0147
France,Vacqueyras,44.1383,4.9824,104,15823,-0.078,0.8547,19.5218,2557.7192,13.2535,0.7634,461.3602,141.2485,229.9696,0.652,75.6374,281.1301,343.4836,171.6497
France,Val de Loire,47.4493,-0.3495,10,954,-0.1234,0.9835,16.1701,1825.4744,11.0198,2.1515,380.7143,102.727,199.1558,0.8702,64.888,219.4207,384.01,60.332
France,Var,43.4174,6.2665,7,980,-0.1083,0.9631,18.6954,2222.3328,14.3473,3.1139,349.6317,89.1898,236.4149,0.607,,,,260.2506
France,Vaucluse,43.9939,5.1819,65,7627,-0.0291,0.8821,19.4203,2519.3608,13.3627,0.9989,445.2351,134.466,230.5321,0.6338,75.398,281.9487,334.6606,189.6832
France,Ventoux,48.6778,2.1769,137,10378,-0.1673,0.9759,15.7573,1727.3143,10.955,1.5727,363.4857,95.5836,189.4589,0.7687,,,,104.7052
France,Vin de France,48.8684,2.6877,300,37428,-0.2232,0.9726,15.5233,1702.2021,10.4873,1.2723,367.0349,99.8456,188.8484,0.7845,,,,95.39
France,Vin de Pays,47.1798,-0.4184,76,7499,-0.2166,0.9849,16.2221,1845.339,10.9994,2.0659,382.8908,105.3797,199.6644,0.8667,66.414,245.8102,353.9754,65.5798
France,Vinsobres,44.334,5.061,8,1170,-0.035,0.843,19.1442,2490.3274,12.894,0.5085,480.8204,147.5239,229.1635,0.6905,74.9755,295.1895,324.9417,220.8098
France,Volnay,47.0017,4.7811,46,3191,0.1005,0.9769,15.8069,1756.777,10.8069,-0.1624,466.4079,122.6035,197.7416,0.9656,64.2505,307.5677,286.7063,314.4062
France,Vosne-Romanée,47.1586,4.9548,135,11819,0.2643,0.9761,15.7954,1754.0538,10.8115,-0.1703,466.1293,121.9295,197.5459,0.9674,64.3846,311.4109,269.0163,313.3074
France,Vouvray,47.4137,0.7998,76,12896,0.0971,0.9835,16.1709,1846.9678,10.7675,1.7487,363.9199,92.8294,195.3718,0.7818,67.839,259.0715,282.7885,94.7318
Italy,Venezia,45.4372,12.3346,35,2868,-0.3258,0.9384,19.6851,2472.3306,14.763,-0.2106,549.1549,162.8667,207.9873,1.0187,,,,7.1009
Italy,Abruzzo,42.2277,13.855,316,68093,-0.0062,0.913,18.2235,2106.5964,14.0265,1.4156,411.4982,121.0245,230.3813,0.7695,,,,467.2202
Italy,Alghero,40.5587,8.3153,8,2008,-0.0493,0.9849,20.0893,2405.8184,16.2574,5.4935,263.4706,47.8129,244.5473,0.5774,,,,126.9318
Italy,Asti,44.826,8.2027,123,15626,-0.2312,0.9787,19.1554,2312.2031,15.1297,0.8198,403.0983,107.6839,223.4408,0.7628,72.9704,295.968,244.49,265.7257
Italy,Bagnoli,40.8173,14.167,2,547,0.1524,0.953,20.5923,2531.7488,16.4244,4.153,381.0986,102.6086,233.5656,0.8691,,,,55.1695
Italy,Barbaresco,44.7193,8.0769,154,42780,0.2365,0.9824,19.1477,2296.9153,15.1823,0.9625,385.4006,102.1395,225.3424,0.7199,73.4358,291.5057,262.6907,299.2903
Italy,Bardolino,45.5312,10.6918,136,14639,-0.3803,0.949,18.6464,2292.4321,13.8406,-1.0967,525.4984,154.5565,206.3792,0.9399,,,,265.7914
Italy,Barolo,44.6147,7.9394,559,184451,0.1813,0.9829,19.1265,2287.71,15.143,0.9849,384.6794,101.3654,226.4469,0.7132,73.7523,289.1029,271.7132,321.1873
Italy,Basilicata,40.5006,16.082,72,5396,0.0329,0.9665,18.8757,2173.0894,15.1187,2.9125,318.1984,88.3171,228.5616,0.64,,,,474.3354
Italy,Boca,45.6812,8.4069,2,648,0.0137,0.9261,17.8357,2173.1108,12.6326,-2.2207,571.0038,157.0701,213.1953,1.1324,61.7646,231.8902,319.6816,262.42
Italy,Bolgheri,43.234,10.6179,52,34725,0.1476,0.9775,19.5159,2353.7717,15.5187,3.7434,354.7573,101.2494,230.4701,0.6788,,,,147.296
Italy,Breganze,45.7037,11.5767,11,1699,-0.0486,0.8848,19.5531,2453.4348,14.8256,-0.4914,598.7324,174.2338,205.4381,1.1772,67.6559,310.0027,295.2104,195.88
Italy,Brindisi,40.6359,17.6885,29,7278,0.0601,0.9832,20.8406,2530.3237,17.2535,4.9836,261.532,76.4441,235.6759,0.5113,,,,116.8382
Italy,Calabria,39.0566,16.525,28,2841,0.0508,0.8833,19.8517,2261.3069,17.113,5.0908,358.0807,96.3034,234.5435,0.8082,,,,396.5994
Italy,Campania,40.8607,14.844,224,33652,-0.0304,0.967,19.0134,2210.7832,15.2036,2.8418,330.4817,89.2809,228.9467,0.6788,,,,420.838
Italy,Cannonau di Sardegna,40.2568,9.622,22,5544,-0.1764,0.97,19.6512,2247.0103,16.4345,4.9737,231.9887,53.1603,239.2456,0.5204,68.9342,250.9645,402.8276,444.0572
Italy,Carmignano,45.1496,11.6494,14,2879,0.1624,0.9492,20.521,2622.9583,15.9609,0.271,478.18,142.2988,210.1836,0.9079,73.8804,334.213,231.1151,25.0938
Italy,Chianti,43.6069,11.332,424,123511,-0.3102,0.9732,19.3335,2403.3013,14.4584,2.4101,453.9871,117.2408,227.2596,0.9199,73.1201,331.222,300.6796,255.3132
Italy,Cirò,39.3817,17.0614,12,2116,-0.2247,0.9686,20.7242,2455.2971,17.699,5.632,293.9562,72.3768,236.6599,0.6728,,,,218.3494
Italy,Colli Berici,45.4235,11.5025,18,2201,-0.042,0.9147,20.2246,2580.3252,15.51,-0.1004,568.9423,165.9022,207.359,1.1094,69.7829,318.709,275.4708,82.3111
Italy,Colli Euganei,45.3106,11.7101,9,445,-0.034,0.9445,20.3241,2577.3416,15.7811,0.1773,515.9977,153.1056,209.1885,1.0007,72.8957,318.929,251.2965,36.0137
Italy,Collio,45.8093,10.3329,117,9702,0.0461,0.8456,17.4365,2056.9551,12.9234,-1.9866,582.8649,173.4515,203.827,1.0595,64.4543,274.4656,315.714,464.9878
Italy,Controguerra,42.8557,13.8195,14,3690,-0.2075,0.9558,18.9063,2289.5957,14.0525,1.4439,426.9052,128.4829,228.1764,0.7753,77.3084,370.2403,187.8386,248.4532
Italy,Copertino,40.2717,18.0503,5,955,-0.0339,0.9706,21.4008,2606.0989,18.0594,5.8442,260.6793,77.2484,237.1453,0.5147,,,,54.7109
Italy,Cortona,43.2753,11.9851,17,3990,0.0292,0.9777,18.6891,2267.4219,14.055,1.6717,421.1493,112.1778,223.974,0.8251,73.5351,336.7086,262.5952,358.469
Italy,Costa Toscana,44.3848,9.8467,12,2567,0.1428,0.8086,16.606,1895.0305,11.8277,-0.3539,642.3915,164.8985,219.0315,1.5304,64.7335,313.9879,294.5421,503.5218
Italy,Dogliani,44.5322,7.9541,12,3038,-0.1475,0.9812,19.0468,2267.5837,15.1017,1.019,385.6526,101.6612,226.6418,0.7183,73.7582,290.4844,273.9809,341.5708
Italy,Emilia-Romagna,44.5257,11.0394,365,34844,-0.1704,0.9465,19.6561,2513.7556,14.514,-0.1682,457.4679,128.8082,215.6622,0.8729,,,,98.7806
Italy,Etna,37.751,14.994,89,24650,0.0066,0.9795,18.5836,2068.3501,15.6557,3.1697,266.6522,76.7757,241.3569,0.5885,68.9997,271.3563,367.9505,821.8985
Italy,Franciacorta,45.6124,10.0533,74,12735,0.0283,0.9164,18.8853,2337.7146,14.1622,-1.2076,625.1972,185.8933,205.757,1.132,67.1691,292.843,307.5748,217.0733
Italy,Frascati,41.8082,12.6804,8,1276,-0.2617,0.9669,20.4225,2561.4819,15.9383,3.4054,360.6514,96.006,233.1359,0.7435,71.8649,326.2577,289.4623,187.0935
Italy,Friuli Aquileia,45.7696,13.3698,19,786,-0.3125,0.7962,19.1766,2415.6062,13.8635,0.1761,868.1226,266.8269,199.2103,1.6807,,,,80.5738
Italy,Friuli Grave,45.9925,12.8872,45,2876,-0.3116,0.9164,19.3537,2418.4746,14.3344,-0.0145,751.4304,223.2679,200.9665,1.4398,69.5252,298.1872,261.2456,78.1825
Italy,Friuli-Venezia Giulia,46.151,13.0559,701,53413,0.0303,0.804,18.5595,2273.4377,13.5719,-0.6432,787.6814,236.2901,200.0555,1.567,,,,200.4003
Italy,Garda,45.5788,10.6848,20,2005,-0.1574,0.949,18.6464,2292.4321,13.8406,-1.0967,525.4984,154.5565,206.3792,0.9399,,,,265.7914
Italy,Gattinara,45.6142,8.3711,21,7604,0.2047,0.9441,18.0909,2218.4897,12.876,-2.064,560.8942,153.9942,213.8119,1.1058,62.1044,231.6421,317.0075,220.5884
Italy,Gavi,44.6886,8.8061,146,22447,-0.0319,0.9455,18.9788,2322.8442,14.6067,0.4936,507.704,141.6499,218.6753,1.0198,70.7841,321.6644,210.8439,232.1357
Italy,Ghemme,45.5983,8.4209,8,880,0.185,0.9385,18.1666,2236.4709,12.9096,-2.0972,569.1398,156.3216,213.345,1.1308,,,,207.664
Italy,Gioia del Colle,40.7967,16.9236,6,1000,0.2954,0.9804,19.8451,2399.9585,15.6076,3.415,300.0934,85.8711,232.6822,0.581,,,,250.315
Italy,Ischia,40.7342,13.9471,2,310,-0.0095,0.931,20.4362,2462.5918,16.7243,4.6552,366.8701,99.549,234.7546,0.8583,,,,71.8671
Italy,Langhe,44.4979,7.9765,439,69628,-0.0371,0.9735,18.8829,2228.8469,15.002,1.0451,388.9534,102.4298,227.0854,0.7308,73.8099,291.3198,281.6558,381.721
Italy,Lazio,41.9802,12.7668,104,17774,-0.0301,0.9284,18.7891,2247.4727,14.4956,1.9601,356.2968,97.5153,230.2931,0.6934,,,,403.3816
Italy,Liguria,44.4778,8.7026,30,2197,0.0373,0.9564,18.7798,2260.3005,14.5516,0.4607,447.3789,121.3454,222.1185,0.8699,,,,318.6116
Italy,Lombardia,45.5704,9.7733,234,31067,0.1212,0.9137,18.6584,2332.3879,13.6352,-1.3537,527.9164,152.2212,211.1755,1.0083,,,,220.0513
Italy,Lugana,45.4615,10.6228,40,9882,0.2336,0.9547,19.0424,2378.4224,14.1326,-1.0039,523.806,153.1839,207.5049,0.9338,,,,186.8319
Italy,Marche,43.3458,13.1416,183,19992,0.0338,0.9487,18.557,2219.5781,13.9702,1.1988,458.5977,133.7182,222.6445,0.8469,,,,357.7263
Italy,Marsala,37.7979,12.4342,26,1935,-0.1007,0.7918,22.2515,2706.8809,19.7927,8.2001,181.9114,44.8361,251.3521,0.3887,,,,66.5931
Italy,Modena,44.5385,10.936,14,2041,-0.2407,0.9466,19.5959,2543.8416,14.0798,-0.8051,452.9111,124.6455,215.9037,0.8339,75.2121,400.2576,127.3435,114.0264
Italy,Molise,41.6847,14.5956,22,4795,-0.1846,0.9546,18.7123,2132.584,15.1445,2.5622,317.4863,88.5518,228.2604,0.6101,73.2254,366.2579,220.8478,496.2814
Italy,Monferrato,45.3241,8.423,68,5303,-0.1647,0.9683,18.7101,2310.6992,13.76,-1.324,507.6502,137.6257,216.3282,0.992,65.795,248.9603,301.1883,154.228
Italy,Montecucco,41.9802,12.2162,18,2881,-0.1067,0.911,20.237,2498.8171,16.3297,3.9787,184.8869,49.4403,232.9316,0.3816,,,,151.7267
Italy,Montefalco,42.8919,12.6501,27,6755,0.0256,0.9665,18.5754,2258.7932,13.8157,1.1044,377.9673,105.2567,224.5595,0.6864,74.9335,355.5943,227.115,406.8827
Italy,Montefalco Sagrantino,42.8942,12.6532,13,3129,0.3262,0.9665,18.5754,2258.7932,13.8157,1.1044,377.9673,105.2567,224.5595,0.6864,74.9335,355.5943,227.115,406.8827
Italy,Morellino di Scansano,42.7126,11.2281,42,11474,-0.2668,0.982,19.6607,2414.1614,15.5652,3.4084,286.6729,83.6968,232.2831,0.5634,,,,136.874
Italy,Nardò,40.1763,18.0306,1,494,0.2685,0.9691,21.4399,2606.3503,18.1609,5.9408,263.7704,77.4595,237.2,0.5231,,,,60.0023
Italy,Nizza,37.9926,15.4119,5,375,0.0629,0.9707,20.2103,2325.5662,17.6772,5.2488,278.1628,80.8945,240.7407,0.59,67.4443,268.9907,379.5182,478.0417
Italy,Noto,36.8909,15.0706,2,1746,-0.0075,0.9054,22.2016,2673.9739,20.0335,7.8185,158.2869,42.314,250.9973,0.3715,75.5703,351.1494,248.9527,85.9102
Italy,Nuragus di Cagliari,39.7762,9.0381,2,385,-0.0855,0.9716,20.4977,2486.0383,16.4325,4.5546,233.5445,53.3352,240.9513,0.5134,69.4548,270.1425,379.4191,360.954
Italy,Offida,42.9386,13.7175,15,1725,-0.1561,0.9577,18.9117,2291.4683,14.0561,1.4403,424.1974,127.2468,227.4422,0.7696,77.5447,376.6505,183.937,247.4657
Italy,Orvieto,42.7186,12.1088,15,4617,-0.1343,0.983,18.9993,2305.2471,14.7922,2.1499,248.9108,67.4791,227.6346,0.4716,72.4957,328.6635,256.2563,335.7946
Italy,Piemonte,45.0607,7.9235,1117,174271,-0.0009,0.9079,17.9571,2124.5527,13.6713,-0.5658,482.8407,129.6128,221.1809,0.9594,,,,403.5102
Italy,Pomino,43.8151,11.5506,6,2002,-0.024,0.9411,18.5997,2265.3938,13.7028,1.4981,527.3072,131.9837,223.4771,1.1168,70.7218,329.7564,284.4299,363.6335
Italy,Primitivo di Manduria,40.4059,17.6361,191,103443,0.2838,0.9851,21.029,2566.4209,17.4418,5.0737,259.3081,76.2324,235.6292,0.5054,,,,93.1916
Italy,Prosecco,45.7084,13.7336,418,45191,-0.2787,0.7267,18.6707,2267.551,13.9137,0.6204,833.5687,259.3907,199.7761,1.6629,,,,166.8949
Italy,Provincia di Pavia,45.0369,9.1378,27,3108,-0.1229,0.956,18.8624,2362.4978,13.8983,-1.0423,497.8598,141.3076,214.5988,0.9875,70.807,314.5689,264.9265,180.6974
Italy,Puglia,40.9843,16.621,748,229682,-0.0263,0.958,19.6613,2342.7202,15.6809,3.4293,295.6656,82.6828,230.1036,0.5696,,,,338.97
Italy,Reggiano,44.4002,10.4178,11,2067,-0.2058,0.8668,17.5107,2124.4211,12.0985,-1.4882,569.7487,152.1322,217.2373,1.1877,71.4033,369.2353,192.3719,399.0116
Italy,Roero,44.7958,7.8869,99,13830,-0.0366,0.9816,19.1182,2299.0872,15.0211,0.7128,401.3238,104.6001,226.0945,0.7269,72.2378,282.7406,267.107,301.0915
Italy,Ronchi di Brescia,45.7613,10.5789,9,1561,0.0491,0.8091,16.911,1945.3138,12.4406,-1.9707,506.5776,150.9204,203.6037,0.9207,,,,552.2454
Italy,Rosso Veronese,45.6287,10.8083,24,5803,-0.0096,0.9376,18.2686,2209.3467,13.5728,-1.1178,526.1212,155.493,205.1446,0.9493,,,,341.7634
Italy,Ruchè,45.599,10.4216,5,1784,0.0081,0.9144,18.7507,2304.4028,14.0725,-1.0709,548.9246,160.8432,206.5754,0.9826,,,,228.2738
Italy,Salento,40.2486,15.1901,281,83648,-0.0023,0.9519,19.3161,2182.563,16.2744,4.4518,366.9167,101.119,231.6966,0.8256,69.2269,325.3669,289.3169,395.9047
Italy,Salice Salentino,40.3857,17.9637,104,17666,-0.1122,0.9745,21.3446,2604.6204,17.9428,5.6829,255.3519,75.84,236.8617,0.4989,,,,52.9694
Italy,Salina,38.559,14.8359,4,439,-0.0289,0.8833,21.5366,2487.8247,19.7892,8.288,272.3289,88.867,242.5263,0.5422,,,,266.5898
Italy,San Gimignano,43.4678,11.0432,48,4815,-0.0748,0.9786,19.4384,2410.5156,14.7033,2.7027,420.4936,113.1245,228.7291,0.8358,73.5301,331.5207,298.4794,214.6933
Italy,Sannio,41.062,14.8538,13,915,-0.2252,0.975,18.5484,2109.3271,14.8911,2.4276,353.1509,93.0035,229.3422,0.7531,72.4144,347.8529,253.2692,478.469
Italy,Sant'Antimo,40.9457,14.2314,13,1110,0.0103,0.9655,20.3245,2480.1794,16.188,3.7666,382.7087,102.4635,232.9452,0.8661,,,,102.3031
Italy,Sardegna,40.0913,9.0306,46,16336,0.0364,0.9714,20.3618,2443.8223,16.5457,4.9801,238.3205,50.894,241.9971,0.5287,,,,296.2013
Italy,Sicilia,37.5878,14.155,254,56532,-0.1045,0.9402,21.1994,2516.3328,18.7554,6.5543,175.8537,44.6282,249.8276,0.3889,,,,271.0016
Italy,Soave,45.4359,11.2425,93,10310,-0.1882,0.9133,19.7151,2500.3521,14.8666,-0.5164,554.9946,161.8995,206.5912,1.0443,69.5113,294.0218,304.1671,167.1983
Italy,Südtirol-Alto Adige,46.6559,11.2302,490,88424,0.0927,0.4891,12.5601,1190.3734,8.488,-4.6002,561.5965,171.9033,196.8058,1.299,62.6292,198.8396,431.3002,1267.0721
Italy,Taburno,41.1315,14.6459,17,1104,-0.0492,0.9804,19.2705,2253.1094,15.4392,2.9224,369.4798,96.4891,230.2785,0.7891,71.9087,331.2734,270.7314,355.5783
Italy,Taurasi,41.0084,14.9574,16,4148,0.2101,0.9735,18.2449,2049.7722,14.6438,2.1995,342.7542,90.757,228.7803,0.7284,72.8395,355.9645,247.0696,524.719
Italy,Torgiano,43.0285,12.4414,11,3572,-0.1209,0.9731,18.7281,2288.8018,13.9945,1.2782,404.9743,113.7124,222.9289,0.7549,74.2981,353.6681,236.7122,366.7102
Italy,Toscana,43.4587,11.1389,1592,470759,0.0733,0.9638,19.1521,2352.6909,14.5675,1.8287,404.3701,110.2164,224.9224,0.8055,,,,232.8604
Italy,Trentino,46.103,11.1297,181,21545,-0.1678,0.7793,15.521,1688.5381,11.1272,-2.5067,516.7668,155.1931,200.1722,1.0219,65.0749,228.4335,400.7785,813.5001
Italy,Trentino-Alto Adige,46.4415,11.2821,212,29240,0.0516,0.7331,15.6713,1732.2457,11.2332,-2.7196,574.9621,171.6182,200.1851,1.1992,64.2475,240.4347,382.0605,756.597
Italy,Trento,46.103,11.1297,38,13143,0.1166,0.7793,15.521,1688.5381,11.1272,-2.5067,516.7668,155.1931,200.1722,1.0219,65.0749,228.4335,400.7785,813.5001
Italy,Umbria,42.9659,12.4902,192,25303,-0.1009,0.9573,18.4571,2203.9565,14.0124,1.4117,399.1942,110.7557,224.429,0.7484,72.9702,343.0445,247.4172,424.5849
Italy,Valdadige,40.7329,16.5736,7,7700,-0.0303,0.9812,19.8117,2393.6692,15.5426,3.2854,306.4907,88.0412,229.9343,0.5824,75.7375,334.4821,223.0845,315.1988
Italy,Valle d'Aosta,45.7301,7.3874,39,4169,-0.0406,0.4618,11.3588,1000.6138,7.8646,-5.2847,576.0556,150.2383,217.0792,1.5683,62.0843,244.4696,358.2703,1428.3235
Italy,Valle d'Itria,40.753,17.3288,4,308,0.1107,0.9807,20.0059,2404.5034,16.0693,3.8947,284.3866,81.0423,234.2192,0.5613,,,,226.8212
Italy,Valpolicella,45.5395,10.9522,318,79789,0.0562,0.9372,18.6861,2298.3794,13.8883,-1.032,528.5261,155.5635,205.8943,0.9592,,,,287.1499
Italy,Valtellina,46.3234,10.2584,24,2302,0.022,0.3324,10.8615,886.4434,6.9082,-6.424,458.6817,142.5204,199.5555,1.061,64.2916,202.2473,423.8852,1500.6215
Italy,Valtellina Superiore,46.2845,9.8488,41,6333,-0.0316,0.3371,11.0684,885.2933,6.5863,-6.9317,590.749,188.2817,201.6099,1.3031,60.32,186.3724,450.3072,1448.3811
Italy,Veneto,45.6477,11.8665,1373,247329,-0.0313,0.893,18.8194,2318.5049,14.0478,-0.84,545.067,161.1406,205.9323,1.0455,,,,249.2233
Italy,Verduno,44.6722,7.9363,7,2408,0.0729,0.9827,19.1411,2296.9077,15.1156,0.874,388.8818,102.2956,226.0264,0.7172,73.2808,287.2529,267.327,306.2954
Italy,Vernaccia di San Gimignano,43.468,11.042,85,7480,-0.137,0.9786,19.4384,2410.5156,14.7033,2.7027,420.4936,113.1245,228.7291,0.8358,73.5301,331.5207,298.4794,214.6933
Italy,Verona,45.4425,10.9857,173,38371,0.1177,0.9307,19.3981,2442.3811,14.5283,-0.6979,526.7,153.9006,207.3805,0.9701,,,,181.428
Italy,Vesuvio,40.8214,14.4262,8,825,-0.2627,0.9683,19.7751,2360.2219,15.7974,3.5039,398.0765,103.7662,230.8676,0.8788,,,,256.3846
Italy,Vittoria,36.9515,14.5305,3,524,-0.1745,0.9579,21.2138,2525.1833,18.7697,6.5381,162.4325,39.9632,250.1271,0.3719,,,,226.1454
Italy,Delle Venezie,45.3485,11.9572,203,32822,-0.2595,0.9605,19.9833,2499.8494,15.4525,0.0923,513.3145,152.4932,209.2163,0.9869,73.9156,311.2345,256.6328,21.4441
United States,New York,40.7127,-74.006,42,1262,-0.4458,0.9336,18.1242,2186.991,13.775,-4.8,737.375,213.85,197.6393,1.2565,,,,50.0
United States,Alexander Valley,38.6712,-122.8279,187,42124,0.2461,0.8428,18.0646,2296.834,10.4666,3.0211,151.6596,6.4611,249.455,0.777,60.3981,248.4587,369.5961,220.2458
United States,Amador County,38.4491,-120.5911,71,7776,-0.0666,0.875,21.0583,2936.4949,13.1456,2.7566,129.4608,5.9199,263.9337,0.4582,61.211,208.6998,423.151,223.8026
United States,Anderson Valley,39.06,-123.4305,77,9633,0.2887,0.842,17.4587,2203.5825,9.7377,2.4394,175.0749,9.1374,246.6567,0.8626,59.5431,262.5014,371.2552,325.8519
United States,Arizona,34.3953,-111.7633,31,525,-0.0022,0.3775,23.4235,3416.2446,16.2068,-0.2557,197.1216,92.7808,274.666,0.2016,,,,1118.9406
United States,Arroyo Grande Valley,35.16,-120.5306,13,1414,0.0804,0.8233,16.9725,1955.0742,10.812,3.9483,76.2494,2.9776,259.7386,0.3793,,,,223.4732
United States,Atlas Peak,38.4507,-122.2628,14,831,0.3556,0.8982,18.7477,2422.075,11.2025,3.4061,123.0223,4.6095,252.4745,0.6038,61.5106,303.7569,282.235,179.091
United States,Calaveras County,38.2558,-120.4981,42,1020,-0.0691,0.8015,20.9744,2917.592,13.136,2.4081,133.2146,6.1595,264.493,0.4623,62.209,213.0892,385.1801,280.5787
United States,California,36.7015,-118.756,1831,684071,-0.1405,0.8908,22.8427,3284.8896,14.9058,2.619,47.6986,1.5281,272.5865,0.1428,,,,100.1254
United States,Calistoga,38.5788,-122.5797,120,26118,0.2095,0.8991,18.4744,2377.7415,10.8571,3.2144,133.2688,5.2043,251.5435,0.6644,61.3325,276.6508,324.1413,201.4033
United States,Carmel Valley,36.4797,-121.7324,29,1128,0.1543,0.9394,16.8501,1907.6475,10.9978,3.8555,73.1641,4.3459,256.1564,0.372,,,,188.7091
United States,Chalk Hill,34.165,-118.5795,15,2194,0.1541,0.7061,19.5067,2352.0364,14.8107,6.6697,49.2523,2.8515,251.3435,0.2491,,,,326.267
United States,Chalone,36.4368,-121.1858,10,641,0.0126,0.8628,17.8235,2206.2598,10.7292,3.2647,61.902,4.0051,258.6662,0.2953,70.3796,240.41,433.9446,201.8797
United States,Chehalem Mountains,45.3651,-123.0103,17,645,0.0696,0.362,15.3644,1803.0499,9.2467,1.3945,329.7664,49.7129,198.3402,1.3615,56.4324,335.8676,160.4088,116.0633
United States,Clarksburg,39.2806,-80.3445,16,2798,-0.1065,0.8982,17.7675,2222.209,11.7655,-5.7126,692.9556,181.7914,201.9158,1.2388,51.853,314.021,191.1899,362.5048
United States,Columbia Gorge Washington,45.6575,-121.0745,11,473,0.0192,0.8441,16.1948,2096.53,9.0011,-1.8782,142.8908,22.7097,223.1076,0.4947,66.0671,166.9818,367.4858,375.3599
United States,Columbia Valley,47.564,-122.2754,509,104866,-0.067,0.3553,14.4454,1519.2172,9.6815,1.3833,397.1167,76.3254,187.4633,1.3974,,,,89.8266
United States,Dundee Hills,39.1717,-94.5793,64,12652,0.0922,0.544,19.9865,2573.9199,13.9486,-6.7626,737.7672,199.8117,218.8007,0.882,,,,287.122
United States,El Dorado,38.7574,-120.5276,24,373,-0.0194,0.8321,20.3559,2771.2178,13.0306,2.2133,168.4062,8.2525,263.9843,0.5878,,,,419.6234
United States,Elkton Oregon,43.6371,-123.5674,3,302,0.0953,0.7264,15.781,1906.0173,9.051,1.7818,393.9901,52.1199,213.5863,1.4147,56.21,370.0054,243.3659,243.0489
United States,Eola-Amity Hills,45.0986,-123.1234,36,3401,0.1855,0.3108,15.4177,1820.8336,9.2337,1.4354,330.1241,49.427,199.6492,1.3642,56.5128,348.8181,150.1712,119.8698
United States,Finger Lakes,42.9102,-76.9203,189,7414,-0.0288,0.4652,15.3439,1763.2305,10.4083,-8.7235,588.8668,166.4314,193.5949,1.1529,,,,312.4499
United States,Horse Heaven Hills,41.6173,-73.2837,53,11518,-0.0727,0.5754,16.1022,1879.8762,11.3219,-8.1771,734.1459,202.359,195.0779,1.5228,49.7982,117.3118,518.2853,231.9803
United States,Howell Mountain,38.5813,-122.4511,43,6216,0.546,0.9373,18.5829,2396.1204,11.0434,3.2669,129.6925,4.9773,252.2194,0.6423,61.6434,286.3555,308.9404,221.2912
United States,Illinois,40.0797,-89.4337,34,823,-0.0808,0.153,18.2068,2272.8425,12.1293,-8.5195,684.9318,167.472,206.6065,1.0459,60.5281,334.0613,54.2635,229.6526
United States,Lake County,39.1246,-122.794,36,4117,-0.034,0.83,18.1923,2354.092,10.3824,2.4984,154.1348,7.4147,249.2374,0.772,,,,335.1802
United States,Livermore Valley,37.712,-121.7497,66,15453,-0.0125,0.612,20.0645,2656.9495,12.7987,3.5931,68.5898,3.6168,257.7893,0.2802,69.1871,346.5258,253.8073,143.8904
United States,Lodi,38.1343,-121.2736,171,67672,-0.0407,0.4744,20.7443,2855.1348,12.649,3.1573,79.5367,3.2484,262.1338,0.3167,64.9829,275.8772,311.3634,18.2238
United States,Los Olivos,34.6678,-120.1148,6,1813,0.0123,0.8303,17.341,2055.1389,10.8876,3.857,72.8556,2.7795,258.8727,0.3423,67.6033,261.7799,411.2675,280.5124
United States,Madera,37.1716,-119.7738,11,831,-0.0808,0.7683,22.2618,3186.335,14.0768,2.501,50.0953,1.8218,269.9774,0.1544,,,,74.5186
United States,Maryland,39.5162,-76.9382,26,408,-0.027,0.8897,18.9683,2353.2046,13.8834,-3.9684,693.4578,209.4855,202.3403,1.1253,,,,147.9962
United States,Massachusetts,42.3789,-72.0324,21,324,-0.1342,0.6799,16.3306,1860.5385,12.4052,-6.9138,702.428,197.7144,197.6151,1.4961,,,,62.7042
United States,McMinnville,45.21,-123.1945,12,805,0.0972,0.3224,15.3971,1817.8999,9.2027,1.4262,327.9435,49.118,199.2809,1.3663,56.4174,347.6472,150.0077,118.1962
United States,Mendocino,39.3176,-123.4126,38,2608,-0.0774,0.837,18.0376,2314.2795,10.2884,2.6913,159.8771,7.6491,248.4834,0.8017,,,,307.0761
United States,Mendocino County,39.3176,-123.4126,139,25178,-0.1348,0.837,18.0376,2314.2795,10.2884,2.6913,159.8771,7.6491,248.4834,0.8017,,,,307.0761
United States,Michigan,43.6212,-84.6824,83,1970,-0.0834,0.0695,15.6861,1880.48,10.1321,-9.1495,605.2231,172.9614,197.0394,1.1338,,,,267.5426
United States,Missouri,38.7605,-92.5618,30,655,-0.1983,0.6532,19.9834,2599.8047,13.5576,-5.8397,718.0092,189.4407,218.3785,0.9755,58.7867,301.5288,132.7614,247.9681
United States,Monterey,36.2231,-121.3877,59,20341,-0.1368,0.851,18.5927,2425.9541,10.8126,2.5822,56.5502,3.4123,260.8717,0.2677,,,,231.1294
United States,Monterey County,36.2231,-121.3877,71,19358,-0.1256,0.851,18.5927,2425.9541,10.8126,2.5822,56.5502,3.4123,260.8717,0.2677,,,,231.1294
United States,Monticello,38.0103,-78.4523,35,1244,-0.2365,0.905,19.5675,2500.5674,13.8852,-2.9106,726.0272,221.9104,208.6966,1.1331,53.4295,417.4971,216.8794,195.8625
United States,Mount Harlan,36.6975,-121.4052,2,477,0.2682,0.9461,17.6189,2124.3677,10.9951,3.3746,67.8367,4.1807,257.4524,0.3231,69.8783,238.7862,457.7316,215.1781
United States,Mount Veeder,38.3794,-122.4478,34,5525,0.3897,0.8897,18.6086,2394.1038,11.0715,3.3904,126.7552,4.7867,252.0795,0.6247,61.3247,300.6785,287.1368,185.478
United States,Napa County,38.4899,-122.3218,19,11270,0.1177,0.895,18.7964,2435.2915,11.2173,3.357,123.4232,4.6904,252.4782,0.6054,61.6889,304.5556,284.0704,185.7441
United States,Napa Valley,38.8485,-94.4131,1741,548842,0.338,0.659,19.9305,2567.7751,14.0,-6.875,758.3749,201.475,219.0857,0.9256,,,,288.0
United States,New Jersey,40.0757,-74.4042,30,312,-0.0723,0.7878,18.4999,2251.6462,13.8973,-4.2625,703.3264,214.1536,202.6409,1.2106,,,,53.0612
United States,New Mexico,34.5802,-105.996,22,1278,-0.0439,0.7987,19.9839,2824.8528,12.206,-5.2156,160.0639,65.5422,275.9468,0.1401,,,,1596.207
United States,North Carolina,35.673,-79.0393,74,2585,-0.1586,0.7959,21.5015,2845.3149,16.2846,-0.4509,755.0203,248.9657,216.005,1.0846,50.959,236.2123,450.8684,83.3955
United States,Oak Knoll District,34.1245,-118.1359,18,4526,0.2821,0.6877,20.8364,2588.3418,16.0878,7.7058,51.5331,3.4875,250.2723,0.2384,,,,191.9699
United States,Old Mission Peninsula,44.8765,-85.5151,16,396,0.0129,0.0433,14.4599,1633.1774,10.6853,-8.6589,518.6315,151.9587,197.1981,1.0504,,,,195.8078
United States,Oregon,43.9793,-120.7373,147,32668,-0.0782,0.4347,14.0071,1876.0259,4.4799,-4.1071,126.3952,23.9162,230.49,0.3225,68.9735,186.7755,446.6186,915.767
United States,Oregon Yamhill-Carlton,45.2943,-123.1765,8,1266,0.2673,0.3434,15.365,1809.1508,9.2015,1.4141,328.326,49.2453,198.8019,1.3702,56.3927,345.4801,153.5665,118.3325
United States,Paicines,36.7286,-121.2785,5,685,0.0515,0.9461,17.6231,2125.8359,10.993,3.369,67.8254,4.1814,257.4674,0.3229,69.8842,238.8832,457.628,215.8847
United States,Paso Robles,35.6263,-120.6901,469,113524,0.1534,0.8827,18.8963,2585.4277,10.0816,1.4562,57.0403,2.7795,263.0168,0.2741,70.5568,292.4619,351.7388,317.9835
United States,Pennsylvania,40.97,-77.7279,47,472,-0.1971,0.8598,17.6281,2142.7834,12.238,-5.9499,665.9344,199.1679,197.3879,1.1832,57.2744,258.1247,267.1244,268.6511
United States,Potter Valley,39.3153,-123.1125,6,576,0.0082,0.8233,17.7821,2298.2808,9.7187,2.1025,165.9505,8.8421,247.4278,0.8151,60.0328,262.8214,372.6157,371.1309
United States,Puget Sound,47.7385,-122.4303,33,1857,-0.123,0.2815,13.6448,1270.2493,9.9206,2.529,311.3189,63.5858,185.7507,1.2293,,,,63.5104
United States,Red Mountain,37.1122,-105.1811,39,5037,0.2437,0.0491,11.8506,1422.4688,3.925,-14.8,251.15,87.9,259.7714,0.3397,74.1438,299.0938,360.6556,2613.0
United States,Rutherford,35.3995,-81.9023,152,82557,0.3561,0.836,20.8446,2752.261,15.3863,-0.9304,746.0253,213.2823,221.9565,1.1643,54.7458,343.0988,386.674,290.5789
United States,San Francisco Bay,37.714,-122.3078,44,1325,0.0157,0.753,17.3959,1938.7258,12.3351,5.3177,104.3637,4.1557,250.478,0.5216,,,,146.3671
United States,San Luis Obispo County,35.354,-120.3757,29,545,-0.0519,0.8255,19.1822,2602.2666,10.8337,1.8468,57.397,2.6639,263.5664,0.2668,,,,290.5149
United States,Santa Barbara County,34.7137,-119.9858,179,27653,0.0127,0.8511,19.4821,2561.3669,12.2524,2.7437,57.245,2.6451,263.6295,0.2522,,,,254.2926
United States,Santa Clara County,37.2333,-121.6846,10,435,0.1449,0.8789,18.9166,2359.6025,12.5467,3.8365,88.4251,3.9583,255.9819,0.4113,,,,198.9116
United States,Santa Clara Valley,37.4001,-121.9397,16,444,0.0191,0.9656,19.0083,2395.8967,12.5841,3.9773,90.4132,4.6094,255.4915,0.4073,,,,295.6293
United States,Santa Cruz County,37.0501,-121.9906,9,352,0.0056,0.9545,17.6527,2064.2695,11.9585,4.1765,110.7579,4.628,253.0243,0.5436,,,,273.7981
United States,Santa Cruz Mountains,37.1413,-121.9974,58,4672,0.2939,0.9382,17.7453,2084.7759,11.9853,4.1545,106.9998,4.5079,253.2205,0.5236,,,,255.1675
United States,Santa Maria Valley,34.9938,-120.5449,61,13618,0.2966,0.7912,16.9522,1942.354,10.8211,4.1233,74.6335,2.9025,258.9277,0.3665,,,,219.2478
United States,Sierra Foothills,33.5846,-111.809,88,2388,0.0769,0.0091,28.4791,4266.2563,22.425,5.325,90.8,40.775,278.4178,0.1087,,,,440.0
United States,Sonoma County,38.5111,-122.8473,819,200562,0.034,0.8704,18.4191,2357.917,10.8525,3.3186,135.206,5.3283,251.0408,0.6763,,,,177.8791
United States,Sonoma Mountain,38.323,-122.575,14,1945,0.2957,0.8545,18.5263,2377.4631,10.9391,3.4102,127.5664,4.8278,251.5613,0.6297,60.9501,294.0205,297.7384,152.7313
United States,South Coast,33.704,-117.8804,66,1181,-0.0095,0.6976,20.422,2482.0547,16.0625,7.0915,50.5154,5.6922,248.5476,0.225,,,,155.8964
United States,Spring Mountain District,36.3148,-115.2917,25,3297,0.4939,0.0802,26.9195,3945.125,20.725,2.8,44.775,18.95,284.0321,0.0511,,,,651.0
United States,St. Helena,38.5052,-122.47,203,51333,0.2514,0.9373,18.5829,2396.1204,11.0434,3.2669,129.6925,4.9773,252.2194,0.6423,61.6434,286.3555,308.9404,221.2912
United States,Texas,31.2639,-98.5456,96,3223,-0.1502,0.1571,24.5151,3416.3755,18.4771,1.7651,494.4662,140.9833,243.869,0.4655,70.9929,349.0257,304.5586,412.1699
United States,Virginia,37.1232,-78.4928,100,2446,-0.0592,0.8982,19.6094,2509.9407,13.9301,-2.8792,720.9056,220.329,208.9418,1.1281,53.3498,405.1496,229.5573,193.5092
United States,Walla Walla Valley,46.1524,-118.3489,133,18091,0.1744,0.96,17.0936,2277.6221,9.5786,-1.9948,167.2442,25.1339,230.2443,0.3624,71.2228,172.6261,240.7474,320.0183
United States,Washington,38.8951,-77.0364,124,26133,-0.2142,0.8625,19.5625,2484.0908,14.338,-3.4107,683.8275,209.1543,202.9813,1.0711,,,,101.9166
United States,Yountville,38.4022,-122.3595,28,6766,0.5796,0.8974,18.6776,2406.969,11.1506,3.4074,124.7437,4.6842,252.313,0.6134,61.3955,301.9398,285.2118,182.868
Spain,Catalunya,41.8523,1.5745,359,51412,-0.1886,0.9043,18.4813,2215.5493,13.9198,1.6556,359.8076,106.9327,233.1146,0.55,,,,471.1714
Spain,Alella,41.4956,2.2935,7,712,-0.0961,0.9697,19.251,2291.6311,15.2903,3.0535,390.0216,124.5014,230.0464,0.5696,,,,292.538
Spain,Alicante,38.3436,-0.4882,46,10029,-0.0497,0.9314,21.1634,2712.1953,16.3323,3.6574,175.5611,49.2218,247.5904,0.2402,79.1476,289.8182,322.6425,346.3464
Spain,Almansa,38.8682,-1.0979,23,11352,-0.019,0.8746,19.5685,2570.2,13.1954,0.0896,200.2269,50.8487,250.92,0.2681,79.6263,259.7128,418.2874,774.9323
Spain,Andalucía,37.34,-4.5812,57,4534,-0.2918,0.8174,21.7246,2962.8315,15.3911,3.347,192.1898,30.1963,256.8437,0.3772,,,,461.6765
Spain,Aragón,41.3787,-0.7639,61,12985,-0.2909,0.7537,18.9216,2464.2061,12.2702,0.6618,245.7281,52.3238,238.3885,0.3187,77.2323,283.6415,277.5915,629.1237
Spain,Bajo Aragón,40.9545,-0.21,3,669,-0.0711,0.7969,19.3076,2533.1587,12.4682,0.8033,240.3598,53.7558,242.3047,0.3095,78.0132,258.9143,301.6235,547.8447
Spain,Bierzo,42.6527,-6.6232,128,31081,-0.108,0.8486,16.3293,1892.5332,10.8364,1.4139,493.5938,97.4832,220.8405,1.1737,59.7966,246.1706,381.7328,738.253
Spain,Calatayud,41.3528,-1.6423,67,26121,-0.1582,0.9171,18.0545,2327.9016,10.9376,-0.0303,229.064,44.5751,238.9437,0.2953,76.5324,265.4428,341.2528,775.2788
Spain,Campo de Borja,41.7867,-1.5058,75,33866,-0.0432,0.9296,18.9538,2427.7732,12.9093,1.7167,218.8994,40.7403,234.4892,0.2962,77.9071,318.7496,255.4859,482.5989
Spain,Cariñena,41.3382,-1.2263,117,31571,-0.284,0.7861,18.8229,2455.5552,11.9541,0.5612,222.6842,45.6813,240.2087,0.2636,78.1485,281.0089,301.5427,635.3625
Spain,Castilla,40.4764,-3.68,333,59776,-0.3211,0.838,19.6683,2562.1948,13.3801,1.0975,191.4341,32.6977,246.0531,0.3133,75.866,262.788,415.5692,662.6605
Spain,Castilla y León,41.55,-5.1387,270,61955,-0.0575,0.9566,16.9649,2073.4644,10.7136,0.1938,245.6263,43.504,239.0229,0.455,71.7741,246.2237,441.1364,826.4527
Spain,Cava,42.3166,1.6111,347,57328,-0.3259,0.5015,13.7649,1394.8848,9.063,-2.0342,530.5089,140.5097,232.0771,0.934,66.9663,261.9601,345.7816,1253.054
Spain,Cigales,41.7583,-4.699,11,3764,-0.0066,0.9632,17.1994,2150.4363,10.6714,0.1636,219.7008,35.5019,238.294,0.3811,77.2955,278.8907,348.094,782.8114
Spain,Conca de Barberà,41.4439,1.1885,14,1350,-0.0371,0.9488,18.8612,2308.6128,13.962,1.3937,316.8769,95.1877,235.5405,0.4643,77.4794,291.5948,259.6983,458.5864
Spain,Cádiz,36.5297,-6.2929,13,1900,0.1791,0.8138,22.0987,2810.5579,17.8279,6.689,198.3388,25.6743,264.4901,0.4147,,,,39.9613
Spain,Empordà,42.2902,2.9751,46,6095,-0.2337,0.9661,19.205,2268.6841,15.1005,3.4327,318.8116,91.5417,225.3884,0.4821,,,,147.2229
Spain,Extremadura,39.1748,-6.153,19,3541,-0.0649,0.8306,21.0598,2813.5615,14.9014,3.2467,225.706,34.8732,258.2494,0.411,63.7998,213.7872,482.0111,394.0268
Spain,Galicia,42.6195,-7.8631,104,22558,0.0004,0.6497,16.0388,1694.2446,11.9419,3.5787,624.691,126.0427,210.7383,1.6579,,,,496.2193
Spain,Islas Baleares,39.6134,2.8829,19,2269,-0.092,0.9745,20.7801,2551.9297,16.9542,5.1137,250.0119,74.2014,239.9481,0.484,,,,136.7429
Spain,Jumilla,38.4735,-1.3285,135,65799,-0.0466,0.9364,20.3966,2700.2117,14.291,1.1872,178.9905,43.8668,252.805,0.2434,80.6572,274.6508,403.7282,630.1808
Spain,La Mancha,37.8752,-6.521,158,27051,-0.3773,0.8501,20.4964,2698.5029,14.4505,3.1388,245.6642,34.0632,263.9788,0.4567,61.1684,222.6607,440.4698,544.3251
Spain,Lanzarote,29.0397,-13.6363,24,3809,0.0348,0.0987,21.5022,2527.1912,18.4357,12.1195,24.6382,4.7597,259.9842,0.0823,,,,238.7154
Spain,Madrid,40.4168,-3.7035,57,8220,-0.2009,0.838,19.6683,2562.1948,13.3801,1.0975,191.4341,32.6977,246.0531,0.3133,75.866,262.788,415.5692,662.6605
Spain,Mallorca,39.6134,2.8829,21,7503,0.0971,0.9744,20.7786,2553.0571,16.938,5.0971,249.9855,74.1994,239.9385,0.484,,,,137.6642
Spain,Manzanilla,37.3887,-6.4316,30,2451,-0.4413,0.9101,22.6521,3039.7175,16.9014,5.5475,197.4436,27.7923,262.9809,0.3663,69.0052,249.3993,458.1719,79.3049
Spain,Monterrei,41.9488,-7.5058,14,1869,-0.0661,0.676,16.0691,1761.703,11.4352,1.9914,633.2318,112.0724,224.0329,1.6129,53.2957,182.6656,536.5539,720.2155
Spain,Montsant,41.2796,0.8201,97,22139,-0.1117,0.927,19.7628,2517.427,14.4551,1.6852,269.688,74.5737,237.2788,0.3894,77.5412,298.404,248.6486,367.2773
Spain,Málaga,36.7648,-4.4422,14,1554,-0.0237,0.9552,20.6324,2669.5322,15.2577,3.9801,187.2497,30.9234,257.8459,0.4259,73.3577,331.1187,311.2148,532.8196
Spain,Méntrida,40.2379,-4.1946,8,2787,-0.1954,0.8432,20.3084,2650.8542,14.2806,1.8662,175.2574,29.3206,250.2314,0.2725,74.4721,268.4793,478.3887,576.1296
Spain,Múrcia,37.9348,-1.1131,23,2820,-0.29,0.9062,22.542,2975.3606,17.6675,4.6542,143.5268,38.82,249.5154,0.2033,80.0601,343.3211,233.3478,166.3808
Spain,Navarra,42.7028,-1.7086,280,40523,-0.2518,0.9395,17.7888,2152.7222,12.4707,2.0094,288.0672,55.4816,221.226,0.5105,75.2254,325.3181,234.6526,489.8234
Spain,País Vasco,42.9912,-2.5543,12,4669,0.1258,0.9389,17.0768,2018.7079,11.6537,1.817,302.8476,59.2305,216.9139,0.589,,,,533.4999
Spain,Penedès,41.3464,1.6995,164,82900,-0.1135,0.9673,19.472,2332.8684,15.5598,3.1994,340.1885,112.2211,232.2831,0.5033,76.8652,270.9619,297.7635,261.6458
Spain,Priorat,41.2138,0.8116,224,71111,0.1868,0.9146,19.6533,2479.5525,14.5132,1.9195,279.4485,78.2511,237.3202,0.4062,76.9913,294.6735,258.5658,386.1438
Spain,Ribeira Sacra,42.5196,-7.5141,21,3294,-0.1472,0.6892,16.2672,1815.2079,11.4888,2.7035,671.6003,131.2031,212.7034,1.7452,52.4709,176.3324,515.116,580.6231
Spain,Ribeiro,42.3199,-8.1523,19,2065,-0.0809,0.6718,16.615,1835.2069,12.3217,3.2971,630.8017,123.1615,213.8519,1.7057,51.7336,177.2189,524.4067,499.9837
Spain,Ribera del Duero,41.6591,-3.6816,522,331814,0.1863,0.9491,17.0676,2129.8591,10.4167,-0.286,199.0794,35.2788,236.0741,0.3421,78.2189,275.6263,349.1127,868.9749
Spain,Rioja,42.3286,-2.4675,1475,714290,-0.0187,0.956,17.5365,2132.0217,11.8623,1.7027,264.33,49.3567,220.9137,0.4688,76.3173,328.7628,233.7797,526.6668
Spain,Rioja Alavesa,42.5442,-2.5454,29,10924,0.0167,0.9693,17.1451,2064.4658,11.3613,1.5407,264.1402,49.0116,218.9375,0.4903,75.9879,333.8582,235.5679,556.3813
Spain,Rueda,41.413,-4.9598,190,52642,-0.1072,0.9713,17.3341,2165.135,10.6747,0.2385,209.0485,40.2368,242.3176,0.3608,73.943,244.1362,544.408,743.27
Spain,Somontano,42.0884,0.0994,82,22514,-0.1816,0.9409,20.3134,2679.8623,14.8839,1.7188,271.5234,67.4676,236.3907,0.3599,77.3426,300.7167,264.0343,452.3814
Spain,Tarragona,41.1172,1.2546,57,9810,-0.1844,0.9679,19.4671,2342.0388,15.4314,3.108,322.0054,108.0834,232.7779,0.4669,75.8101,265.6507,295.3046,281.6909
Spain,Terra Alta,41.0274,0.4106,59,9377,-0.1636,0.8685,20.4213,2650.3198,14.8226,2.6315,250.9496,63.6285,239.4569,0.3475,77.9282,278.8919,279.1224,319.7079
Spain,Toro,41.5217,-5.394,155,67288,0.124,0.9774,17.335,2140.1792,11.1464,0.6576,242.4691,43.2795,241.3394,0.4473,73.1238,252.9036,466.8476,728.4454
Spain,Uclés,39.9804,-2.8616,4,3161,-0.3465,0.7596,19.7863,2640.3643,12.9813,0.2637,198.6005,29.7558,247.5392,0.3261,78.7397,271.3245,355.5293,787.6528
Spain,Utiel-Requena,39.4881,-1.1002,84,30165,-0.3536,0.8163,19.4057,2502.4956,13.2834,0.6877,204.8833,52.0788,247.9533,0.2716,76.9472,269.2209,387.4477,720.6172
Spain,Valdeorras,42.3483,-6.966,32,6509,0.035,0.8365,16.2079,1858.6764,10.8992,1.4471,511.34,98.0864,221.6549,1.2237,58.4779,233.1236,412.3418,762.8618
Spain,Valdepeñas,38.7595,-3.3847,108,62810,-0.2868,0.7833,21.1814,2973.9285,13.6098,0.3647,181.8827,28.4001,253.8912,0.2839,78.811,328.6305,395.8651,735.6619
Spain,Valencia,39.4697,-0.3763,203,36034,-0.3119,0.9539,21.5663,2662.5288,17.8379,5.7813,200.9725,63.1485,240.4465,0.2857,77.7876,272.3843,361.162,108.0399
Spain,Vino de España,41.4461,-5.7324,68,6370,-0.2758,0.975,17.2426,2112.2573,11.1083,0.7157,284.464,48.9328,242.0037,0.5605,67.9472,232.9888,472.672,751.1281
Spain,Yecla,38.6136,-1.1158,45,19524,-0.2905,0.9258,20.0662,2642.7944,13.9185,0.767,188.3372,46.9694,251.7634,0.255,80.5714,269.6318,409.0447,681.0814
Armenia,Ararat,40.0054,44.7315,6,852,-0.1285,0.2972,15.9476,1885.615,10.8203,-8.5796,238.8321,34.8188,237.96,0.4499,74.5056,286.0247,310.0982,1451.8723
Armenia,Armavir,40.1556,44.0388,2,573,0.1125,0.3263,18.5667,2388.9514,11.7752,-6.9948,185.3085,23.1784,244.4344,0.2917,78.3778,290.5069,284.4608,1014.168
Argentina,Agrelo,-33.1185,-68.8859,45,18768,0.2741,0.4305,19.9579,2677.1448,11.8239,-0.8208,164.6163,59.4294,261.3226,0.1532,80.4146,173.239,596.5617,918.7604
Argentina,Famatina,-28.925,-67.5196,19,1923,-0.2495,0.1804,19.5948,2591.4402,12.4114,-0.2459,162.9813,65.3231,255.4834,0.1214,80.6676,172.2186,519.2956,1470.9177
Argentina,La Consulta,-33.7363,-69.1181,20,4263,0.0679,0.5229,18.2693,2411.6553,9.2388,-2.2451,188.1029,63.0864,256.8985,0.2143,78.8015,147.4906,687.4514,1053.6249
Argentina,La Rioja,-29.7825,-67.1147,44,7374,-0.3915,0.1399,20.926,2814.1982,13.8759,0.622,191.4165,75.1551,254.6291,0.1357,79.1802,175.3036,514.5124,1176.4459
Argentina,Las Compuertas,-33.038,-68.9818,2,615,0.3924,0.4036,19.8738,2660.0974,11.7549,-0.8472,163.9415,58.6775,261.498,0.1529,80.3578,174.4699,596.2771,942.2151
Argentina,Lujan de Cuyo,-33.1085,-69.013,169,112550,0.0487,0.479,20.4682,2771.4478,12.6101,-0.6009,160.6161,61.2255,264.3748,0.1519,80.8824,183.9786,553.3196,833.7761
Argentina,Maipu,-32.9846,-68.7882,15,1866,-0.1086,0.4201,20.6506,2794.2766,12.7802,-0.3115,159.5095,60.2751,263.9864,0.14,80.668,178.6799,570.1909,821.0006
Argentina,Mendoza,-34.597,-68.7305,2404,1272192,-0.0071,0.4001,18.2921,2438.6187,9.8077,-1.9468,204.689,62.6711,257.5302,0.2409,78.2221,162.6899,633.621,938.6207
Argentina,Perdriel,-33.0779,-68.8854,6,1867,0.2326,0.4204,20.1322,2706.9172,12.0667,-0.6996,163.1913,59.4792,262.0567,0.149,80.4862,173.4027,591.2884,898.4827
Argentina,Rio Negro,-40.4812,-67.6146,24,6575,-0.0996,0.1586,19.9416,2741.0706,11.1549,0.5935,164.7999,41.2286,247.835,0.18,78.6726,173.1673,572.8405,147.7058
Argentina,Salta,-25.227,-64.5912,72,23083,-0.0908,0.1389,21.5232,2743.1672,15.6652,4.1559,493.4249,195.0065,222.4134,0.3834,68.5504,247.8165,372.5822,1100.4333
Argentina,San Carlos,-25.7995,-66.0722,6,2522,-0.0975,0.1143,16.5509,1908.2958,10.0814,0.1588,149.3318,57.7721,247.7512,0.1039,73.9192,251.2394,481.3523,2457.4043
Argentina,San Juan,-30.7054,-69.1988,163,61137,-0.2838,0.3452,21.855,3009.6931,14.5151,0.02,200.2366,75.418,275.068,0.1433,80.0207,195.9811,506.1888,760.7707
Argentina,San Rafael,-34.6126,-68.3305,29,12977,-0.2253,0.5593,19.2495,2582.7168,11.2848,-1.2041,211.6354,62.1228,259.9724,0.2174,79.1123,177.5837,602.0922,682.7625
Argentina,Tunuyán,-33.5813,-69.0154,12,5407,0.269,0.5435,18.425,2431.5605,9.524,-2.0499,184.0167,61.6674,256.8777,0.206,79.1865,154.1157,670.0486,1057.2847
Argentina,Tupungato,-33.3579,-69.7695,99,37694,0.0256,0.0864,1.771,61.7976,-3.1891,-12.3256,126.5809,28.001,243.7464,1.4269,70.515,234.6095,544.3771,3743.4656
Argentina,Vista Flores,-33.6509,-69.1555,14,2116,0.0467,0.522,18.2663,2407.2715,9.2807,-2.1869,186.2988,62.1743,256.7984,0.2124,78.943,151.9282,681.2986,1064.8181
Austria,Burgenland,47.5,16.4167,551,41044,-0.0744,0.9455,16.1695,1896.603,10.6531,-2.8868,488.3561,155.2527,195.722,0.8442,65.1523,285.5026,340.761,237.0536
Austria,Carnuntum,48.1141,16.8658,58,2831,-0.0721,0.9803,16.5847,1984.8409,11.1363,-2.6058,440.6436,141.0756,196.8716,0.755,70.4243,294.8512,324.6292,159.2065
Austria,Kamptal,48.4692,15.7021,143,13610,0.0054,0.8027,15.2573,1735.2272,9.6764,-3.2204,446.6639,133.636,186.0471,0.8218,64.6142,257.7986,278.4571,308.4507
Austria,Kremstal,47.9264,14.078,134,11639,-0.1017,0.0076,9.3863,543.7585,5.7474,-6.9132,1103.4508,326.0212,172.3889,3.3031,53.3209,279.2681,328.4758,1438.3053
Austria,Mittelburgenland,47.5045,16.4944,45,3172,-0.0461,0.9322,15.9958,1853.5205,10.5392,-2.9343,509.0611,162.5549,195.5045,0.8678,63.3093,281.373,352.823,273.4019
Austria,Neusiedlersee,47.9258,16.6869,72,3887,-0.0261,0.9796,16.6276,1988.4501,11.2108,-2.5287,442.1433,141.8386,196.8924,0.7476,,,,157.5632
Austria,Niederösterreich,48.2818,15.7632,384,25378,-0.094,0.799,15.4597,1763.9191,9.9685,-3.1788,465.1541,141.8133,189.2156,0.8523,,,,306.1747
Austria,Steiermark,47.25,15.1667,61,1925,-0.1131,0.7294,14.8492,1648.6061,9.018,-4.4906,728.628,237.2841,190.6369,1.4395,57.6569,243.2051,323.1687,501.5249
Austria,Südsteiermark,46.7742,15.667,143,5685,0.022,0.9117,15.6936,1813.0259,9.631,-3.996,724.6407,245.2545,193.9527,1.3696,58.245,250.8272,305.463,340.4779
Austria,Traisental,48.1124,15.6103,8,1273,-0.088,0.7149,15.0034,1673.3224,9.513,-3.3705,483.1012,146.2731,185.9673,0.9262,61.0738,264.0327,286.3263,342.2873
Austria,Wachau,48.3276,15.4116,164,16903,0.107,0.527,14.4614,1571.1448,8.9409,-3.8401,501.11,150.0832,184.5897,1.004,58.8045,243.3038,316.3936,409.8433
Austria,Wagram,48.296,16.5568,70,7085,-0.023,0.9753,16.3241,1924.7815,10.9033,-2.4189,442.1612,135.7188,192.6184,0.7595,,,,204.7193
Austria,Weinviertel,48.4968,16.3347,120,6076,-0.0745,0.9604,15.9561,1867.2593,10.3742,-2.8077,436.0968,132.1361,189.623,0.7548,,,,238.1436
Austria,Wien,48.2084,16.3725,31,1808,-0.0174,0.9725,16.2142,1895.7766,10.8706,-2.316,437.4572,133.5026,191.8374,0.7536,,,,225.2595
Australia,Adelaide Hills,-34.9014,138.8293,114,10269,-0.0089,0.9791,17.6898,2074.8135,11.8516,5.5395,259.2187,46.5221,262.0293,0.5258,,,,349.6285
Australia,Beechworth,-36.3595,146.687,28,2082,0.3068,0.932,18.1594,2305.417,10.9112,2.5729,397.5562,92.3775,251.5923,0.6832,57.5157,227.2614,572.2363,340.9384
Australia,Bendigo,-36.759,144.2827,8,427,0.0592,0.9724,17.232,2094.5977,10.5673,3.0536,291.84,59.8544,242.5511,0.4787,61.4075,242.0455,567.9781,350.1087
Australia,Canberra District,-35.2976,149.1013,10,920,0.0119,0.7479,17.3457,2120.0432,10.6313,0.3831,370.9938,97.9784,252.1023,0.5407,58.7231,176.0819,603.5732,638.2758
Australia,Central Victoria,-31.9734,115.8976,32,1785,-0.1487,0.9682,21.6284,2783.3135,16.6786,8.5933,183.2371,37.6397,288.5001,0.4554,,,,81.1787
Australia,Clare Valley,-33.7891,138.5906,172,27417,-0.004,0.9753,18.7107,2359.0042,11.9508,4.2103,227.0951,38.7099,269.3275,0.3729,72.8126,376.0169,449.973,412.3452
Australia,Coonawarra,-37.2909,140.8347,123,20522,0.0237,0.9844,16.8256,1959.257,10.4617,5.3127,234.782,40.0728,237.778,0.5115,68.1649,368.5681,530.1428,65.0946
Australia,Eden Valley,-34.6667,139.13,73,8603,0.1152,0.9815,18.4784,2276.1582,12.0893,5.0915,217.3302,37.7999,264.6752,0.3945,69.8474,349.187,549.8329,314.3387
Australia,Geelong,-38.1493,144.3598,24,2699,0.3147,0.9649,17.344,1938.2465,12.6141,5.7458,311.2865,69.1309,230.0547,0.4623,,,,79.1533
Australia,Grampians,-36.7188,142.221,5,741,0.137,0.9549,16.3881,1902.9471,10.052,3.6248,277.4618,57.1573,240.3656,0.4951,61.8927,263.4641,561.9891,321.6503
Australia,Great Western,-37.1644,142.8868,16,1238,-0.0035,0.9635,16.4239,1916.3973,10.0086,3.6287,278.1384,57.7756,240.1037,0.4908,61.5723,265.1745,560.4241,320.5762
Australia,Heathcote,-36.9161,144.7033,54,3983,0.1338,0.9701,17.9925,2247.5032,11.2583,3.4397,275.0737,57.3788,243.1124,0.4249,63.4591,247.5634,567.4691,277.8616
Australia,Hilltops,-34.4156,148.5634,4,548,-0.0752,0.7261,17.9764,2249.1487,11.1833,1.1178,348.6313,88.9032,253.3083,0.512,58.6275,180.8887,609.0724,607.7562
Australia,Hunter Valley,-32.4507,150.9262,186,15131,-0.077,0.5636,21.1047,2733.0833,15.1531,4.7796,490.5399,156.6038,243.1249,0.5306,64.2413,321.0207,465.3355,180.678
Australia,King Valley,-36.6948,146.4083,44,1654,-0.1737,0.9391,18.0294,2258.4333,11.0344,2.7145,403.2444,94.1423,249.4951,0.7135,57.6916,232.9471,556.1365,323.1114
Australia,Langhorne Creek,-35.2959,139.0364,65,11939,-0.0782,0.9833,18.4884,2224.4695,12.4791,6.2012,209.1759,40.6922,258.9132,0.3703,,,,145.4726
Australia,Margaret River,-33.9532,115.0769,273,28958,0.0381,0.9725,19.5316,2318.0503,14.8762,9.0352,216.7393,44.7109,276.6397,0.6611,,,,69.5488
Australia,McLaren Vale,-35.2173,138.5417,363,74204,0.075,0.9866,18.0274,2066.8354,12.889,6.5658,241.4039,47.1026,259.8767,0.4933,,,,216.0326
Australia,Mornington Peninsula,-38.3687,144.9993,62,4899,0.1409,0.9081,16.7169,1698.444,13.1413,6.5815,398.1278,90.0309,229.2685,0.7117,,,,74.3515
Australia,Mount Barker,-35.0641,138.8586,7,402,0.0723,0.9827,17.8723,2098.9236,12.065,5.9292,247.5227,46.7042,259.8152,0.4901,,,,269.7247
Australia,Mudgee,-32.5981,149.5886,26,664,0.1177,0.8657,19.1629,2429.4417,12.6845,2.0193,431.206,122.1657,250.3343,0.5271,62.0915,280.429,515.9938,591.3337
Australia,Orange,-33.282,149.0972,37,2697,-0.193,0.8054,17.6351,2122.4917,11.4093,1.6617,446.7363,125.5413,251.5599,0.6199,57.978,265.7026,523.7775,782.9578
Australia,Padthaway,-36.586,140.5219,18,2403,-0.1149,0.9874,18.0081,2249.699,10.7198,5.4079,193.5163,31.5779,245.7968,0.3739,71.2786,348.3673,594.4496,56.7799
Australia,Pemberton,-34.4441,116.0347,11,327,0.016,0.9579,17.5662,1941.9998,13.1606,7.3224,292.451,54.4159,269.6497,0.8354,64.0087,140.7793,763.6238,214.0976
Australia,Port Phillip,-38.1046,144.7799,46,2622,-0.0714,0.9178,16.8004,1721.8607,13.1601,6.4755,385.5984,87.4763,229.4212,0.6757,,,,68.4726
Australia,Pyrenees,-37.3301,143.4238,24,1640,0.1412,0.9525,16.5061,1914.4318,10.2965,3.4897,273.9116,56.0876,242.2856,0.4889,61.1959,258.0252,573.0714,368.3679
Australia,Riverina,-37.7088,144.5468,18,1558,-0.3373,0.9767,17.1882,1963.3777,11.9634,4.9571,320.8413,68.4339,231.9044,0.4522,61.5041,232.911,577.6304,192.5293
Australia,Rutherglen,-36.0539,146.4601,33,1547,0.0226,0.9277,19.7962,2649.6414,12.0755,3.015,267.4717,62.5812,254.8365,0.3953,63.3636,305.0531,511.8633,158.0727
Australia,Southern New South Wales,-34.151,150.2295,8,955,0.2458,0.083,14.2355,1447.3123,8.6249,-0.4417,558.2633,180.8709,240.9291,0.8769,52.5009,222.3336,566.9962,1189.6771
Australia,Southern Tasmania,-42.8518,147.2983,7,739,0.0041,0.825,14.8089,1503.0243,9.7359,3.4184,359.0848,88.1681,211.6608,0.6369,60.0741,260.7006,565.9063,148.1226
Australia,Tasmania,-42.0351,146.6367,106,8548,-0.028,0.81,15.0348,1529.049,10.048,3.6548,351.3939,85.1261,215.6323,0.6474,,,,128.9188
Australia,Victoria,-36.5986,144.678,177,51491,-0.0891,0.9649,18.3205,2271.3237,11.8648,4.1198,317.0172,70.13,243.4324,0.4967,63.661,280.1134,503.1369,193.2063
Australia,Western Victoria,-37.177,142.4665,10,903,0.0163,0.9507,16.6839,1958.3932,10.3377,3.5723,266.6433,54.3817,242.3216,0.471,61.822,258.616,574.355,332.8979
Australia,Yarra Valley,-37.755,145.5225,238,18600,-0.0156,0.9437,17.2021,1944.2139,11.908,5.0823,435.433,95.3199,235.2287,0.7312,,,,162.5155
Bulgaria,Melnik,41.5229,23.3932,37,1708,-0.0554,0.9779,19.0816,2454.0471,12.8852,-1.5609,268.871,53.728,220.3875,0.4983,71.6069,252.3751,467.4031,372.3135
Bulgaria,Pazardjik,42.1884,24.3318,3,1576,0.0623,0.9655,18.3959,2368.8445,11.8011,-3.2242,327.142,75.9244,213.3583,0.5795,69.8709,262.6707,417.1539,303.4386
Bolivia,Tarija,-21.5833,-63.8333,9,770,0.1676,0.0232,21.9405,2833.3088,15.4931,7.156,628.3472,246.5103,209.9858,0.4778,64.2575,298.5557,402.3422,1725.1639
Canada,Niagara Lakeshore,43.2301,-79.1316,20,1256,-0.1653,0.0762,15.8733,1748.1534,12.8152,-6.6866,554.3362,149.3563,199.0263,1.1583,,,,110.4298
Canada,Niagara Peninsula,43.0408,-79.5394,261,15684,-0.1002,0.1071,15.8038,1733.4331,12.794,-6.7346,551.0243,149.85,199.138,1.1663,,,,118.1747
Canada,Niagara-on-the-Lake,43.2556,-79.0723,18,1032,-0.1035,0.0888,15.908,1756.0049,12.8308,-6.6646,554.1937,148.976,199.049,1.1513,,,,102.8984
Switzerland,Bündner Herrschaft,47.017,9.5597,2,305,0.1269,0.4475,13.4376,1254.318,9.0005,-3.4439,811.2615,257.7973,190.2176,1.7615,60.6043,217.1536,401.2329,889.8058
Switzerland,Chablais,46.2914,6.9493,2,846,0.019,0.6468,14.0967,1448.5074,9.4487,-2.9646,617.1901,173.0462,206.3334,1.4095,,,,820.17
Switzerland,Genève,46.2018,6.1466,62,1070,-0.1845,0.894,15.3367,1675.2086,10.1809,-0.7941,606.3277,174.4927,201.7462,1.3233,64.7598,299.3838,350.1047,496.4596
Switzerland,Graubünden,46.6961,9.6027,13,1046,0.3594,0.2587,11.1047,902.7553,6.9099,-6.1139,700.3486,220.1395,198.5605,1.6014,59.4187,189.9348,449.6584,1399.4982
Switzerland,La Côte,46.9431,7.0225,31,629,-0.1349,0.6552,14.1392,1446.3812,9.305,-2.2061,661.7222,197.8656,197.7918,1.4639,62.9276,237.4807,432.8149,634.3542
Switzerland,Lavaux,46.523,6.752,14,344,-0.1137,0.6988,14.8132,1552.7124,10.1967,-1.8415,718.5457,211.9674,200.5093,1.5426,,,,634.8032
Switzerland,Neuchâtel,46.9896,6.9293,39,1350,0.0362,0.6422,14.0663,1427.1451,9.3219,-2.1819,667.131,199.6498,197.7681,1.4959,62.7343,248.3403,415.4241,650.2988
Switzerland,Sion,46.2312,7.3589,5,826,-0.1566,0.4454,13.228,1279.7517,8.2641,-4.8427,542.6212,147.1256,206.6675,1.3169,62.0724,219.1884,386.8561,1061.5962
Switzerland,Thurgau,47.586,9.1429,14,414,-0.0111,0.8446,14.7742,1566.188,9.9129,-1.5136,662.6669,193.861,187.1523,1.4184,,,,518.9477
Switzerland,Ticino,46.3352,8.7526,110,6369,0.0121,0.4691,13.917,1351.4031,9.8678,-2.6463,922.0785,273.4516,204.2369,1.8155,54.7971,196.8014,471.2297,961.5292
Switzerland,Valais,46.2303,7.6606,196,7465,-0.065,0.4456,12.6323,1179.8766,8.1441,-4.7518,601.3237,164.7509,207.297,1.4785,,,,1151.7087
Switzerland,Vaud,46.6357,6.5321,67,1549,-0.2042,0.7534,14.8479,1565.4788,10.0753,-1.4471,667.7461,195.5319,200.3029,1.4623,,,,587.3798
Switzerland,Vetroz,46.2253,7.2813,13,1490,0.0636,0.4322,13.2348,1277.9703,8.292,-4.7943,552.6841,149.8727,206.5194,1.3416,61.7973,221.422,385.6054,1058.2311
Switzerland,Zürich,47.3744,8.541,18,1861,0.1241,0.8441,14.8237,1585.6832,9.7957,-1.6829,707.608,204.7552,187.9023,1.5698,61.2861,262.0261,373.2364,508.0347
Chile,Aconcagua Valley,-32.8299,-71.0464,78,36646,-0.0286,0.9778,17.4544,2096.3408,10.1764,4.8291,41.5024,4.1715,253.4923,0.2697,69.3444,220.1921,586.1382,525.0488
Chile,Cachapoal Valley,-34.3986,-71.1284,178,40312,-0.0994,0.9835,18.8696,2343.7383,12.2711,4.9052,101.9079,12.5813,244.1462,0.5388,64.8211,221.5822,485.4386,318.1496
Chile,Colchagua Valley,-34.5422,-71.3752,638,228904,-0.1098,0.975,18.5735,2296.2305,11.8733,4.7796,105.9771,15.9752,244.242,0.5847,63.8881,226.7514,491.1592,250.8233
Chile,Elqui Valley,-30.0412,-70.7152,50,6204,-0.0962,0.0112,13.9584,1314.1915,8.5281,1.8793,10.0184,2.2788,305.738,0.0624,76.2958,179.8486,628.2046,1119.2491
Chile,Limarí Valley,-30.6418,-71.2607,67,16302,-0.1388,0.9254,17.2125,1858.3345,12.4754,6.125,11.2033,0.1998,252.3015,0.1155,74.2159,256.8757,527.4606,330.9352
Chile,Maipo Valley,-34.0121,-70.1246,606,293248,-0.1794,0.0979,2.7525,83.1982,-2.4807,-11.5405,146.5657,32.3757,238.5221,0.809,69.8884,213.1076,575.0579,3638.1638
Chile,Peumo,-34.3959,-71.1694,8,3766,0.4098,0.9801,18.8817,2343.3774,12.311,5.0495,100.9808,13.1806,244.2948,0.5397,64.7774,222.7386,490.6281,280.9027
Chile,Puente Alto,-33.6095,-70.5755,3,22404,0.7595,0.986,19.264,2437.8091,12.1711,4.2844,72.1154,10.1517,253.3136,0.3607,,,,560.1983
Chile,Santiago,-33.4377,-70.6511,305,200520,-0.2759,0.9719,18.6432,2337.2849,11.41,3.6995,64.2425,9.7367,257.8039,0.328,,,,565.67
China,Ningxia,37.0,106.0,5,324,-0.3587,0.0998,15.9163,1913.2345,8.9782,-12.9816,292.1982,130.5111,216.2557,0.3508,82.9719,207.9904,362.1452,1644.3403
Cyprus,Lemesos,34.6853,33.0333,6,483,-0.3791,0.837,20.9813,2609.9395,16.5267,2.9718,147.6304,21.6874,270.8651,0.4825,72.8203,259.0764,380.4738,705.1323
Georgia,Kakheti,41.7374,45.6722,213,21593,-0.1642,0.9037,19.0842,2411.0933,14.3675,-2.8392,430.7496,88.6469,215.7879,0.6711,67.4286,347.2568,229.9498,567.8108
Georgia,Telavi,41.9197,45.4703,5,1017,0.1182,0.9481,19.1343,2428.7556,14.3406,-1.9927,481.2638,102.2727,215.1462,0.7163,65.3481,331.4243,239.2015,554.2029
Greece,Achaia,38.0693,21.8727,12,1770,0.0046,0.9434,19.02,2320.0811,13.8471,1.7988,263.6855,60.4156,238.7514,0.6909,,,,507.7193
Greece,Aegean Sea,38.373,26.1389,8,640,-0.0972,0.8862,20.482,2400.2732,17.5001,4.9992,131.3798,21.0573,258.1497,0.4485,,,,303.3077
Greece,Arkadia,37.4291,22.4235,6,495,-0.0148,0.9579,19.1075,2331.5847,14.0235,1.9858,242.9489,54.1409,236.3098,0.628,,,,563.0654
Greece,Atalanti,37.9352,23.5725,22,1463,-0.0943,0.9194,20.4397,2510.28,16.2613,3.4655,190.355,43.8095,235.181,0.4585,,,,420.3436
Greece,Cephalonia,38.266,20.5374,6,478,0.0061,0.9533,20.1867,2367.9985,16.8292,5.8797,303.7301,82.2315,241.9069,0.8126,,,,375.6715
Greece,Chalkidiki,40.331,23.3621,36,3454,-0.3677,0.9723,20.6073,2653.1245,15.1346,0.4346,243.7074,58.2918,229.151,0.425,,,,166.7953
Greece,Crete,35.3085,24.4633,31,2239,-0.1865,0.9399,20.8891,2444.8738,18.2754,6.6055,175.8346,27.9538,243.1275,0.5385,,,,455.7403
Greece,Cyclades,36.4106,25.4437,7,507,0.0889,0.4286,22.4949,2584.9438,21.2515,10.3997,93.8323,10.7727,250.4302,0.333,,,,77.5602
Greece,Drama,41.1499,24.1469,20,4146,0.0782,0.9749,19.3841,2417.051,14.079,-0.2485,261.0815,45.7208,224.2902,0.5249,71.6945,265.0366,412.306,354.2128
Greece,Epanomi,40.4283,22.9269,7,3888,0.2899,0.9686,20.7484,2699.5347,15.0827,0.2647,247.9363,62.0146,228.4064,0.4207,,,,137.6803
Greece,Evia,38.4942,23.9111,11,1228,-0.0177,0.9594,21.0099,2608.0093,16.7741,3.9841,189.4343,46.7502,236.2892,0.4474,,,,273.6667
Greece,Florina,40.7794,21.4075,4,938,0.1209,0.8929,16.9033,2063.7256,10.1869,-3.7972,372.1715,95.3255,231.1507,0.7097,70.1234,274.3764,352.6578,827.2845
Greece,Fthiotida,38.8873,22.368,3,305,0.1468,0.9576,19.8233,2497.8201,14.2545,1.1146,265.8334,64.4865,233.2233,0.5907,,,,440.2847
Greece,Goumenissa,40.9466,22.4519,2,490,0.0133,0.9755,20.7963,2801.4998,14.1237,-1.0791,251.3458,60.5964,228.0313,0.4213,74.6737,289.3484,298.3766,171.0379
Greece,Zitsa,39.7521,20.6489,1,356,-0.0155,0.7077,16.7484,1940.8083,11.0178,-0.8624,452.7642,120.5924,233.5885,1.1844,66.9657,295.9131,310.4573,804.0234
Greece,Macedonia,40.89,22.7694,20,1605,-0.1945,0.9512,19.7061,2583.8853,13.2562,-1.5634,267.2386,62.8587,225.9693,0.4615,,,,333.3297
Greece,Mantinia,36.9536,22.158,5,1415,-0.0787,0.9526,20.1501,2464.3257,15.7099,3.6932,232.2125,50.7228,240.2234,0.6211,,,,360.9739
Greece,Naoussa,40.6306,22.0696,18,5588,-0.014,0.9528,19.2342,2468.5815,13.1328,-1.4548,287.5896,71.6907,229.7144,0.5047,74.019,295.4379,303.8018,424.7942
Greece,Nemea,37.821,22.6613,26,5540,0.0064,0.9585,19.1666,2376.8005,13.7267,1.6664,241.4718,56.51,233.7869,0.5996,72.5981,303.9298,250.2224,577.0553
Greece,Peloponnesos,37.3634,22.2395,53,4278,-0.3182,0.9581,19.6306,2409.1357,14.7436,2.6279,238.6573,54.601,237.8409,0.619,,,,455.2189
Greece,Samos,37.7246,26.8193,3,437,-0.1652,0.8031,22.0541,2788.5903,18.0287,5.2556,146.9225,28.0851,264.6537,0.4832,,,,307.1573
Greece,Santorini,36.4071,25.4567,51,10565,0.1484,0.4286,22.4949,2584.9438,21.2515,10.3997,93.8323,10.7727,250.4302,0.333,,,,77.5602
Greece,Thebes,38.3201,23.3176,4,313,0.0017,0.9799,20.7845,2615.9622,16.0304,3.2528,205.6757,52.7718,234.3544,0.4787,,,,297.6971
Greece,Tyrnavos,39.7389,22.2882,6,452,0.0283,0.9481,21.0406,2791.0271,14.8029,0.2681,239.5328,54.3591,232.7906,0.4675,75.6381,325.6919,297.8669,215.1768
Croatia,Istria,45.1934,13.9151,19,3128,0.0342,0.7037,19.157,2300.2556,14.7213,1.8371,590.8253,188.6447,205.4535,1.1195,,,,150.9207
Hungary,Badacsony,46.8033,17.4962,13,515,-0.1652,0.9786,16.922,2007.8489,11.52,-2.5613,440.6838,141.792,204.5409,0.7613,68.9589,250.7907,500.4779,170.5808
Hungary,Eger,47.899,20.3744,17,2101,-0.1067,0.9297,17.1142,2183.0291,10.2315,-4.1064,383.4039,109.2987,199.5688,0.6502,65.0042,350.8584,364.6296,185.0655
Hungary,Hungary,47.1818,19.5061,7,775,-0.33,0.8913,17.2751,2171.5562,10.7726,-3.3473,370.3446,109.4632,206.3442,0.6383,,,,131.0
Hungary,Sopron,47.6803,16.5983,11,912,-0.1213,0.9684,16.447,1941.1539,11.0771,-2.6198,462.873,148.9654,196.9532,0.7815,67.0585,294.3492,354.0112,187.8147
Hungary,Szekszárd,46.3485,18.7017,35,1703,-0.07,0.9343,17.4512,2140.8831,11.4807,-2.3855,386.7576,120.2356,209.3199,0.6559,74.144,277.4399,394.6624,119.478
Hungary,Tokaj,48.1236,21.4114,103,17651,0.1741,0.9355,16.6565,2066.4575,10.083,-4.1486,409.6493,114.6791,198.0316,0.7396,62.9291,319.731,347.2097,162.3696
Hungary,Villány,45.8698,18.4555,68,6085,0.0302,0.98,17.4565,2154.4128,11.2378,-2.401,424.9098,124.3425,209.8425,0.7423,69.0948,288.6395,387.7983,131.9524
Israel,Golan Heights,33.0408,35.7393,4,467,0.0863,0.505,23.1362,3050.7844,18.1749,4.3769,56.1959,1.8633,266.4281,0.344,,,,609.4525
Israel,Jerusalem,31.7788,35.2258,9,1205,0.4035,0.5225,22.921,2896.9082,19.3347,6.3717,34.2121,0.3403,273.0623,0.2881,77.5497,401.0792,235.2655,441.4867
Israel,Mount Carmel,32.7233,35.0401,16,936,-0.1148,0.4879,24.0296,3052.0613,21.2458,7.4216,48.0686,1.7419,266.8786,0.3964,,,,163.0261
India,Bangalore,12.9768,77.5901,4,530,-0.2894,0.1163,25.374,3305.2476,19.9629,15.5527,771.307,272.0646,220.2141,0.5614,64.7167,334.1848,487.2326,857.2955
India,Nashik,20.0112,73.7902,12,1819,-0.4789,0.0637,26.5489,3523.3347,20.8715,11.209,1504.855,663.4196,223.2415,0.9901,68.2986,425.1775,271.8727,631.0777
Japan,Yamanashi-ken,35.6399,138.638,28,1118,-0.4829,0.7898,18.3964,2122.9993,15.9768,-2.5949,999.9618,325.5327,188.279,1.3868,57.542,280.6742,356.2348,614.7845
Lebanon,Mount Lebanon,34.29,36.092,9,1022,0.0834,0.7037,20.5009,2613.3315,14.947,1.9025,135.9699,7.7225,256.7305,0.5563,,,,1102.8391
Moldova,Cricova,47.1369,28.8618,9,387,-0.1531,0.9623,17.2294,2121.55,11.4452,-4.5683,316.1113,81.152,220.7614,0.5469,70.1291,402.8203,154.8863,133.905
Moldova,Etulia,45.5397,28.442,20,696,-0.1395,0.929,18.0965,2342.4377,11.5282,-4.7206,289.2065,76.7111,224.6286,0.4707,73.2495,389.5817,159.6105,80.837
Montenegro,Podgorica,42.4415,19.2621,17,2723,-0.2093,0.7198,21.1191,2776.8555,15.5149,0.8687,682.8752,205.6865,229.0835,1.6255,66.199,289.387,272.9309,84.2379
North Macedonia,Skopje,41.9962,21.4319,3,423,0.3719,0.8225,18.3745,2422.5256,11.0901,-3.9452,302.9814,74.994,226.0398,0.5217,70.1273,303.6085,321.649,434.7188
Malta,Gozo,36.0468,14.2583,27,1299,-0.3627,0.7396,22.8638,2765.9978,20.9569,9.4355,143.8467,40.603,264.8688,0.3909,,,,73.1391
Malta,Malta,35.9311,14.3952,32,1835,-0.2955,0.7396,22.8638,2765.9978,20.9569,9.4355,143.8467,40.603,264.8688,0.3909,,,,73.1391
Malta,Ta Qali,35.8923,14.4197,3,582,0.0943,0.7396,22.8638,2765.9978,20.9569,9.4355,143.8467,40.603,264.8688,0.3909,,,,73.1391
Mexico,Aguascalientes,21.8805,-102.2967,14,2566,-0.5056,0.1905,19.8604,2617.5371,12.2707,2.8096,483.7927,212.4689,229.7149,0.3524,71.8949,282.4664,482.4317,1963.8798
Mexico,Baja California,30.0339,-115.1425,81,15390,0.0926,0.8769,18.619,2151.5461,14.6082,5.645,32.1428,9.3636,253.7677,0.154,,,,64.7518
Mexico,Coahuila,27.3333,-102.0,10,614,0.0678,0.3303,26.8109,3896.093,19.4497,5.1925,244.9689,97.2381,227.9227,0.1815,81.5256,278.7715,404.2377,638.1009
Mexico,Ensenada,31.8659,-116.603,22,5044,0.269,0.8499,20.45,2658.3503,14.9677,5.4015,48.9745,7.4327,257.1306,0.1909,,,,394.1237
Mexico,Querétaro,20.8052,-99.8837,33,2430,-0.2564,0.1846,19.2004,2443.4592,12.1265,3.7196,627.0839,255.232,228.3813,0.459,68.4623,379.6414,409.2787,2091.9294
Mexico,Valle de Guadalupe,21.0427,-102.6799,124,39798,0.0234,0.0226,20.7623,2757.324,13.3524,3.9814,749.8654,312.9538,227.2399,0.5418,64.6895,340.6645,444.8018,1908.9845
Mexico,Zacatecas,23.0916,-102.9334,5,792,-0.0053,0.136,19.4874,2579.1577,11.5322,2.3306,391.7811,176.0712,226.2117,0.2786,73.8872,267.6196,528.2347,2122.7583
Netherlands,Limburg,51.2015,5.9046,3,417,0.1166,0.2829,14.8196,1550.432,10.432,0.6551,472.7087,149.2113,171.705,1.1348,63.7162,219.9508,203.0431,110.3032
New Zealand,Auckland,-36.8521,174.7632,57,7260,-0.0549,0.799,17.0823,1703.8854,13.8268,6.5542,652.9504,172.9478,222.3782,1.3801,,,,55.7174
New Zealand,Canterbury,-43.4942,171.8098,9,613,0.1421,0.5798,14.1369,1401.7183,8.9471,0.9139,448.1055,116.5346,211.0026,0.7852,,,,164.9572
New Zealand,Central Otago,-45.3505,169.6961,139,19688,0.1312,0.3425,12.4124,1243.1619,5.6975,-2.9542,398.2334,90.7491,209.1652,0.7604,64.7828,239.6411,544.307,495.9211
New Zealand,Gisborne,-38.6613,178.0206,28,1231,-0.1105,0.927,16.9499,1806.6146,12.4684,5.0409,594.6079,170.3728,219.9756,1.109,58.0445,240.4078,462.2993,54.2042
New Zealand,Gladstone,-46.392,168.3555,6,450,-0.0478,0.0631,12.8412,1096.0795,8.0956,1.4751,606.869,167.8254,191.8865,1.2154,,,,47.433
New Zealand,Hawke's Bay,-39.5257,176.7611,207,25014,0.0264,0.8729,16.1587,1713.8988,11.0546,3.5611,526.4081,144.8046,219.8815,0.9556,,,,121.6375
New Zealand,Kumeu,-36.7753,174.5547,10,2505,0.0467,0.7812,17.0216,1683.1621,13.8914,6.6695,652.1165,168.3123,221.8868,1.4021,,,,60.485
New Zealand,Marlborough,-41.4745,173.833,658,258446,0.0901,0.7827,15.3567,1555.9036,10.735,2.4025,481.6436,108.1398,217.7441,0.8984,,,,117.3378
New Zealand,Martinborough,-41.2183,175.4595,55,8599,0.1518,0.7952,15.3524,1530.4269,10.872,3.9982,530.8629,139.2428,214.61,1.1185,57.5879,282.0992,482.7792,101.7371
New Zealand,Nelson,-41.2711,173.2837,47,9274,0.1843,0.6942,15.3325,1515.8499,11.0241,2.5043,600.9318,129.6744,220.0549,1.1602,,,,97.7406
New Zealand,North Island,-38.0035,175.9578,32,1957,-0.2541,0.5713,15.6734,1580.9777,10.9825,3.338,754.3428,208.4106,221.3281,1.5092,,,,247.9292
New Zealand,South Island,-43.5866,171.2123,26,1027,-0.0961,0.4488,13.7736,1319.3154,8.7705,0.6344,474.5201,123.8538,212.4189,0.826,,,,183.7206
New Zealand,Waiheke Island,-36.7931,175.0884,13,1008,0.3029,0.8036,17.1553,1730.3064,13.8397,6.4759,662.3998,184.3169,223.7755,1.3633,,,,57.3377
New Zealand,Wairarapa,-41.2362,175.2197,28,2080,-0.0213,0.7884,15.3509,1518.4187,10.992,4.1355,543.1231,144.8276,214.2356,1.1422,57.2589,285.9211,486.026,97.834
Peru,Ica,-14.3325,-75.4997,20,1960,-0.2811,0.4198,18.8481,2139.834,14.3052,8.9489,97.0959,57.6245,219.4877,0.0834,,,,1108.8336
Poland,Krakow,50.0469,19.9972,14,529,-0.244,0.5928,14.9472,1727.4292,8.639,-4.5367,510.0936,136.8467,182.4105,1.0078,58.7248,238.1927,224.4744,272.1381
Romania,Dealu Mare,46.0417,22.7959,178,9257,-0.2358,0.5486,16.1802,1963.4304,9.7046,-4.8216,424.7056,115.4101,212.5863,0.7987,61.6705,400.196,246.847,388.0633
Romania,Drăgășani,44.6592,24.2643,10,405,-0.1073,0.3152,17.7521,2267.2766,11.3709,-4.8102,389.3218,100.5432,215.1087,0.6832,61.8097,409.3131,252.5287,233.5134
Romania,Mehedinti,44.6035,23.058,9,543,-0.0764,0.6779,18.3003,2402.448,11.4946,-4.0064,392.4745,103.9052,214.586,0.6979,63.7779,401.9639,259.5644,190.7939
Romania,Murfatlar,44.1743,28.4108,27,1041,-0.2311,0.8811,18.5868,2301.9473,13.4173,-2.9899,264.5266,78.3555,219.8641,0.4518,76.9301,380.725,84.5031,65.5484
Romania,Recas,45.8017,21.5094,28,2913,0.025,0.7887,17.0633,2145.9587,10.2358,-3.9725,411.1381,112.1061,213.5857,0.7301,63.1439,449.4185,211.0951,137.6043
Romania,Samburesti,44.8064,24.3994,4,380,-0.1221,0.31,17.6124,2237.366,11.2538,-4.7899,395.5165,103.0959,215.207,0.6937,61.448,395.1463,268.3868,248.4256
Romania,Tarnave,46.2083,24.5432,14,681,-0.2858,0.3518,15.4135,1828.588,8.5018,-7.2746,409.7354,106.1764,215.195,0.7572,66.7114,415.0578,238.8299,405.5782
Romania,Vrancea,45.7887,26.8838,30,876,-0.3313,0.8009,17.5466,2178.1726,11.6084,-4.7812,346.9552,87.984,222.8006,0.5341,68.4558,421.1378,215.3015,188.2648
Serbia,Central Serbia,43.8683,21.0493,13,1356,0.0236,0.9394,17.5266,2200.0801,10.801,-3.1343,433.0487,115.799,214.4964,0.7529,,,,191.0585
Russia,Anapa (Анапа),44.8943,37.3169,4,900,-0.0911,0.8484,18.3484,2191.0542,13.9169,-1.026,270.9946,71.3343,205.1736,0.5835,,,,93.1239
Russia,Sennoy (Сенной),45.2858,36.9884,33,6930,-0.3247,0.6824,18.4091,2180.3123,14.2073,-1.3816,222.0443,62.1722,205.4622,0.4566,,,,26.6025
Turkey,Aegean,38.0567,28.554,8,701,-0.0576,0.8314,20.6012,2726.1509,14.0437,0.8128,211.9593,32.4884,265.1269,0.508,67.4048,331.2048,311.0021,617.554
Turkey,Ankara,39.9208,32.854,2,1377,-0.3939,0.4459,17.0411,2103.459,10.1821,-4.6419,195.9522,28.3581,257.7195,0.3753,75.1817,342.5887,289.831,1091.4486
Turkey,Denizli,37.8276,29.239,7,742,-0.1625,0.8815,19.4447,2517.6843,12.9174,-0.6082,217.5142,33.9546,261.2208,0.4898,68.7417,320.6906,327.606,883.7062
Turkey,Thrace (TR),41.217,27.1162,21,1178,-0.0779,0.9687,19.659,2477.4995,14.6038,0.9804,277.7276,56.874,246.7195,0.6005,69.3953,363.426,280.4605,111.735
Ukraine,Odessa (Одеса),46.4843,30.7323,14,874,-0.2381,0.9684,17.308,2063.3018,12.338,-4.4363,247.3639,68.0319,218.5764,0.4712,,,,45.6778
Uruguay,Atlàntida,-34.7744,-55.7606,11,3762,-0.2283,0.196,19.988,2375.7322,15.8477,6.0409,657.41,190.672,241.0409,0.9665,60.3205,365.6193,267.1049,32.8828
Uruguay,Canelones,-34.6222,-55.9904,123,18555,-0.2047,0.1865,20.1594,2443.5654,15.6018,5.8724,669.9398,191.3534,241.4689,0.959,,,,40.2923
Uruguay,Carmelo,-33.9968,-58.2836,14,2510,0.0055,0.1021,21.2574,2692.333,15.9699,5.971,727.3586,233.5014,241.2351,0.8193,64.15,341.7648,286.7956,33.0084
Uruguay,Juanico,-34.5953,-56.2552,26,8216,-0.0665,0.1922,20.1654,2447.1267,15.5847,5.8499,663.0051,188.7095,241.579,0.9417,,,,38.8162
Uruguay,Las Violetas,-34.7453,-56.4225,5,580,0.2316,0.2026,20.2261,2461.155,15.6116,5.8847,654.0873,185.3828,241.2199,0.9195,,,,28.3708
Uruguay,Maldonado,-34.9087,-54.9583,38,23078,0.1141,0.4079,19.5467,2212.1501,16.4043,7.1126,600.3157,176.9599,236.8609,0.9738,56.2537,332.5557,332.225,37.9181
Uruguay,Montevideo,-34.9059,-56.1913,36,14793,-0.0477,0.2265,20.0044,2396.4331,15.6708,5.8422,633.7682,181.5308,241.4695,0.9052,,,,42.2261
Uruguay,Progreso,-34.6799,-56.2155,40,7205,-0.0074,0.2071,20.1011,2425.4595,15.6349,5.842,653.3024,186.658,241.638,0.9342,,,,39.5756
Uruguay,Rivera,-30.9001,-55.5408,4,680,-0.1503,0.0721,22.0544,2833.9231,16.5944,7.1671,955.7296,249.8216,232.9392,1.1826,53.9145,279.554,416.6643,208.6566
Uruguay,San José,-34.455,-56.6169,24,1980,-0.4355,0.1459,20.4031,2527.9546,15.3801,5.7921,715.9218,204.9316,241.7632,0.9809,,,,53.5933
South Africa,Calitzdorp,-33.5327,21.6879,20,857,-0.148,0.5745,20.9352,2733.0862,14.8298,5.1864,169.8204,47.5274,267.5201,0.1803,78.5644,198.3644,662.1267,422.9417
South Africa,Cape Agulhas,-34.8333,19.9999,16,1580,0.0068,0.7101,19.2115,2181.9502,14.8445,8.6904,239.0511,60.3865,260.1174,0.4249,65.786,224.5495,626.7803,143.681
South Africa,Cape Point,-34.3574,18.4978,6,828,0.0493,0.054,18.3632,1922.2727,14.9709,9.4267,154.8983,30.742,268.5166,0.4658,,,,128.5501
South Africa,Cape Town,-33.9288,18.4172,8,1478,-0.0231,0.8345,19.9238,2385.3752,14.8823,7.8589,174.1968,33.5829,270.4011,0.4424,,,,122.8455
South Africa,Cederberg,-32.5006,19.2569,2,312,0.1912,0.6218,19.8446,2549.9607,13.6172,4.1924,97.3851,23.6453,282.0685,0.1864,72.0121,192.3116,682.4301,757.4051
South Africa,Citrusdal Mountain,-32.6201,18.9592,4,475,0.1595,0.8635,20.284,2590.6423,14.2905,5.7103,111.5767,22.2756,278.2005,0.2312,69.2449,184.9274,709.0037,494.8067
South Africa,Constantia,-34.0283,18.4156,57,16273,0.2107,0.7912,19.6661,2307.6624,14.9436,8.172,169.841,32.8543,270.2769,0.4372,,,,150.2364
South Africa,Darling,-33.3764,18.3792,62,5620,-0.2427,0.1402,19.9918,2429.6929,14.5956,8.1852,127.1441,24.2206,272.6563,0.3121,,,,155.7456
South Africa,Durbanville,-33.8403,18.6494,45,9328,-0.0209,0.9422,20.1292,2456.3694,14.859,7.2699,200.8818,37.9341,270.7306,0.4835,,,,167.0311
South Africa,Elgin,-34.1486,19.0428,69,10297,0.0909,0.9692,19.0903,2237.5105,14.0693,6.7984,251.238,47.508,269.7691,0.5756,,,,284.8925
South Africa,Elim,-34.5922,19.7594,6,1412,0.3338,0.7897,19.0749,2184.9146,14.4651,7.9523,246.1472,60.9669,261.769,0.4494,65.3958,217.3979,639.0091,210.832
South Africa,Franschhoek,-33.9092,19.1194,144,43183,0.0288,0.9818,19.9084,2433.0286,14.6629,6.5504,224.5499,42.3474,271.5955,0.5097,63.2081,179.3038,710.4868,311.1435
South Africa,Paarl,-33.731,18.9642,220,37110,-0.044,0.9538,20.4854,2552.2485,15.0906,6.8897,195.9792,36.582,271.6695,0.4624,63.515,171.2947,739.7073,224.4905
South Africa,Robertson,-33.8036,19.8816,140,22282,-0.0116,0.965,21.1822,2715.7378,15.6488,6.4518,182.8701,47.2146,270.0579,0.3073,70.7247,212.5393,654.1686,298.581
South Africa,Stellenbosch,-33.9344,18.8692,962,206963,0.0164,0.9659,19.6798,2365.9314,14.4958,6.9497,228.1898,42.6876,270.3768,0.5334,,,,233.6236
South Africa,Swartland,-33.2936,18.5994,144,26801,-0.0496,0.8048,21.268,2725.5295,15.6403,7.2911,157.7986,29.6492,272.2298,0.3739,,,,168.2452
South Africa,Swellendam,-34.0211,20.4419,2,333,0.0919,0.962,21.081,2670.6282,15.84,6.6164,193.8262,51.6221,266.3236,0.2694,72.12,243.1649,613.9716,337.3148
South Africa,Tulbagh,-33.2851,19.1407,28,5441,0.1313,0.9449,20.5364,2605.8572,14.9203,6.0298,149.1733,29.7255,274.5905,0.3412,66.7351,182.4067,712.7554,400.7234
South Africa,Tygerberg,-33.8538,18.5886,3,462,-0.218,0.9422,20.1292,2456.3694,14.859,7.2699,200.8818,37.9341,270.7306,0.4835,,,,167.0311
South Africa,Walker Bay,-34.5183,19.288,41,6565,0.0356,0.8693,18.4645,2052.1533,13.9447,7.88,264.0148,57.9125,264.8237,0.5753,,,,225.5147
South Africa,Wellington,-33.6431,19.0106,66,7413,-0.0121,0.9679,20.563,2575.7859,15.1531,6.7221,192.6725,36.2603,272.2179,0.4503,63.6872,168.5014,739.5844,256.8197
South Africa,Western Cape,-33.547,20.7275,833,137765,-0.2236,0.8508,20.9025,2675.4644,15.3085,5.9372,176.5756,46.9118,270.3086,0.2783,71.9813,218.0937,640.6841,393.264
United States,Contra Costa County,37.9035,-121.9175,26,8743,-0.0219,0.3957,20.02,2654.7324,12.6008,3.678,67.3714,3.1917,258.8768,0.2796,,,,82.3012
Australia,Barossa,-34.6134,138.9385,122,26218,0.0675,0.9779,18.6041,2301.416,12.2029,5.0748,212.9384,37.0415,265.062,0.3806,71.1104,354.3774,546.3099,303.557
Spain,El Terrerazo,39.6223,-1.2467,1,843,0.2077,0.8065,18.8935,2424.4155,12.4785,0.165,214.1129,53.321,247.612,0.283,75.8304,265.95,389.589,814.2755
Spain,Otazu,42.8317,-2.6275,2,720,0.0441,0.9151,16.2237,1839.7471,10.9446,1.5191,325.3026,63.0793,214.8887,0.6831,70.8643,325.5782,246.6689,603.6723
Spain,Arínzano,42.6308,-1.9935,3,542,0.1123,0.9482,18.0142,2189.6289,12.7512,2.1994,287.3103,55.8575,219.5262,0.5003,76.1895,339.0416,199.6491,438.1069
United States,Fiddletown,38.5036,-120.7622,4,661,0.1647,0.8781,20.8102,2878.6138,13.1381,2.5603,147.8299,7.0077,264.0605,0.5181,60.2322,210.7534,414.3052,313.0127
Portugal,Bucelas,38.9016,-9.1187,6,1241,0.0493,0.9891,19.3424,2167.5942,15.8992,7.5832,259.976,40.1677,246.8211,0.5957,,,,90.1653
Portugal,Reguengos,41.2411,-7.6176,3,2204,0.2557,0.8575,17.1958,1880.0319,13.1206,4.1322,467.9175,80.0224,236.1261,1.2333,54.715,165.7962,509.6829,454.8451
France,Monbazillac,44.795,0.4925,5,426,-0.2485,0.9783,17.6238,2107.6157,12.0595,2.2639,462.3928,113.9506,204.4891,1.031,68.6752,295.3629,317.5879,90.3185
France,Collioure,42.525,3.0832,13,1139,0.0473,0.9748,19.6615,2366.1504,15.3993,4.047,291.8878,78.7641,223.7167,0.4386,,,,84.897
France,Blaye,45.1271,-0.6636,3,422,0.014,0.9792,17.3037,1999.3729,12.2458,2.547,448.5305,115.4726,204.1285,1.0079,,,,26.8714
France,Bourgogne Le Chapitre,46.2339,4.7614,2,370,-0.0225,0.9809,16.4867,1896.4868,11.2558,0.2638,492.2635,142.2151,202.1368,0.919,61.687,256.5379,390.1998,317.8738
Italy,Assisi,43.0712,12.6147,2,434,-0.1444,0.9662,18.466,2231.2437,13.7392,1.0343,433.4852,121.2693,222.8807,0.7995,74.5695,356.6674,232.8257,431.9142
Italy,Castel del Monte,41.0847,16.2711,15,6583,-0.0846,0.9814,19.8272,2401.5215,15.5905,3.3936,254.5447,71.5571,229.4103,0.4445,,,,309.4678
Italy,Alcamo,37.9766,12.9627,2,347,-0.2507,0.8613,22.1279,2685.0283,19.6378,7.7604,199.4668,50.6324,250.561,0.3986,,,,185.7825
Italy,Contessa Entellina,37.731,13.1831,2,1251,0.0263,0.9154,21.6314,2577.2957,19.229,7.1998,212.3509,55.0235,250.3083,0.414,,,,299.2463
Italy,Menfi,37.6066,12.9678,7,6572,0.2281,0.842,22.2276,2710.7437,19.6801,7.9084,191.2406,45.6866,250.6162,0.3921,,,,137.5608
Italy,Roccamonfina,41.2897,13.9835,1,1206,0.2949,0.9675,19.6512,2356.4026,15.604,2.9227,392.9882,105.6837,233.0804,0.8785,72.0784,328.2488,274.4946,223.1157
Canada,Beamsville Bench,43.1596,-79.488,15,722,0.0219,0.1269,15.781,1719.233,12.9625,-6.5991,544.4245,148.8869,199.3432,1.1576,,,,120.1176
France,Mâcon-Lugny,46.4721,4.8113,7,2836,-0.0278,0.9816,16.3794,1871.6798,11.1641,0.2409,491.2303,139.7112,201.1263,0.9502,61.8208,254.7076,382.485,303.0163
Chile,Pirque,-33.6349,-70.573,4,3130,0.2488,0.986,19.264,2437.8091,12.1711,4.2844,72.1154,10.1517,253.3136,0.3607,,,,560.1983
Germany,Wiltingen,49.6592,6.5902,1,663,0.266,0.8568,14.6653,1557.2222,9.6604,-0.2446,447.5287,124.9652,182.8727,1.1329,61.8253,290.586,234.2482,260.9424
Germany,Wehlen,50.9571,14.0308,14,2589,0.3798,0.7674,14.4809,1535.2059,9.7212,-2.5425,457.667,143.0946,179.229,0.9836,57.4657,223.2174,383.0547,334.297
Germany,Ürzig,49.9793,7.0056,5,483,0.0023,0.8125,14.5952,1537.8304,9.6694,-0.1952,438.4208,124.2211,179.8569,1.1097,60.4837,274.5617,230.6968,262.0318
Germany,Trittenheim,49.822,6.9,14,528,0.1076,0.8228,14.6248,1546.3058,9.6501,-0.1739,443.7333,125.2042,180.456,1.125,60.6476,276.1901,235.7615,260.3315
France,Corton Grand Cru 'Les Bressandes',47.0731,4.87,5,387,0.1742,0.977,15.8197,1759.3983,10.8165,-0.1538,466.4156,122.5826,197.7433,0.9651,64.301,307.5701,285.4193,312.5695
France,Rully 1er Cru 'La Bressande',46.8693,4.7371,1,307,0.0829,0.9788,15.9301,1783.7496,10.8528,-0.0764,466.5204,123.7097,198.0823,0.9566,64.6563,297.2697,305.3231,299.948
France,Saint-Drézéry,43.7314,3.9776,3,1750,0.2592,0.943,19.3616,2379.2715,14.6445,2.8729,370.712,106.8186,225.3931,0.5439,,,,91.4625
New Zealand,Bannockburn,-45.0884,169.16,4,378,0.0438,0.3281,13.3167,1375.3394,6.9694,-2.1755,425.9503,98.8809,210.3287,0.8685,62.2568,237.4945,530.9936,411.7067
Spain,Sardón de Duero,41.6085,-4.4339,4,6932,0.3881,0.9646,17.1801,2153.0212,10.5042,-0.1173,207.3695,34.3099,238.6272,0.3579,76.8755,276.6749,350.9244,811.8589
Brazil,Pinto Bandeira,-29.0977,-51.4498,10,3602,0.1144,0.3395,20.0444,2360.9216,15.6447,7.647,976.6953,282.2297,207.0787,1.6192,53.0266,463.2194,189.0936,537.5869
