draw,f0,recruit_per_month,area_fraction,detect_p,lethality,alive_month12,alive_month15_ratio_f0,cum_fighter_deaths_month32,distance,explained_share_2025-10-11,explained_share_2026-06-16
0,18141,258,0.5446,0.2008,0.3006,12638,0.6604,16262,4.90977,0.3681,0.4025
1,39265,948,0.104,0.0172,0.8741,44385,1.1674,13851,14.25667,0.1026,0.116
2,39785,562,0.0266,0.0146,0.492,44345,1.1503,3177,14.2331,0.0466,0.046
3,24915,211,0.5482,0.5648,0.5224,4505,0.1414,29662,10.50796,0.4221,0.4151
4,34050,244,0.2623,0.0478,0.468,29676,0.8525,14806,4.45067,0.2092,0.2325
5,17729,458,0.0254,0.25,0.168,21792,1.3065,1437,0.4808,0.0505,0.0464
6,23418,1158,0.1066,0.0152,0.539,34807,1.6067,6944,7.93745,0.0777,0.095
7,19494,690,0.7386,0.17,0.2532,19611,1.0179,17874,0.25933,0.4745,0.5173
8,38430,55,0.6787,0.0214,0.7037,32974,0.8261,14054,6.64933,0.1289,0.149
9,34719,528,0.0416,0.0261,0.1364,40122,1.1979,1359,11.42512,0.073,0.0718
10,38754,109,0.1461,0.0592,0.5973,29773,0.7398,16575,4.51533,0.196,0.2025
11,28071,1046,0.0436,0.0284,0.8654,34896,1.3252,9086,7.93111,0.0745,0.0744
12,24514,552,0.0471,0.1991,0.269,27501,1.1876,3705,3.01038,0.0927,0.0852
13,17340,269,0.9752,0.292,0.4315,6879,0.3384,22069,8.82998,0.3615,0.3781
14,22753,439,0.0249,0.0561,0.6889,23930,1.1,4622,0.63674,0.0485,0.0451
15,21134,276,0.3642,0.253,0.8897,3705,0.1431,27856,11.0249,0.2288,0.2293
16,27435,708,0.7851,0.1238,0.6257,17671,0.6047,35694,1.94393,0.3782,0.4214
17,16527,645,0.6772,0.0377,0.6811,19120,1.1845,14627,0.58667,0.1299,0.1615
18,31644,995,0.0815,0.1272,0.3105,37553,1.2696,6791,9.702,0.1595,0.1477
19,29900,635,0.214,0.4762,0.7027,9874,0.3294,36293,6.96496,0.3614,0.3575
20,26391,99,0.1873,0.3586,0.719,6107,0.1949,26434,9.41501,0.2665,0.2585
21,36277,835,0.1417,0.0602,0.7253,33525,0.9406,21636,7.01667,0.2058,0.2146
22,17582,429,0.8247,0.0139,0.8873,20127,1.1783,7791,0.0,0.0516,0.0658
23,19745,1126,0.3238,0.0144,0.7403,30154,1.6508,10230,4.91063,0.0779,0.102
24,28668,322,0.0632,0.0342,0.106,31604,1.1309,1482,5.75568,0.0972,0.0999
25,16441,800,0.0203,0.0513,0.9171,21760,1.4498,5023,0.50978,0.0403,0.0374
26,20472,646,0.1719,0.0756,0.5907,19677,0.9789,16992,0.21533,0.188,0.208
27,34363,86,0.0339,0.1579,0.8055,26758,0.7854,8677,2.50533,0.0671,0.0616
28,39811,601,0.0243,0.0903,0.6941,41692,1.0921,5351,12.46152,0.048,0.0441
29,32611,418,0.3047,0.0433,0.6522,28452,0.8544,19431,3.63467,0.1955,0.2204
30,31425,944,0.1009,0.0236,0.1677,41427,1.3989,3020,12.2931,0.1158,0.1304
31,19384,1141,0.0458,0.0405,0.771,27586,1.5556,8722,3.17379,0.0798,0.0798
32,30077,487,0.0214,0.0113,0.2562,35172,1.2137,1263,8.12997,0.0331,0.0341
33,18827,1196,0.8207,0.083,0.7181,20205,1.0941,33562,0.90126,0.2867,0.3448
34,34328,78,0.7863,0.0558,0.4331,26926,0.7443,17187,2.61733,0.2615,0.2945
35,38494,1163,0.0324,0.0173,0.6346,49003,1.3505,5113,17.3364,0.0576,0.0565
36,34590,1055,0.3351,0.0247,0.3539,43466,1.3204,10305,13.64417,0.1735,0.2119
37,31173,527,0.2048,0.0914,0.6208,23911,0.7503,23397,0.60733,0.2586,0.2735
38,33513,584,0.5574,0.0635,0.3643,32406,0.9658,18717,6.27067,0.3247,0.3761
39,28009,868,0.0485,0.0239,0.6754,34208,1.2903,7324,7.472,0.0753,0.0779
40,32034,478,0.0798,0.2151,0.9499,18643,0.6039,20985,0.95975,0.1568,0.1453
41,28824,1127,0.0542,0.0481,0.783,34564,1.2853,10756,7.70933,0.0996,0.0962
42,19924,1131,0.4307,0.0322,0.2682,31041,1.6908,7806,5.51669,0.1653,0.2141
43,29319,687,0.0347,0.1584,0.838,28664,1.0459,8983,3.776,0.0685,0.063
44,29652,46,0.4097,0.2184,0.251,19515,0.6148,17267,0.43028,0.482,0.499
45,33703,842,0.3826,0.0183,0.7352,38191,1.167,15016,10.12733,0.1229,0.1506
46,20651,533,0.0212,0.0121,0.7282,25277,1.2863,3180,1.54675,0.0296,0.0313
47,30644,143,0.0665,0.18,0.3879,25440,0.8384,7321,1.62667,0.1319,0.1217
48,39907,1010,0.0869,0.0602,0.318,46720,1.2332,7066,15.81333,0.1621,0.1555
49,22368,977,0.3512,0.1157,0.4115,23729,1.0985,22473,0.486,0.3509,0.3982
50,31363,345,0.098,0.5087,0.5244,19904,0.6602,16019,0.14738,0.1942,0.1787
51,17464,789,0.0316,0.562,0.1264,25289,1.5836,1643,1.85275,0.0627,0.0576
52,15541,684,0.131,0.1796,0.5242,14031,0.949,15745,3.97933,0.2113,0.2162
53,25753,852,0.0429,0.1049,0.3249,32244,1.3466,3965,6.16834,0.0858,0.0789
54,21112,456,0.3276,0.0778,0.2592,22120,1.0658,10118,0.0,0.2472,0.2857
55,35133,195,0.054,0.0457,0.8357,29236,0.828,11001,4.15733,0.0955,0.0929
56,25490,595,0.0389,0.0875,0.1793,30802,1.2759,1956,5.21872,0.0775,0.0714
57,16960,906,0.0521,0.0748,0.3417,24541,1.5838,4539,1.40508,0.098,0.0937
58,23621,539,0.5991,0.5139,0.5423,5874,0.2186,36327,9.62718,0.4714,0.4905
59,15991,338,0.0593,0.0105,0.5231,18982,1.2338,2720,0.76144,0.0323,0.0386
60,18892,1114,0.0205,0.1144,0.9164,26671,1.5863,5655,2.62705,0.0408,0.0375
61,28107,446,0.0557,0.043,0.8715,25946,0.9381,11273,1.964,0.0924,0.0927
62,39821,848,0.3708,0.2015,0.7625,17543,0.4136,49967,3.24061,0.4577,0.4741
63,22614,954,0.2203,0.1919,0.2808,24967,1.1717,14580,1.31133,0.3648,0.3707
64,17740,649,0.2564,0.5747,0.3603,10874,0.6335,21705,6.08803,0.4218,0.4271
65,30429,421,0.8761,0.1812,0.4783,16351,0.4857,33422,2.68588,0.4874,0.5207
66,24389,556,0.0226,0.5678,0.8787,18285,0.8181,12776,1.14333,0.0444,0.0407
67,28888,344,0.0561,0.0576,0.4536,28258,0.9979,6313,3.50533,0.1023,0.0984
68,39682,720,0.0796,0.0321,0.2818,45229,1.1821,5076,14.81965,0.1265,0.1299
69,18288,243,0.1957,0.1307,0.5902,11033,0.5667,17002,5.9945,0.1992,0.2107
70,29361,548,0.1994,0.1321,0.2975,27694,0.9596,13160,3.12933,0.3152,0.321
71,16575,103,0.6249,0.4018,0.2696,7586,0.3983,16002,8.33687,0.4228,0.4355
72,21670,1115,0.6978,0.0155,0.2528,33759,1.6944,4380,7.29416,0.0951,0.1276
73,34760,776,0.306,0.1601,0.7185,19505,0.5403,39852,1.68419,0.3856,0.4036
74,18740,526,0.3017,0.127,0.4573,15516,0.821,18965,2.98933,0.2733,0.3031
75,22661,125,0.0611,0.0182,0.2861,23004,1.0212,2407,0.37822,0.0571,0.0632
76,27240,39,0.0432,0.0409,0.6584,22994,0.8289,6669,0.0,0.0735,0.0725
77,15945,634,0.0512,0.0217,0.931,19970,1.3239,7930,0.08222,0.0546,0.0621
78,39541,43,0.9437,0.0985,0.6502,19936,0.4339,33032,1.22607,0.3652,0.3758
79,35831,261,0.0628,0.576,0.165,34517,0.9852,4446,7.67974,0.1245,0.1144
80,17248,463,0.8457,0.3958,0.8164,2176,0.1145,30123,12.05394,0.2603,0.2724
81,35603,710,0.0238,0.3278,0.2606,40726,1.2037,3397,11.82051,0.0468,0.043
82,19120,260,0.127,0.1778,0.5395,11985,0.6117,14859,5.35144,0.1968,0.1986
83,29208,186,0.0506,0.0475,0.219,29424,1.0189,2723,4.29654,0.091,0.088
84,31346,748,0.3619,0.2243,0.5257,18405,0.5689,35444,1.5907,0.4667,0.4886
85,16621,937,0.1121,0.2401,0.1791,23593,1.5657,5286,0.97289,0.2179,0.2042
86,23243,693,0.821,0.0107,0.1871,30892,1.4104,2126,5.28992,0.0612,0.0804
87,19565,174,0.1527,0.012,0.5261,20214,1.0422,3691,0.24305,0.0429,0.052
88,15463,240,0.3678,0.1679,0.8129,5078,0.2799,20233,10.04608,0.1781,0.1845
89,33686,1153,0.0933,0.2032,0.2133,42210,1.3514,5572,12.80789,0.1845,0.1696
90,16549,412,0.0584,0.0588,0.1215,20537,1.3058,1604,0.46314,0.0963,0.0979
91,18736,17,0.674,0.0885,0.2369,15060,0.7669,8114,3.29333,0.2261,0.2542
92,16700,722,0.0268,0.0249,0.6234,22990,1.4844,3909,0.6528,0.0444,0.045
93,35411,612,0.668,0.0713,0.6527,27115,0.732,32304,2.84903,0.326,0.3663
94,34037,746,0.477,0.2255,0.9468,8402,0.2185,50949,8.3559,0.3805,0.3944
95,25266,387,0.506,0.2134,0.6736,8741,0.2983,32279,7.6629,0.3399,0.3518
96,18507,311,0.2494,0.0529,0.1217,20901,1.1643,3205,0.29421,0.1652,0.1944
97,33863,11,0.1447,0.5592,0.8415,5709,0.144,31407,9.72933,0.2515,0.2377
98,33770,635,0.991,0.1198,0.8938,14507,0.3774,45339,4.37607,0.3533,0.3756
99,30081,655,0.0345,0.0386,0.6779,33206,1.1547,5963,6.804,0.0653,0.062
100,27097,830,0.0265,0.3041,0.6279,30111,1.2031,6946,4.74067,0.0531,0.0488
101,38344,922,0.3774,0.0471,0.7283,35903,0.9362,29747,8.6165,0.2637,0.3008
102,24548,830,0.1137,0.3811,0.6128,17458,0.7776,19162,1.69467,0.2232,0.2071
103,34543,250,0.5749,0.0298,0.6342,30577,0.8616,16042,5.05133,0.1628,0.1877
104,27421,263,0.032,0.4075,0.528,23132,0.8724,7445,0.088,0.0642,0.0589
105,16061,455,0.0687,0.032,0.5147,18669,1.2126,5932,0.88736,0.0746,0.0835
106,22090,260,0.192,0.1067,0.7268,12920,0.5429,20353,4.74897,0.1953,0.205
107,36913,124,0.0592,0.0882,0.3389,33666,0.9162,5267,7.11109,0.1149,0.1067
108,22627,819,0.055,0.0171,0.7203,29456,1.3813,6708,4.31252,0.0611,0.0687
109,21524,135,0.1278,0.2023,0.3224,15849,0.7239,9796,2.76733,0.2232,0.2176
110,37825,201,0.198,0.036,0.7363,30872,0.787,18026,5.248,0.1638,0.1792
111,23222,497,0.1398,0.112,0.5012,19770,0.8597,15068,0.15333,0.2112,0.2175
112,26003,369,0.0625,0.1003,0.5818,22729,0.8943,9466,0.0,0.1191,0.1125
113,25789,835,0.0774,0.0114,0.7877,32971,1.348,7172,6.64926,0.0558,0.0667
114,33411,219,0.1778,0.0179,0.4485,33185,0.9931,6765,6.79,0.0961,0.112
115,32916,575,0.1109,0.093,0.4754,30581,0.9498,13029,5.054,0.1974,0.1932
116,19213,298,0.2241,0.0372,0.2111,21035,1.1206,4191,0.19042,0.1239,0.147
117,17290,841,0.668,0.1537,0.8488,9530,0.5192,35426,7.09141,0.2748,0.3091
118,24175,861,0.0259,0.3356,0.1967,32313,1.4435,2194,6.23993,0.0518,0.0476
119,23182,464,0.1333,0.023,0.1117,28058,1.2633,1699,3.40226,0.0955,0.1136
120,28562,456,0.4395,0.0617,0.617,23413,0.7951,22377,0.27533,0.238,0.2695
121,18358,1141,0.0483,0.2393,0.1758,29554,1.795,2538,4.68472,0.0962,0.0884
122,36488,866,0.0533,0.0189,0.3958,44402,1.2763,4460,14.26892,0.0793,0.083
123,28680,1180,0.0603,0.1167,0.3235,37863,1.4354,5414,9.91914,0.1201,0.1107
124,32686,572,0.0807,0.2367,0.1419,36302,1.1615,3333,8.87244,0.1609,0.1479
125,36693,1058,0.3473,0.5483,0.7856,9070,0.2413,57835,8.20848,0.5033,0.5167
126,23262,1111,0.0939,0.0817,0.7787,25247,1.1584,17724,1.498,0.1611,0.1618
127,16713,372,0.1883,0.3551,0.5752,6662,0.3828,21318,8.95466,0.2593,0.2661
128,17947,870,0.1426,0.0212,0.1894,27438,1.6591,2826,3.20908,0.089,0.1108
129,16519,889,0.022,0.0689,0.8334,22658,1.5203,4963,0.74243,0.0429,0.0396
130,19767,281,0.2168,0.1131,0.1305,20497,1.0544,5101,0.09463,0.2588,0.2818
131,39318,239,0.3034,0.2719,0.3221,25800,0.6317,22803,1.8805,0.5077,0.5015
132,33156,337,0.1316,0.1728,0.1194,33749,1.0414,4100,7.16879,0.2546,0.2392
133,32055,41,0.0352,0.0493,0.9491,25317,0.78,8656,1.54467,0.0666,0.063
134,36513,787,0.7838,0.0455,0.8054,31573,0.845,32636,5.77158,0.2581,0.2994
135,31192,1153,0.2072,0.1859,0.6796,22605,0.7544,33164,0.85937,0.3461,0.3485
136,29392,773,0.5562,0.3327,0.3952,17343,0.5646,36009,2.16428,0.6323,0.6623
137,25439,775,0.9195,0.0425,0.811,24621,0.964,25233,1.08094,0.1918,0.2309
138,19328,52,0.5537,0.1088,0.6004,9911,0.4384,16805,6.7823,0.2001,0.2077
139,26938,504,0.1114,0.237,0.5947,18268,0.7013,17468,1.15467,0.2123,0.2002
140,21584,729,0.0427,0.0946,0.3974,26295,1.31,4526,2.20239,0.0834,0.0772
141,25672,585,0.0593,0.4295,0.9175,15363,0.6595,17668,3.09428,0.1185,0.1089
142,28252,1113,0.4136,0.0555,0.4488,33477,1.2344,20476,6.98467,0.2809,0.3331
143,16393,780,0.6836,0.0622,0.2293,22679,1.4746,9137,0.58198,0.2359,0.2977
144,25702,374,0.1415,0.0112,0.2889,29169,1.1694,2628,4.12796,0.0547,0.067
145,18286,306,0.0288,0.2758,0.6473,15914,0.9192,6071,2.724,0.0571,0.0525
146,22646,568,0.3758,0.0185,0.5572,26533,1.2131,8239,2.35533,0.0878,0.1095
147,24916,156,0.9387,0.3241,0.4888,6753,0.2125,27708,8.98411,0.4229,0.4191
148,21546,1179,0.2757,0.273,0.3945,20495,1.0138,25178,0.01874,0.4452,0.4576
149,35234,661,0.8993,0.3214,0.3865,21444,0.5551,39868,1.63793,0.7333,0.755
150,26006,493,0.0336,0.0759,0.4154,28359,1.1411,3888,3.57958,0.0667,0.0615
151,16448,980,0.043,0.0286,0.2009,27203,1.8192,1943,3.32105,0.0677,0.071
152,24933,702,0.38,0.2335,0.4551,16079,0.6306,29658,2.66964,0.4452,0.4762
153,31825,163,0.9566,0.1807,0.2909,20617,0.5945,23688,0.35177,0.563,0.5986
154,24077,455,0.2696,0.3593,0.8794,4158,0.1563,34749,10.76474,0.2804,0.2854
155,39688,1023,0.0328,0.4366,0.6778,38935,1.0584,13029,10.62333,0.0656,0.0603
156,32717,801,0.0589,0.1937,0.2669,37765,1.2264,4632,9.84439,0.1166,0.1071
157,36373,38,0.5705,0.0118,0.5259,34263,0.9282,6381,7.50867,0.0753,0.0901
158,15090,639,0.101,0.4673,0.1751,18336,1.3306,4777,1.12141,0.1988,0.1833
159,32418,229,0.0338,0.1113,0.4644,30517,0.9609,4739,5.01309,0.067,0.0616
160,36406,976,0.1114,0.4849,0.2872,38109,1.1251,10115,10.07267,0.2205,0.2025
161,17865,859,0.0286,0.2375,0.5205,23387,1.4522,4810,0.58286,0.0572,0.0525
162,34467,791,0.0276,0.1053,0.2772,41651,1.277,2318,12.44004,0.0545,0.05
163,18619,775,0.0508,0.2656,0.8971,15605,0.9439,12993,2.93,0.1013,0.0933
164,29296,131,0.0829,0.1532,0.1285,28286,0.9752,2923,3.53885,0.1607,0.1493
165,26927,139,0.739,0.2703,0.3143,14075,0.4641,23814,4.02748,0.5364,0.5576
166,16277,518,0.0306,0.2584,0.3276,19403,1.2869,3105,0.50127,0.0613,0.0563
167,32623,1074,0.0241,0.394,0.8782,33159,1.1152,12352,6.77267,0.048,0.0441
168,16654,465,0.0221,0.1706,0.1007,21528,1.3762,712,0.61183,0.0443,0.0407
169,21496,979,0.4864,0.0959,0.8091,17296,0.7933,34682,2.07082,0.2749,0.3161
170,32520,1024,0.389,0.0459,0.6966,33377,1.0434,26923,6.92096,0.2423,0.285
171,25087,787,0.1037,0.0129,0.3118,33321,1.4089,3245,6.89633,0.066,0.0799
172,16533,499,0.3476,0.3272,0.8549,3316,0.1876,29258,11.26198,0.2365,0.2507
173,34330,989,0.2434,0.14,0.5335,28405,0.8462,28646,3.62371,0.3731,0.3854
174,23792,1053,0.0481,0.0144,0.1464,35811,1.6321,1356,8.62596,0.0589,0.0658
175,32348,966,0.0763,0.4377,0.4075,33594,1.1274,10376,7.06267,0.152,0.1396
176,38710,281,0.1151,0.0312,0.1689,40149,1.0501,3583,11.4355,0.1437,0.1543
177,31802,1072,0.4163,0.1031,0.2386,36780,1.2037,16501,9.18667,0.458,0.5021
178,22141,830,0.1613,0.0138,0.1918,31341,1.518,2336,5.62117,0.071,0.0897
179,21333,577,0.073,0.0117,0.3495,27196,1.3443,2686,2.82286,0.0485,0.0582
180,16263,47,0.0466,0.0164,0.4271,15656,0.9569,2510,2.91921,0.0374,0.0419
181,19641,360,0.6619,0.036,0.7403,18165,0.9118,14181,1.22333,0.1195,0.1418
182,30225,1075,0.331,0.026,0.3276,39726,1.3917,9428,11.15486,0.169,0.209
183,31159,428,0.0491,0.0104,0.4441,34803,1.1477,3236,7.87404,0.0486,0.0545
184,22463,234,0.0304,0.4449,0.3847,20349,0.9371,4924,0.11326,0.0599,0.055
185,35206,1186,0.7878,0.5735,0.116,42773,1.2769,16376,13.182,1.0,1.0
186,25593,637,0.5867,0.3093,0.478,11921,0.4347,35674,5.57257,0.5172,0.5503
187,37961,772,0.1225,0.0135,0.2727,45557,1.2517,3934,15.03957,0.0915,0.107
188,23663,1092,0.131,0.0579,0.7381,27042,1.2033,19096,2.69467,0.1734,0.1881
189,31541,510,0.8888,0.0102,0.8362,34287,1.108,9277,7.52467,0.0663,0.082
190,20267,996,0.4251,0.0877,0.553,21551,1.0945,25401,0.04221,0.2876,0.3379
191,21702,815,0.0826,0.242,0.5861,19750,0.9954,13202,0.16667,0.1617,0.1498
192,28005,277,0.1568,0.0417,0.5761,25022,0.8795,12506,1.348,0.1452,0.1597
193,39246,763,0.4715,0.0118,0.4143,45961,1.2128,6997,15.30733,0.0986,0.1242
194,24466,321,0.4664,0.2507,0.7599,5629,0.1901,31586,9.75493,0.3013,0.3044
195,25328,143,0.1632,0.4314,0.2005,19524,0.7707,8689,0.31733,0.3142,0.2945
196,24470,1181,0.7358,0.0195,0.8905,32797,1.418,18143,6.54316,0.1172,0.1514
197,37235,169,0.15,0.3571,0.6173,17155,0.449,25029,2.07296,0.2872,0.2699
198,28935,1170,0.0756,0.0362,0.3835,39215,1.4524,6708,10.82192,0.1209,0.1248
199,32623,496,0.0998,0.0195,0.1579,37430,1.186,2484,9.62712,0.0972,0.1102
200,36766,9,0.0644,0.5037,0.2093,31513,0.8578,5366,5.67573,0.1286,0.1181
201,16212,40,0.4537,0.0394,0.351,14314,0.8573,5516,3.79101,0.1002,0.1166
202,35584,724,0.2433,0.0357,0.5036,37356,1.0709,15371,9.57067,0.196,0.2241
203,31132,589,0.0855,0.535,0.6269,20713,0.7185,17717,0.0,0.1702,0.1564
204,23321,829,0.3037,0.0324,0.3495,29978,1.3562,9031,4.65576,0.1555,0.1917
205,19209,743,0.0356,0.0903,0.1453,26886,1.5127,1368,2.72981,0.0696,0.0643
206,26083,736,0.4654,0.1179,0.1339,30666,1.2243,9201,5.11067,0.4562,0.5006
207,21298,503,0.0345,0.4888,0.136,25436,1.2651,1898,1.68042,0.0686,0.063
208,15570,410,0.2359,0.0205,0.6917,17886,1.1825,7455,1.40933,0.0648,0.0805
209,16852,205,0.0225,0.015,0.1633,18952,1.1579,693,0.89454,0.0296,0.0315
210,34283,105,0.4388,0.2635,0.1955,25157,0.6996,16847,1.438,0.6038,0.6207
211,18646,1114,0.1248,0.0877,0.9208,19062,1.0846,24108,0.62533,0.1764,0.1895
212,28252,654,0.1298,0.0151,0.4685,33669,1.2423,5978,7.11267,0.0791,0.095
213,34153,220,0.0278,0.2022,0.1626,35058,1.0458,1735,8.05119,0.0545,0.05
214,27438,458,0.0361,0.3573,0.2498,29402,1.1217,3532,4.2759,0.0716,0.0657
215,28070,823,0.0804,0.0412,0.68,31071,1.1551,11949,5.38067,0.1209,0.1264
216,27196,275,0.4895,0.4453,0.9202,1601,0.0474,34834,12.50036,0.2802,0.2746
217,39150,1034,0.0204,0.0251,0.1754,50676,1.3726,975,18.45983,0.0405,0.0375
218,33230,948,0.0687,0.0202,0.2978,42572,1.354,4096,13.05078,0.0916,0.0997
219,29327,853,0.3695,0.0311,0.7889,31387,1.0907,21023,5.59133,0.1635,0.198
220,29673,272,0.1885,0.0154,0.2599,31581,1.0815,3379,5.72732,0.0803,0.096
221,15536,267,0.0518,0.3953,0.8033,7726,0.5268,11970,8.203,0.1022,0.0947
222,39285,773,0.6299,0.0906,0.7099,26616,0.6399,42125,3.01678,0.3984,0.4377
223,33739,859,0.1426,0.0374,0.7867,34500,1.045,19143,7.66667,0.1609,0.1771
224,26891,183,0.032,0.0165,0.7161,26427,0.9863,4603,2.28939,0.0447,0.0466
225,31182,259,0.0731,0.5058,0.7385,16089,0.5365,18431,2.66367,0.1453,0.1335
226,35919,8,0.153,0.1135,0.4839,24300,0.6441,16444,0.8865,0.2456,0.2436
227,26431,404,0.7467,0.0216,0.5933,27258,1.0403,10625,2.83867,0.1097,0.1334
228,22615,222,0.5747,0.0356,0.7686,18761,0.7934,14688,0.826,0.1239,0.1415
229,22629,866,0.0424,0.0723,0.3573,29595,1.4117,4068,4.41708,0.0828,0.0772
230,18276,892,0.0494,0.0172,0.8601,25783,1.5171,7315,1.9915,0.0547,0.0621
231,36855,886,0.2902,0.0372,0.7889,36177,0.9874,25409,8.78477,0.2073,0.2377
232,34186,611,0.0303,0.1357,0.7783,34018,1.0481,7531,7.34533,0.0599,0.055
233,33549,759,0.034,0.0388,0.195,41199,1.2925,1728,12.141,0.0655,0.0612
234,24321,124,0.0558,0.1394,0.6285,17505,0.7186,9449,1.66333,0.1081,0.1011
235,22009,98,0.3695,0.0168,0.1182,22650,1.0372,1353,0.48916,0.0688,0.0838
236,35152,543,0.0901,0.0429,0.7099,33112,0.9547,13912,6.74133,0.1377,0.1411
237,18323,636,0.0344,0.0126,0.5171,24641,1.4318,3044,1.2193,0.0382,0.0434
238,16749,614,0.6271,0.174,0.8116,7409,0.4076,30353,8.46916,0.2523,0.2761
239,35039,586,0.0785,0.1392,0.8865,25564,0.7554,18760,1.70933,0.1536,0.1431
240,29252,1160,0.051,0.0621,0.7682,34759,1.2843,10330,7.83933,0.0988,0.0927
241,26182,902,0.0807,0.1033,0.907,22955,0.929,18596,0.0,0.1499,0.1442
242,26611,914,0.0299,0.1907,0.7614,29997,1.2296,7605,4.66467,0.0599,0.055
243,33631,466,0.0301,0.1794,0.6899,32001,0.9928,7234,6.00067,0.0599,0.055
244,34891,908,0.6042,0.4939,0.1975,34551,0.9971,24782,7.70067,0.8769,0.887
245,38263,29,0.3898,0.0451,0.1877,35341,0.9086,7163,8.22733,0.2446,0.2782
246,17403,910,0.0266,0.1346,0.1442,27229,1.7209,1110,3.19086,0.0531,0.0488
247,34205,141,0.02,0.033,0.7483,32251,0.9498,4084,6.17063,0.0392,0.0363
248,38391,1004,0.9664,0.0185,0.3881,46794,1.2726,10588,15.86267,0.1594,0.2021
249,29471,753,0.7495,0.0448,0.5846,29764,1.0161,22025,4.50933,0.233,0.2788
250,27769,857,0.1628,0.045,0.2615,34531,1.3079,7521,7.68738,0.1876,0.2101
251,36641,448,0.605,0.0352,0.6024,33707,0.9073,19483,7.138,0.2063,0.2409
252,15965,43,0.685,0.0134,0.9069,14286,0.8716,5294,3.81006,0.0367,0.0432
253,15081,679,0.1179,0.3177,0.259,16971,1.2237,7910,2.01933,0.2258,0.2132
254,17945,263,0.8047,0.0131,0.8677,18721,1.0502,6650,0.85267,0.0464,0.0574
255,21850,189,0.0284,0.0659,0.8631,18554,0.8605,6434,0.964,0.0544,0.0508
256,21887,488,0.3595,0.0198,0.37,25695,1.2153,5713,1.79692,0.0909,0.113
257,22881,669,0.0634,0.0964,0.8892,19935,0.916,14345,0.04333,0.118,0.1136
258,19931,262,0.355,0.0854,0.7832,11869,0.5432,20580,5.44581,0.1789,0.1933
259,18284,488,0.1029,0.5563,0.5049,11225,0.6622,14464,5.85136,0.2013,0.1873
260,34810,677,0.1735,0.2839,0.5295,23223,0.6873,23925,0.15457,0.3284,0.3113
261,23594,51,0.0317,0.0324,0.1343,23455,0.9967,1062,0.60182,0.0545,0.0537
262,25139,290,0.3448,0.1731,0.5534,12787,0.4645,25370,4.87246,0.3226,0.3357
263,19661,616,0.1232,0.019,0.307,25664,1.3803,3803,1.81091,0.0746,0.0912
264,28920,456,0.2635,0.0196,0.7663,29515,1.0265,12287,4.34333,0.0993,0.1183
265,38274,974,0.1107,0.1189,0.7152,33234,0.9119,20617,6.82267,0.2112,0.1998
266,38119,186,0.6682,0.1532,0.402,22886,0.5471,29755,0.71434,0.519,0.5477
267,20198,1200,0.2066,0.565,0.2091,24911,1.3754,11486,1.29854,0.4046,0.3759
268,20141,212,0.1194,0.0226,0.4378,20534,1.0265,5028,0.10232,0.0733,0.0849
269,38700,369,0.293,0.3127,0.1638,34109,0.8841,12100,7.406,0.5378,0.5178
270,26063,1144,0.9354,0.2659,0.7537,9458,0.335,53399,7.73368,0.4803,0.5226
271,37814,27,0.2435,0.0549,0.2086,34166,0.8867,7615,7.444,0.2461,0.2665
272,26431,1066,0.0584,0.0795,0.8965,28316,1.1549,13730,3.544,0.1125,0.1061
273,30655,605,0.5261,0.056,0.9015,22933,0.7132,31078,0.63979,0.2276,0.2558
274,26495,1121,0.2983,0.0849,0.5387,27994,1.0929,25477,3.32971,0.3074,0.3472
275,32910,331,0.4834,0.0652,0.2519,31420,0.9496,12110,5.61333,0.3129,0.3576
276,24932,399,0.0708,0.0403,0.7787,23148,0.9349,11160,0.09867,0.0987,0.1038
277,30957,919,0.0483,0.1641,0.4657,35437,1.2316,6661,8.29133,0.0962,0.0884
278,33514,265,0.0313,0.2107,0.2465,33850,1.0337,2844,7.24096,0.0627,0.0576
279,19216,578,0.1907,0.1172,0.6607,14540,0.7532,21183,3.64,0.2166,0.2342
280,23593,536,0.0284,0.0802,0.7051,24911,1.1169,5479,1.27518,0.0556,0.0512
281,34324,1149,0.3294,0.0124,0.8092,43594,1.3341,13147,13.7298,0.0951,0.1203
282,32419,380,0.0349,0.4341,0.4517,29326,0.9398,7653,4.21733,0.0701,0.0643
283,34054,223,0.1111,0.1151,0.3807,28474,0.8344,10615,3.64933,0.2033,0.1953
284,16143,133,0.1037,0.1582,0.5903,9167,0.5383,12432,7.24208,0.1498,0.1512
285,33329,414,0.24,0.2021,0.3741,23965,0.7094,20615,0.64333,0.392,0.3918
286,39957,873,0.0364,0.054,0.343,47250,1.2454,3422,16.16894,0.0712,0.0657
287,20774,762,0.0717,0.3754,0.8555,13541,0.7358,17658,4.306,0.1426,0.1315
288,21536,440,0.0681,0.1273,0.3445,21916,1.0618,5962,0.004,0.1304,0.1228
289,20981,260,0.1999,0.202,0.9109,5681,0.2343,25510,9.67156,0.201,0.203
290,38629,420,0.0204,0.0152,0.1474,43103,1.1475,726,13.41349,0.0377,0.0365
291,27217,329,0.0488,0.1669,0.526,24092,0.9165,7323,0.728,0.096,0.0884
292,18691,179,0.0351,0.1321,0.1604,19418,1.0655,1504,0.61198,0.0697,0.0643
293,30780,601,0.3548,0.1095,0.3847,26831,0.8664,21396,2.554,0.375,0.4093
294,15740,151,0.5991,0.0144,0.2611,16867,1.0882,1993,2.13083,0.0449,0.0563
295,27719,791,0.0291,0.4539,0.6552,27623,1.0821,9588,3.082,0.0572,0.0525
296,19252,286,0.1485,0.0592,0.1725,20722,1.1004,4054,0.20484,0.1557,0.1729
297,23951,879,0.2297,0.1193,0.1782,29820,1.318,8821,4.54706,0.3344,0.3551
298,37818,788,0.1719,0.0203,0.7083,41306,1.1197,13931,12.204,0.1257,0.146
299,32625,812,0.3352,0.056,0.5622,31732,0.9802,23226,5.82133,0.2644,0.3015
300,17394,1117,0.0911,0.2565,0.3203,23914,1.543,7800,1.01361,0.1787,0.1651
301,20736,281,0.1597,0.0145,0.1333,23630,1.1742,1283,0.65034,0.0582,0.0711
302,37271,678,0.0559,0.3253,0.4704,36089,1.0225,9333,8.726,0.1109,0.1018
303,26393,1085,0.2679,0.1817,0.5181,22069,0.8633,29595,0.48368,0.3916,0.4113
304,16663,1077,0.711,0.0179,0.3432,28027,1.8438,5677,3.81037,0.0917,0.1248
305,18848,161,0.6508,0.0115,0.7227,18901,1.0057,4881,0.74207,0.0413,0.0503
306,16408,636,0.1867,0.0432,0.6607,18675,1.1769,13162,0.88333,0.1253,0.1477
307,28261,842,0.0309,0.0346,0.6492,34226,1.2875,5219,7.48445,0.0587,0.0557
308,39795,695,0.7881,0.0344,0.4386,41167,1.0445,17688,12.11133,0.2468,0.2978
309,17758,616,0.8231,0.1739,0.6326,9843,0.5146,29482,6.81581,0.3119,0.3455
310,27692,502,0.222,0.404,0.5961,11023,0.3885,30446,6.10109,0.3646,0.3622
311,36255,773,0.0465,0.0405,0.5377,40485,1.1678,6455,11.65667,0.0879,0.0837
312,21148,852,0.1233,0.1363,0.1899,27197,1.3818,5930,2.81127,0.2255,0.2195
313,17182,890,0.0226,0.019,0.1823,27283,1.7385,914,3.25209,0.0377,0.0381
314,37810,886,0.093,0.0998,0.4706,38891,1.0802,11420,10.594,0.1794,0.1684
315,33461,717,0.7773,0.0936,0.6934,22512,0.6314,38501,1.43943,0.3689,0.4098
316,22083,687,0.0339,0.0141,0.259,29433,1.4181,1757,4.3298,0.0439,0.0479
317,30797,1133,0.0319,0.3556,0.7283,34235,1.222,10159,7.49,0.0627,0.0576
318,22887,815,0.0238,0.0206,0.6651,30085,1.4063,3823,4.74216,0.0417,0.0409
319,38683,210,0.0775,0.5844,0.1219,37402,0.9831,3804,9.60412,0.1542,0.1417
320,35129,341,0.1254,0.1113,0.2155,34099,0.9858,6813,7.39933,0.2295,0.2208
321,32554,612,0.2235,0.0403,0.5908,31871,0.9857,17262,5.914,0.1885,0.2134
322,36548,376,0.1406,0.0106,0.5242,38746,1.0766,5682,10.49739,0.0672,0.0803
323,34870,871,0.0874,0.0684,0.7285,33869,1.0092,15939,7.246,0.1569,0.1531
324,29224,1144,0.3,0.1843,0.9024,14377,0.4873,47583,4.49513,0.3592,0.3832
325,16850,16,0.0312,0.4908,0.7209,8767,0.5216,8311,7.51224,0.0613,0.0563
326,16274,962,0.0202,0.0129,0.3071,27082,1.8325,1411,3.28474,0.0299,0.032
327,23788,612,0.0952,0.0135,0.3993,29608,1.3058,3985,4.41048,0.0609,0.0735
328,28585,87,0.5462,0.1009,0.2155,23923,0.8085,11647,0.61533,0.36,0.3999
329,22787,1169,0.0204,0.0343,0.2365,35702,1.7172,1274,8.59584,0.0404,0.0374
330,34127,654,0.0331,0.4486,0.4362,34368,1.0646,7607,7.57867,0.0656,0.0603
331,39164,460,0.0647,0.115,0.7838,31826,0.8362,13962,5.884,0.1275,0.1179
332,20182,1113,0.6204,0.0416,0.5192,27725,1.4542,17724,3.19164,0.1976,0.2509
333,15267,18,0.4941,0.1775,0.1172,12737,0.8023,5536,4.84225,0.3162,0.35
334,27342,75,0.1638,0.0233,0.3152,26040,0.9448,4770,2.0308,0.0968,0.1107
335,19107,1165,0.0296,0.0514,0.1727,31984,1.8514,1343,6.28412,0.0578,0.0537
336,26299,191,0.0317,0.1032,0.272,26181,1.0158,2504,2.15236,0.0626,0.0576
337,16086,222,0.5515,0.0145,0.71,16797,1.0539,5458,2.1361,0.0464,0.057
338,23998,925,0.2761,0.0488,0.4647,28854,1.2534,15578,3.90267,0.208,0.2461
339,39171,630,0.0402,0.0861,0.7023,38947,1.0388,8048,10.63133,0.0792,0.0729
340,21428,196,0.1104,0.0458,0.6441,18174,0.8312,10434,1.21733,0.1102,0.1193
341,37840,1000,0.257,0.0125,0.4921,46867,1.2957,8312,15.91133,0.1006,0.1248
342,33448,1191,0.6655,0.0617,0.5891,34502,1.0454,31648,7.69987,0.3452,0.3986
343,23041,252,0.0526,0.1269,0.3819,21224,0.9437,5418,0.06126,0.1019,0.0947
344,15091,579,0.1135,0.1313,0.6889,12258,0.8389,16575,5.16133,0.1645,0.1732
345,30168,776,0.3804,0.0124,0.1217,38861,1.3594,1856,10.58484,0.0865,0.1106
346,17922,617,0.7537,0.5231,0.5831,4111,0.2071,33969,10.76084,0.3982,0.427
347,39514,1187,0.0421,0.0317,0.9286,46089,1.236,10087,15.39267,0.0799,0.0761
348,37553,249,0.432,0.5008,0.2551,25604,0.6295,25013,1.75182,0.6816,0.6887
349,31437,761,0.0761,0.1926,0.7981,24858,0.8445,17011,1.23867,0.1511,0.1395
350,20439,444,0.0502,0.1237,0.6622,18173,0.9313,8867,1.218,0.0972,0.091
351,39411,376,0.3802,0.1545,0.4168,26487,0.6402,28436,2.36106,0.4738,0.4939
352,21211,754,0.3539,0.3325,0.5369,10446,0.4847,32805,6.46208,0.4153,0.4434
353,35517,735,0.2703,0.3367,0.6054,16583,0.4638,38156,2.77971,0.447,0.4449
354,27271,550,0.6861,0.0758,0.9019,16986,0.5782,32663,2.20293,0.2424,0.2686
355,36693,488,0.057,0.0112,0.5735,40096,1.1193,5043,11.39778,0.0577,0.0643
356,38260,834,0.0653,0.0122,0.4957,45737,1.2478,5406,15.15813,0.071,0.0791
357,27980,27,0.4947,0.0245,0.749,22862,0.7782,11986,0.0,0.1037,0.1185
358,19461,759,0.0512,0.0195,0.9254,24668,1.3416,8350,1.12062,0.0585,0.0654
359,20747,448,0.3993,0.1109,0.6975,13006,0.5851,24794,4.67836,0.2406,0.2631
360,15932,998,0.0225,0.1918,0.4408,24798,1.7439,3119,1.92829,0.0444,0.0407
361,20189,1014,0.1279,0.0391,0.9207,24315,1.2694,18276,0.87667,0.127,0.1454
362,37051,214,0.1262,0.0659,0.9152,24597,0.6309,23008,1.08933,0.1774,0.1813
363,32924,1091,0.0267,0.0131,0.7811,43004,1.3912,4949,13.33992,0.0443,0.0449
364,18356,275,0.2398,0.0238,0.421,19507,1.0789,5508,0.33272,0.0812,0.0975
365,31383,1182,0.2835,0.0434,0.6619,35578,1.1732,23818,8.38533,0.2274,0.2646
366,19263,363,0.0947,0.2471,0.3459,16527,0.8872,8495,2.31533,0.181,0.1703
367,34241,845,0.6507,0.098,0.6969,23750,0.6609,40731,1.73464,0.3873,0.4315
368,30669,811,0.0328,0.1464,0.8647,31555,1.1069,8908,5.70333,0.0656,0.0603
369,20003,1112,0.2382,0.011,0.2263,32612,1.7861,2522,6.61984,0.0628,0.0826
370,22612,91,0.5077,0.2906,0.4248,8427,0.3115,22174,7.82328,0.3823,0.3839
371,34850,1004,0.81,0.1137,0.3568,32850,0.9432,28697,6.57819,0.5545,0.5908
372,24210,444,0.0285,0.2809,0.354,25704,1.1167,3835,1.81701,0.0572,0.0525
373,20023,130,0.4855,0.2178,0.7692,4263,0.1618,22776,10.64363,0.223,0.2192
374,19103,535,0.0375,0.1933,0.6599,18591,1.0486,7189,0.93933,0.0746,0.0686
375,37758,631,0.0213,0.0101,0.7484,42955,1.1792,3698,13.30554,0.0344,0.035
376,33708,341,0.3001,0.0236,0.7108,31686,0.9304,14322,5.79067,0.1284,0.1496
377,28299,442,0.1879,0.2267,0.7114,12755,0.4302,29067,4.93166,0.2899,0.2913
378,36316,306,0.0774,0.0447,0.3826,35408,0.9842,6878,8.272,0.1282,0.1289
379,33629,1102,0.3227,0.1792,0.5329,25354,0.7662,35912,1.94478,0.4639,0.4847
380,23410,725,0.0536,0.0426,0.5397,27739,1.2507,6956,3.15933,0.0913,0.0919
381,30368,670,0.2286,0.0388,0.9343,27234,0.8916,23661,2.82267,0.1644,0.1866
382,33423,195,0.3209,0.0713,0.8454,19572,0.5289,27745,0.70025,0.2281,0.2412
383,15373,125,0.085,0.0187,0.8539,14298,0.921,5738,3.80143,0.0435,0.0501
384,35348,636,0.145,0.0324,0.4502,37701,1.0911,10756,9.80067,0.156,0.173
385,37508,349,0.0365,0.0411,0.2257,39850,1.0865,2205,11.24043,0.0709,0.0666
386,33780,755,0.6012,0.0218,0.6597,36863,1.114,15885,9.242,0.1477,0.1797
387,34219,898,0.3172,0.1926,0.9121,13356,0.3717,48943,5.21233,0.3731,0.39
388,28753,790,0.9939,0.2253,0.3975,19352,0.6397,35139,1.16878,0.6289,0.6592
389,37306,305,0.1846,0.0536,0.536,31717,0.8336,16771,5.81133,0.2129,0.228
390,20914,174,0.6888,0.0832,0.4908,14991,0.6671,16164,3.34113,0.2206,0.2452
391,24817,859,0.1936,0.0733,0.2053,31403,1.3393,7716,5.60353,0.2511,0.2758
392,15438,287,0.1145,0.1373,0.9028,7388,0.4493,17724,8.44941,0.1369,0.1419
393,20884,1058,0.1158,0.2931,0.4744,21138,1.1249,14585,0.0,0.2251,0.2096
394,21866,1041,0.9508,0.0127,0.7033,31569,1.5485,9416,5.77242,0.075,0.0995
395,23359,254,0.1675,0.011,0.4061,25124,1.0944,3281,1.44464,0.0496,0.06
396,36000,273,0.052,0.0396,0.9467,30539,0.845,11939,5.026,0.0911,0.089
397,30442,291,0.0401,0.4829,0.5305,24480,0.8328,9457,0.98667,0.0794,0.0729
398,37153,869,0.2093,0.0388,0.3438,42435,1.1832,11247,12.95667,0.2123,0.2409
399,16796,1153,0.3744,0.0122,0.7669,28234,1.8397,8571,3.92574,0.0616,0.0824
400,21665,1039,0.2598,0.082,0.7544,21017,0.9939,28097,0.326,0.2405,0.2732
401,38421,1120,0.0203,0.0572,0.198,50595,1.4041,1277,18.40665,0.0408,0.0375
402,20303,241,0.3844,0.1011,0.3783,16155,0.7659,14258,2.56333,0.2498,0.2786
403,25013,901,0.1763,0.0448,0.5212,29568,1.2324,14252,4.37867,0.1744,0.1995
404,17758,510,0.3819,0.1857,0.8852,6159,0.3148,29057,9.326,0.2263,0.2418
405,37766,474,0.0519,0.023,0.2047,41906,1.1418,2423,12.60962,0.0826,0.0844
406,21513,526,0.5029,0.1907,0.5925,10974,0.4699,29622,6.0855,0.3418,0.3676
407,26968,761,0.0463,0.0229,0.4266,33571,1.3155,4318,7.04975,0.0702,0.0729
408,28875,207,0.0354,0.0121,0.6635,29249,1.0203,4073,4.17094,0.0409,0.0444
409,34845,735,0.5349,0.2511,0.3234,26475,0.7396,30690,2.39284,0.6622,0.6897
410,21012,134,0.2308,0.0779,0.6678,13530,0.5951,16074,4.32747,0.166,0.1771
411,36550,171,0.6941,0.3222,0.8042,4331,0.0798,40843,10.77838,0.3874,0.3716
412,20495,834,0.1348,0.0248,0.7834,25738,1.3205,12083,1.82661,0.0958,0.114
413,33010,736,0.0755,0.1508,0.9061,25210,0.8069,18586,1.47333,0.1478,0.1372
414,32990,281,0.2715,0.0114,0.8382,32752,0.9914,9043,6.50133,0.0673,0.0806
415,30917,86,0.121,0.5366,0.7769,7968,0.2429,26424,8.16611,0.2275,0.2139
416,37267,723,0.0599,0.0136,0.6831,42403,1.1772,7193,12.93533,0.0698,0.0766
417,35121,1129,0.0643,0.1437,0.456,40638,1.248,8357,11.75867,0.1284,0.1181
418,27686,65,0.0428,0.168,0.7622,19305,0.6992,9463,0.46334,0.0841,0.0774
419,24864,637,0.2831,0.0319,0.5234,27727,1.147,12201,3.15133,0.1438,0.1716
420,20805,183,0.2156,0.046,0.8672,15109,0.6845,15302,3.26107,0.1186,0.1304
421,22932,444,0.041,0.0487,0.2578,26317,1.1972,2643,2.23939,0.0748,0.0722
422,35912,967,0.0342,0.1121,0.7245,40042,1.1944,7553,11.36133,0.0685,0.063
423,34800,1148,0.8429,0.0645,0.428,37749,1.1067,25870,9.83309,0.3969,0.4461
424,34050,339,0.1752,0.3238,0.3668,23605,0.6979,17040,0.40339,0.3348,0.3149
425,32405,870,0.3553,0.1,0.3513,32403,1.0176,21068,6.26867,0.3947,0.436
426,15903,563,0.0317,0.2579,0.2816,19983,1.3617,2703,0.40356,0.0627,0.0576
427,36513,283,0.063,0.5582,0.7777,19908,0.5678,20042,0.44492,0.1245,0.1144
428,28449,464,0.0217,0.0101,0.494,32731,1.1925,2250,6.49933,0.0316,0.0331
429,39368,482,0.3743,0.0317,0.5732,37500,0.9486,17502,9.66667,0.1959,0.2258
430,21759,292,0.0556,0.0237,0.5574,22461,1.0494,5439,0.05905,0.0644,0.0701
431,37974,81,0.0691,0.0226,0.2914,36700,0.9642,3900,9.13601,0.091,0.0961
432,30334,28,0.0207,0.5575,0.8356,16250,0.5385,14420,2.55732,0.0408,0.0375
433,37972,291,0.193,0.0677,0.374,33772,0.8779,13640,7.18133,0.2513,0.2651
434,36003,1028,0.4759,0.0944,0.1659,42538,1.2336,12189,13.02533,0.4977,0.5387
435,28567,1023,0.1254,0.0299,0.5329,35746,1.321,11278,8.49762,0.1358,0.1539
436,16991,196,0.7496,0.5842,0.1578,10970,0.6023,14565,6.02881,0.6475,0.6762
437,38632,275,0.1758,0.3868,0.3237,27601,0.72,15900,3.06733,0.3449,0.3206
438,39232,945,0.1656,0.4862,0.7741,18284,0.5003,36239,1.77523,0.3217,0.2996
439,32994,497,0.0201,0.012,0.8934,36176,1.1303,4205,8.78603,0.0333,0.0334
440,36639,164,0.7213,0.126,0.3715,24367,0.6152,25805,0.9579,0.4736,0.5094
441,24094,1013,0.9395,0.0574,0.7223,24517,1.0234,29995,1.13985,0.2544,0.3055
442,29383,1000,0.0407,0.1413,0.5021,35549,1.3099,5936,8.36607,0.081,0.0744
443,26426,74,0.0962,0.1114,0.8487,14045,0.4953,17934,4.02823,0.1533,0.1509
444,24019,1022,0.2902,0.1329,0.4581,23610,1.0157,24747,0.40667,0.3598,0.3932
445,32489,879,0.1066,0.0316,0.6981,35953,1.1461,13847,8.63533,0.1329,0.1444
446,24812,725,0.0969,0.1313,0.5619,23009,0.9737,13926,0.006,0.1793,0.1725
447,22199,931,0.1327,0.4821,0.7729,10975,0.5564,27254,6.04035,0.2525,0.2389
448,31631,430,0.0829,0.123,0.8699,21479,0.6867,18692,0.04423,0.1565,0.149
449,16366,1071,0.0522,0.385,0.7406,18090,1.2894,11442,1.27333,0.1034,0.095
450,17540,1055,0.2648,0.2106,0.6456,13172,0.7779,31765,4.60736,0.3283,0.3584
451,28214,576,0.0235,0.0211,0.8693,31451,1.1614,5127,5.63475,0.0425,0.0415
452,34987,112,0.057,0.2816,0.2569,31519,0.9101,4833,5.68066,0.1128,0.1036
453,35176,714,0.0236,0.0104,0.9079,40871,1.2101,4782,11.91469,0.0367,0.0377
454,31561,184,0.0755,0.087,0.8903,21097,0.6531,16461,0.15638,0.1341,0.1299
455,28076,206,0.7262,0.0189,0.211,29238,1.0517,3528,4.1668,0.1019,0.1252
456,26888,384,0.5627,0.2858,0.4446,12095,0.4045,30869,5.39674,0.4899,0.5099
457,15208,1082,0.0223,0.0152,0.468,26966,1.9717,2341,3.48606,0.0347,0.0367
458,30067,1188,0.1082,0.0325,0.1127,43086,1.5427,2558,13.41998,0.1476,0.1609
459,23874,794,0.0324,0.3622,0.6016,25932,1.1858,7474,1.95467,0.0642,0.0589
460,37929,644,0.4119,0.2044,0.9178,10949,0.2517,50402,6.767,0.3919,0.4014
461,29215,941,0.3187,0.0166,0.6602,36312,1.3011,11694,8.87467,0.1053,0.1311
462,29978,1010,0.3639,0.1606,0.6944,18812,0.6154,41255,1.90644,0.403,0.4337
463,27563,532,0.8175,0.334,0.7827,4436,0.1349,41465,10.68709,0.3811,0.3898
464,24277,699,0.5401,0.2834,0.238,21068,0.8705,21439,0.0,0.6249,0.6555
465,39689,64,0.5991,0.561,0.1152,33864,0.823,14121,7.24267,0.8611,0.8724
466,21733,502,0.0752,0.0246,0.4811,25043,1.1955,5795,1.36217,0.0785,0.0891
467,32306,1071,0.0706,0.0128,0.6148,42129,1.3845,6824,12.75578,0.0708,0.0816
468,34567,225,0.1684,0.0187,0.6092,33096,0.9504,9414,6.73067,0.0991,0.1139
469,31965,436,0.6526,0.0862,0.8522,17502,0.4933,34971,2.0856,0.2824,0.3028
470,30107,542,0.1234,0.4566,0.4865,20331,0.7138,17320,0.0,0.244,0.225
471,38052,617,0.191,0.1958,0.8117,18686,0.4792,36192,1.64224,0.3194,0.3158
472,16756,249,0.0434,0.5967,0.1627,17214,1.0719,2531,1.89289,0.0859,0.0789
473,32300,244,0.6238,0.0105,0.7066,32388,1.002,7432,6.25867,0.0636,0.0766
474,29120,2,0.7912,0.027,0.6293,23870,0.7813,11689,0.58,0.1196,0.1373
475,23421,408,0.3115,0.1723,0.3939,16809,0.6966,19982,2.12736,0.3522,0.3746
476,33695,761,0.7558,0.016,0.9469,36600,1.1055,17171,9.06667,0.1092,0.1349
477,35628,39,0.054,0.0694,0.7801,27017,0.746,10849,2.678,0.1022,0.0964
478,26189,1140,0.0787,0.0114,0.7604,37048,1.5173,7538,9.39331,0.0605,0.0731
479,25104,1000,0.0266,0.593,0.1796,34235,1.4832,2869,7.52208,0.0531,0.0488
480,30709,591,0.1288,0.0922,0.7269,24095,0.7872,21030,0.73,0.2052,0.2079
481,30711,331,0.0591,0.0112,0.6781,32252,1.0673,5172,6.16862,0.0506,0.0569
482,33477,233,0.4615,0.3493,0.8574,3689,0.0833,39332,11.16899,0.3424,0.3325
483,15720,660,0.2703,0.0175,0.7758,20867,1.4055,8564,0.35178,0.064,0.0821
484,17059,194,0.3777,0.2628,0.8904,2406,0.1088,21983,11.89373,0.1828,0.1814
485,22050,762,0.6365,0.016,0.531,28769,1.3743,7749,3.85397,0.0847,0.1094
486,25350,465,0.0729,0.1203,0.4706,23628,0.9648,8976,0.41867,0.1396,0.1319
487,17535,768,0.0814,0.5585,0.8773,8722,0.5812,20209,7.52908,0.1591,0.1477
488,31906,976,0.9519,0.1064,0.8581,18759,0.5475,47993,2.60785,0.374,0.4137
489,38716,562,0.0395,0.5264,0.6926,29935,0.8167,15525,4.62333,0.0778,0.0714
490,31849,141,0.0244,0.0121,0.4899,31982,1.0111,2538,5.99908,0.036,0.0371
491,37974,737,0.178,0.0236,0.8621,38548,1.0286,18288,10.36533,0.1365,0.1558
492,26505,1084,0.6494,0.0168,0.8824,34242,1.3574,15913,7.49711,0.1055,0.1344
493,19437,725,0.1689,0.0773,0.1379,25950,1.4234,4572,2.01481,0.2159,0.2382
494,15682,468,0.3712,0.0212,0.3506,19702,1.3179,4608,0.25395,0.0767,0.0966
495,32861,306,0.8645,0.114,0.7396,15278,0.4005,35184,3.47216,0.3352,0.3499
496,24379,980,0.0404,0.2106,0.3919,31232,1.4008,4931,5.49943,0.081,0.0744
497,24737,95,0.4865,0.0344,0.684,19883,0.7642,13147,0.078,0.1251,0.1421
498,35677,548,0.9556,0.0219,0.6347,36373,1.0247,15193,8.91533,0.1469,0.178
499,34984,470,0.1627,0.1057,0.1102,37691,1.1071,4304,9.79563,0.2831,0.2805
500,22164,706,0.4533,0.1645,0.5241,15498,0.6821,29322,3.0362,0.37,0.4096
501,28927,361,0.2468,0.0344,0.2101,31029,1.0923,5340,5.35312,0.163,0.1904
502,26440,425,0.0886,0.0389,0.2645,28986,1.1282,4722,3.99293,0.1204,0.1281
503,30080,142,0.1061,0.3288,0.7055,13288,0.4337,20562,4.56183,0.2037,0.1905
504,34980,1054,0.178,0.0134,0.61,44054,1.3231,9641,14.03621,0.0963,0.1169
505,18314,59,0.3811,0.1304,0.2479,13951,0.7239,9726,4.03267,0.2649,0.289
506,23929,127,0.684,0.2189,0.8593,3603,0.1064,26974,11.11094,0.2392,0.2312
507,17481,417,0.7531,0.4785,0.191,12654,0.6994,17937,4.89733,0.6521,0.6805
508,16229,128,0.1609,0.0349,0.2179,16425,1.0166,3113,2.40263,0.0897,0.105
509,36241,1132,0.105,0.0513,0.133,47718,1.4021,3323,16.48459,0.1799,0.1797
510,31722,688,0.1847,0.28,0.9243,10799,0.3359,39307,6.43174,0.3003,0.2997
511,24444,185,0.021,0.0266,0.2184,25743,1.0721,1204,1.89707,0.0389,0.0372
512,36065,1026,0.033,0.0268,0.6765,43964,1.2915,5766,13.97602,0.0624,0.0593
513,35961,974,0.4513,0.2001,0.7439,16306,0.4274,51130,3.80212,0.4724,0.501
514,24065,345,0.8013,0.087,0.9137,12308,0.4495,28211,5.2065,0.2143,0.2287
515,17236,735,0.0338,0.3115,0.2375,23377,1.4838,2686,0.74851,0.0671,0.0616
516,21689,1167,0.2307,0.1673,0.6553,18213,0.8737,31321,1.36455,0.3236,0.3451
517,22454,525,0.1206,0.1064,0.4431,21059,0.9622,12117,0.0,0.1931,0.1965
518,23075,110,0.2833,0.0713,0.704,14535,0.5738,17608,3.66753,0.1729,0.1844
519,16646,832,0.0899,0.0204,0.866,22916,1.4672,9697,0.55733,0.069,0.0825
520,36759,338,0.5462,0.0299,0.8342,31190,0.8188,21660,5.46,0.168,0.193
521,21149,720,0.0239,0.1047,0.1572,28717,1.4594,1088,3.88278,0.0468,0.043
522,21047,374,0.1343,0.3564,0.3445,15610,0.7608,12010,2.92667,0.2548,0.2404
523,34790,728,0.0508,0.3072,0.259,38989,1.1834,4541,10.66044,0.1016,0.0933
524,34862,280,0.0375,0.0526,0.4036,34589,1.0108,4099,7.72859,0.0734,0.0683
525,36387,956,0.3805,0.1143,0.2574,38338,1.083,18520,10.22533,0.4832,0.5219
526,35510,652,0.0433,0.3348,0.7203,31272,0.9355,12070,5.51467,0.0859,0.0789
527,20533,1003,0.0319,0.0628,0.4773,29093,1.5519,4054,4.15293,0.0621,0.0575
528,29884,599,0.0683,0.3046,0.3826,29140,1.0333,8034,4.09333,0.1348,0.1238
529,20369,529,0.0622,0.0708,0.8462,18302,0.9238,12528,1.132,0.1056,0.1056
530,16893,194,0.5291,0.0206,0.5443,16971,1.0078,5745,2.01951,0.0656,0.0794
531,33853,637,0.1585,0.0433,0.1243,39715,1.2176,3622,11.14614,0.1976,0.2155
532,34212,177,0.5449,0.1195,0.5972,18142,0.4677,30076,1.55548,0.3577,0.3726
533,17875,111,0.0677,0.2851,0.3411,13473,0.7581,6378,4.35133,0.1327,0.1232
534,15845,18,0.3086,0.0141,0.6949,14328,0.8816,4213,3.78601,0.0377,0.0446
535,34198,1197,0.711,0.1928,0.7459,16098,0.4419,56742,4.32099,0.5218,0.5608
536,39114,460,0.3567,0.5262,0.5006,15451,0.3565,40425,3.6255,0.5653,0.5619
537,23083,1012,0.2355,0.014,0.1677,34422,1.6128,2436,7.69489,0.0827,0.1065
538,39791,160,0.7482,0.4931,0.7701,3513,0.0535,44110,11.37981,0.4346,0.4129
539,16141,874,0.0621,0.0181,0.4232,25111,1.693,3985,1.93424,0.0596,0.0703
540,35981,37,0.0286,0.0118,0.2884,35428,0.9833,1674,8.29784,0.0413,0.0429
541,25452,1139,0.468,0.387,0.3019,22435,0.9044,29873,0.51295,0.6819,0.7078
542,37003,779,0.0786,0.0344,0.5896,39999,1.1181,10414,11.33267,0.1241,0.1274
543,39942,203,0.0965,0.2849,0.7977,20841,0.5267,22594,0.57762,0.1907,0.1761
544,31704,31,0.033,0.0719,0.8133,25186,0.7906,7435,1.45733,0.0648,0.0601
545,30545,531,0.608,0.0159,0.4405,34202,1.1487,7388,7.468,0.1007,0.1257
546,36196,412,0.0409,0.4769,0.8364,24372,0.7075,16769,0.91467,0.081,0.0744
547,39834,537,0.3302,0.0972,0.2786,36991,0.93,16923,9.32733,0.4117,0.4406
548,30294,776,0.1214,0.3964,0.4281,25741,0.9144,14623,1.82733,0.2389,0.22
549,15232,1143,0.091,0.0372,0.2559,27053,1.9713,4485,3.51191,0.1134,0.1284
550,28484,177,0.1014,0.0681,0.749,20522,0.6956,15524,0.01472,0.1461,0.1489
551,37870,281,0.4172,0.0445,0.855,27568,0.6866,26887,3.05213,0.21,0.2323
552,26538,624,0.4083,0.0109,0.3547,32799,1.2929,3851,6.53658,0.0651,0.0826
553,23551,1048,0.6757,0.0524,0.1513,33712,1.5332,6946,7.18351,0.2849,0.3432
554,24959,462,0.2056,0.3742,0.8374,5728,0.218,33539,9.69116,0.2814,0.2846
555,27883,176,0.0812,0.0854,0.6086,21418,0.7576,11743,0.0,0.1395,0.137
556,39963,589,0.062,0.0108,0.808,43421,1.1121,7686,13.614,0.0614,0.0693
557,35582,683,0.5219,0.4673,0.4686,17194,0.4208,44158,2.90388,0.6568,0.681
558,37982,508,0.1328,0.0188,0.2194,42376,1.1458,3920,12.91919,0.1129,0.129
559,31195,95,0.1064,0.0644,0.2211,28923,0.9226,5220,3.94952,0.1656,0.1674
560,22010,122,0.2637,0.2275,0.2227,16233,0.712,11475,2.51133,0.3607,0.3719
561,22279,307,0.2436,0.2826,0.9091,4051,0.1566,29201,10.79491,0.2319,0.233
562,39920,105,0.0599,0.4613,0.8967,19901,0.5055,21336,0.65156,0.1186,0.1089
563,17613,455,0.2455,0.1174,0.3675,16213,0.9296,13693,2.52467,0.2464,0.2735
564,28229,556,0.027,0.2276,0.5344,29536,1.1053,5367,4.35784,0.0531,0.0488
565,29411,301,0.8789,0.5732,0.2801,17143,0.5042,29886,2.07801,0.7532,0.7733
566,20160,30,0.9169,0.0171,0.535,18476,0.8945,5111,1.0203,0.0605,0.0716
567,17604,1007,0.0381,0.4817,0.3485,24880,1.5846,4813,1.57692,0.0762,0.07
568,33375,936,0.3228,0.1162,0.5888,26510,0.7892,33026,2.48784,0.3779,0.4092
569,26682,555,0.4996,0.0573,0.4074,26606,1.0023,16007,2.404,0.2499,0.2919
570,15797,485,0.4971,0.0802,0.8302,11501,0.6984,21553,5.666,0.1678,0.1914
571,17154,305,0.0357,0.0152,0.4029,19685,1.1901,2324,0.44026,0.0377,0.0418
572,20390,798,0.309,0.0611,0.6921,20749,1.0348,21684,0.0,0.1979,0.2317
573,25236,64,0.0345,0.541,0.8367,12727,0.5117,13287,4.88915,0.0685,0.063
574,15568,962,0.0935,0.1831,0.3221,21179,1.5019,7821,0.67288,0.1776,0.1685
575,28984,165,0.104,0.1027,0.4667,22582,0.7675,11556,0.0,0.1781,0.1758
576,38522,964,0.0721,0.0561,0.8348,38529,1.0452,15331,10.35267,0.1336,0.1284
577,25277,510,0.0696,0.1984,0.7675,18259,0.7593,14603,1.16067,0.137,0.1273
578,35907,288,0.8397,0.0117,0.676,36018,1.0039,8761,8.67867,0.0801,0.0967
579,15344,342,0.0617,0.192,0.7998,9396,0.6333,12687,7.07283,0.1137,0.1093
580,18182,335,0.0982,0.4841,0.8931,4412,0.2477,21996,10.50079,0.1704,0.1663
581,19825,448,0.112,0.015,0.5877,23102,1.2094,5376,0.09454,0.0566,0.0683
582,37173,687,0.0791,0.2648,0.7517,28097,0.8048,17754,3.398,0.1563,0.1437
583,35564,141,0.1152,0.0219,0.271,35147,0.9881,4264,8.10006,0.1049,0.1164
584,18361,372,0.0913,0.2455,0.3365,16117,0.9124,8117,2.58867,0.1763,0.1659
585,19220,482,0.7425,0.0722,0.4864,17737,0.9145,17282,1.50867,0.2236,0.2632
586,29921,1092,0.2864,0.1325,0.3476,31534,1.0957,20999,5.68933,0.4105,0.4352
587,23909,508,0.0531,0.0233,0.2667,28569,1.2479,2753,3.72837,0.0705,0.0758
588,19601,633,0.5398,0.04,0.5113,22402,1.1754,13206,0.0,0.1551,0.1915
589,24691,247,0.0344,0.0106,0.8169,25534,1.0495,4286,1.69894,0.0345,0.0382
590,20413,631,0.1113,0.5374,0.5284,13154,0.707,16453,4.564,0.2181,0.2022
591,26691,674,0.4474,0.08,0.3218,27567,1.0482,16418,3.04467,0.3231,0.3754
592,17405,414,0.276,0.1846,0.7738,7183,0.3762,24820,8.61256,0.2211,0.2345
593,22906,1166,0.4218,0.1827,0.5956,17383,0.7624,38156,2.22748,0.4235,0.4697
594,29442,582,0.5394,0.2688,0.5658,11872,0.3648,38914,5.72323,0.48,0.5034
595,15257,401,0.3314,0.0704,0.9479,10620,0.6593,19284,6.2548,0.1337,0.1504
596,22045,1108,0.0245,0.0344,0.179,34384,1.707,1152,7.72649,0.0471,0.044
597,19852,991,0.1775,0.1048,0.8017,17683,0.9184,26805,1.55631,0.2219,0.2422
598,27285,11,0.1552,0.5406,0.4367,11627,0.4018,18047,5.66984,0.2915,0.2749
599,36461,1021,0.3026,0.1586,0.3342,34935,0.9854,22630,7.95667,0.4778,0.4897
600,15648,296,0.0387,0.0198,0.4344,17843,1.1817,2730,1.47862,0.0428,0.0471
601,19636,1107,0.2668,0.0172,0.267,31595,1.7571,4341,5.93167,0.092,0.1211
602,36544,918,0.8195,0.0114,0.8238,43197,1.2247,12796,13.46467,0.0914,0.1159
603,17404,735,0.2521,0.1047,0.7025,14738,0.8489,23805,3.508,0.2208,0.2483
604,27829,1003,0.4017,0.0239,0.712,33941,1.2728,16686,7.294,0.1386,0.1729
605,19745,822,0.7886,0.1712,0.7892,9841,0.4653,37555,6.9446,0.3169,0.3533
606,20464,1166,0.419,0.0373,0.111,33281,1.7794,3762,7.04178,0.2,0.2563
607,31073,1087,0.1086,0.045,0.8442,33460,1.1267,19272,6.97333,0.1546,0.1646
608,22048,407,0.2914,0.0268,0.8034,21658,0.9828,12937,0.0,0.1007,0.1195
609,29917,258,0.0774,0.0481,0.2069,30642,1.0404,3707,5.10038,0.1255,0.1267
610,32692,155,0.0336,0.0539,0.315,32021,0.9898,2837,6.02321,0.0662,0.0614
611,28890,158,0.5119,0.1125,0.7688,12528,0.3695,28506,5.115,0.2651,0.2722
612,35157,726,0.0376,0.3247,0.5618,35310,1.0663,8559,8.20667,0.0746,0.0686
613,25380,56,0.1312,0.0524,0.2249,23375,0.9112,4860,0.27731,0.1489,0.1598
614,33562,760,0.452,0.5311,0.4233,18390,0.4962,40208,2.04363,0.6587,0.6792
615,23544,506,0.174,0.0995,0.5376,19698,0.8369,17516,0.20133,0.2222,0.2368
616,38273,816,0.0324,0.3423,0.3273,42834,1.1831,5231,13.22291,0.0642,0.0589
617,15404,503,0.2212,0.1204,0.7318,10612,0.6691,20767,6.25951,0.1895,0.2089
618,21962,525,0.3156,0.1285,0.6502,13975,0.607,26017,4.03004,0.2684,0.2924
619,36727,1122,0.0352,0.0427,0.2612,47964,1.3945,2485,16.64976,0.0694,0.0642
620,34363,375,0.0325,0.0735,0.3812,35526,1.0644,3498,8.35482,0.0639,0.0589
621,32191,605,0.2345,0.2291,0.33,26129,0.8247,18717,2.086,0.41,0.4043
622,23347,105,0.1748,0.01,0.6856,22696,0.9674,4632,0.144,0.0414,0.0491
623,25585,287,0.0336,0.5756,0.4532,21427,0.8711,7602,0.0,0.0671,0.0616
624,30205,786,0.8079,0.0493,0.3614,33321,1.1279,16545,6.88067,0.2808,0.3391
625,37805,404,0.0503,0.0442,0.7958,34772,0.9329,10143,7.848,0.0928,0.089
626,39031,1081,0.1129,0.0641,0.8514,36786,0.9747,22931,9.19067,0.1914,0.1912
627,15472,297,0.5571,0.308,0.2598,10353,0.6317,16291,6.43536,0.4199,0.4574
628,37693,158,0.6933,0.0118,0.2214,38436,1.0254,2975,10.29559,0.0846,0.103
629,19338,856,0.1057,0.0251,0.6414,25852,1.4246,9235,1.94617,0.0902,0.1058
630,18297,1134,0.0659,0.0395,0.8597,25468,1.5085,12474,1.7861,0.0982,0.1046
631,15257,180,0.4265,0.0229,0.8793,13963,0.8981,8465,4.02467,0.06,0.0714
632,32481,666,0.0677,0.0148,0.587,37469,1.1953,6410,9.646,0.0712,0.0801
633,22298,259,0.0654,0.1731,0.5211,17311,0.792,9328,1.79267,0.1276,0.1193
634,35692,267,0.4645,0.5333,0.5074,10453,0.2404,39059,6.71167,0.5565,0.5535
635,18028,726,0.5705,0.0589,0.9031,16317,0.8994,24818,2.45533,0.172,0.2033
636,23181,928,0.1764,0.5289,0.3776,19104,0.901,17932,0.59733,0.3432,0.3206
637,34279,1089,0.2009,0.0148,0.8934,41648,1.2682,14972,12.432,0.1026,0.1241
638,33826,866,0.0597,0.0108,0.461,42311,1.3147,4373,12.87523,0.0594,0.068
639,35894,513,0.9728,0.0205,0.3864,38603,1.0943,9304,10.402,0.1445,0.1789
640,33510,839,0.4428,0.0459,0.1292,41241,1.2877,6130,12.16067,0.287,0.3441
641,36409,16,0.0534,0.0384,0.5314,31762,0.8592,6676,5.84133,0.0914,0.0894
642,31437,16,0.0859,0.1133,0.8727,17272,0.5167,18157,1.91861,0.151,0.1456
643,34650,963,0.1633,0.043,0.4789,39150,1.1733,14274,10.76667,0.1971,0.2173
644,30677,1113,0.6054,0.0125,0.9267,39170,1.3414,14569,10.78088,0.0917,0.1165
645,34208,322,0.7209,0.0166,0.6199,33942,0.991,10718,7.29467,0.1054,0.1274
646,15399,327,0.2356,0.1096,0.3122,14386,0.9351,10145,3.74267,0.2108,0.2359
647,34665,1064,0.2527,0.011,0.3339,45813,1.4008,4884,15.21283,0.0866,0.1086
648,20705,962,0.0787,0.0369,0.3759,29164,1.5176,6101,4.17286,0.1107,0.1197
649,36428,838,0.0213,0.0351,0.8547,41831,1.213,5002,12.55444,0.0417,0.0385
650,21215,710,0.2702,0.2522,0.8656,7246,0.3285,35633,8.66496,0.2834,0.3005
651,24915,1023,0.2269,0.0142,0.5042,34754,1.4901,7229,7.86157,0.0829,0.1048
652,28569,245,0.4565,0.1941,0.8785,6462,0.1801,33628,9.235,0.2836,0.2813
653,26193,856,0.2989,0.5035,0.9093,4535,0.1743,47153,10.71467,0.3538,0.3712
654,17409,553,0.6849,0.3118,0.424,9080,0.4889,27099,7.31725,0.4331,0.4735
655,39234,205,0.4383,0.3353,0.2801,25627,0.6067,25738,1.78043,0.6445,0.6562
656,20688,793,0.9426,0.0674,0.7189,19225,0.9213,26948,0.55587,0.2334,0.2781
657,37890,49,0.0566,0.0367,0.2994,35628,0.9365,4025,8.42123,0.0978,0.0964
658,24280,1180,0.2515,0.0208,0.719,33646,1.4758,14043,7.12149,0.1157,0.1446
659,32389,969,0.5813,0.0184,0.7845,38142,1.2191,16725,10.09467,0.1258,0.1578
660,25308,1034,0.0842,0.2096,0.5632,25872,1.1228,13055,1.91467,0.1668,0.1541
661,38139,520,0.0265,0.1828,0.8952,35084,0.9608,9296,8.056,0.0531,0.0488
662,17639,25,0.3739,0.0174,0.9023,14955,0.8155,6903,3.36333,0.0489,0.0569
663,24510,938,0.0242,0.0208,0.7662,32626,1.4283,4604,6.43325,0.0437,0.0428
664,28478,475,0.2788,0.1607,0.6479,15380,0.5099,30064,3.18937,0.3231,0.3376
665,27536,884,0.051,0.0358,0.4646,34427,1.3278,5729,7.61862,0.0887,0.0883
666,15769,1183,0.0433,0.0433,0.9498,23839,1.6725,10048,1.3619,0.0752,0.0753
667,35247,728,0.0381,0.0149,0.3598,42196,1.2509,3070,12.80105,0.0579,0.0605
668,33811,1077,0.2016,0.4401,0.3976,27869,0.8832,21843,3.246,0.3931,0.3657
669,32549,517,0.6576,0.5461,0.4063,15815,0.4074,39773,3.33974,0.6855,0.7112
670,39594,1098,0.0586,0.1945,0.3305,46732,1.2629,6072,15.82133,0.1166,0.1071
671,28359,816,0.1405,0.0465,0.8464,27565,0.9912,20742,3.04333,0.1622,0.1783
672,20043,67,0.0372,0.0241,0.4125,19175,0.9535,2912,0.63887,0.05,0.0524
673,22174,171,0.0346,0.1694,0.5969,18340,0.8464,6028,1.10667,0.0684,0.0629
674,28700,525,0.0567,0.0493,0.6111,28965,1.0408,8529,3.97667,0.1009,0.0987
675,39991,448,0.1092,0.0247,0.3462,42024,1.0699,6540,12.68267,0.1271,0.1388
676,34233,171,0.4484,0.012,0.722,32820,0.9498,8584,6.54667,0.0736,0.0882
677,32844,394,0.2125,0.3789,0.8209,8028,0.2257,37775,8.24681,0.3268,0.3229
678,33460,661,0.1201,0.0117,0.7705,37889,1.1664,8718,9.926,0.0703,0.0835
679,20656,1044,0.2374,0.1037,0.5918,21330,1.0757,24357,0.0,0.2701,0.3017
680,31980,749,0.8025,0.1318,0.2189,32199,1.018,18362,6.13267,0.5906,0.624
681,26002,163,0.1818,0.2548,0.1464,22878,0.8816,6625,0.0,0.3304,0.319
682,22954,679,0.037,0.2796,0.3555,26702,1.2516,4412,2.47365,0.0731,0.0671
683,20402,496,0.0845,0.0437,0.783,19990,0.9995,11970,0.00667,0.103,0.1116
684,24459,970,0.0682,0.523,0.9421,15943,0.7597,20599,2.70467,0.1347,0.1238
685,30746,1159,0.7674,0.0352,0.8985,32934,1.0922,30726,6.65004,0.207,0.253
686,34546,290,0.0215,0.0853,0.6673,33519,0.9948,4543,7.01434,0.0431,0.0396
687,29539,278,0.405,0.3286,0.194,22485,0.7404,16534,0.0,0.5984,0.613
688,19762,293,0.3802,0.313,0.1813,15904,0.7951,12701,2.73067,0.4847,0.513
689,20324,404,0.0281,0.3387,0.6926,18123,0.9511,7054,1.25133,0.0558,0.0512
690,33380,494,0.1964,0.069,0.1907,35328,1.0826,7404,8.21867,0.2594,0.2781
691,31492,111,0.4131,0.0907,0.436,22148,0.6578,19494,0.14061,0.3048,0.3263
692,39904,791,0.137,0.0843,0.357,41124,1.0655,11886,12.08267,0.2417,0.2371
693,19634,46,0.3811,0.1147,0.3399,13565,0.6405,12076,4.29458,0.2422,0.2614
694,15027,711,0.42,0.0292,0.4613,20861,1.4778,8375,0.59269,0.1055,0.1354
695,32806,866,0.4161,0.0238,0.4299,39067,1.2375,11280,10.71133,0.158,0.195
696,33501,623,0.6812,0.0163,0.4605,37946,1.1633,8627,9.964,0.1132,0.1405
697,33724,577,0.6857,0.0171,0.214,39212,1.2018,4234,10.8096,0.1198,0.1505
698,26328,1189,0.3157,0.0153,0.9306,35548,1.4313,15120,8.37677,0.0949,0.1206
699,32687,531,0.696,0.4558,0.3173,21088,0.5865,33837,1.00416,0.7517,0.7719
700,23216,1012,0.0726,0.0177,0.8841,31026,1.4249,10180,5.36685,0.0727,0.084
701,26751,512,0.0263,0.0654,0.6744,28253,1.108,4948,3.50375,0.0516,0.0476
702,18403,195,0.8204,0.0426,0.6804,15052,0.7859,12689,3.29867,0.1208,0.1392
703,24116,298,0.9754,0.5758,0.5043,4216,0.134,31663,10.71346,0.4615,0.4622
704,27331,811,0.042,0.0798,0.5082,31943,1.2477,5692,5.96209,0.082,0.0758
705,36789,921,0.051,0.0255,0.7927,41819,1.189,9602,12.546,0.0857,0.0864
706,21081,63,0.027,0.0396,0.1274,21176,1.0104,859,0.54116,0.0487,0.0468
707,27598,857,0.1931,0.024,0.5096,33818,1.2829,10448,7.212,0.1258,0.1513
708,31997,139,0.5939,0.0539,0.6872,22394,0.6479,21883,0.17376,0.2144,0.2346
709,33972,893,0.2327,0.013,0.5349,41759,1.2834,8263,12.506,0.0934,0.1147
710,23631,804,0.2704,0.0131,0.8788,29749,1.3209,10371,4.49987,0.0689,0.0874
711,19259,950,0.9097,0.0151,0.5321,28396,1.5861,7678,3.72157,0.0801,0.1063
712,18517,491,0.0751,0.0137,0.2844,23498,1.3356,2413,0.51658,0.0502,0.0604
713,34688,547,0.0456,0.2378,0.8681,28113,0.8566,13196,3.40867,0.091,0.0836
714,30132,1076,0.153,0.5442,0.5398,21457,0.7893,23644,0.0,0.3028,0.2797
715,15861,659,0.1071,0.1372,0.4275,16896,1.1277,10813,2.06933,0.1798,0.1813
716,16268,203,0.1406,0.0321,0.4373,16278,1.0054,5638,2.48163,0.0817,0.0953
717,20183,812,0.047,0.0234,0.4339,27751,1.474,4292,3.22499,0.0652,0.0706
718,23567,877,0.0549,0.4218,0.8182,19690,0.9428,14541,0.20667,0.109,0.1001
719,38625,216,0.3159,0.0426,0.3529,35454,0.9031,12175,8.30267,0.2273,0.2555
720,38733,556,0.0381,0.0153,0.6475,42137,1.118,5422,12.75815,0.0584,0.0602
721,21126,248,0.1673,0.0123,0.8069,21621,1.0298,6156,0.0,0.0479,0.0564
722,34517,828,0.0484,0.0145,0.3589,42655,1.2979,3482,13.10601,0.0658,0.0708
723,36396,696,0.046,0.3117,0.3514,38773,1.1227,5976,10.51533,0.091,0.0836
724,35049,446,0.0215,0.1456,0.8521,33565,0.9957,6841,7.04333,0.0432,0.0396
725,23531,123,0.2546,0.2817,0.8192,3967,0.1318,25907,10.85558,0.2353,0.2285
726,19894,1116,0.2727,0.2566,0.232,24222,1.3107,15013,0.81545,0.4547,0.4641
727,26436,1146,0.2959,0.3448,0.8809,8552,0.3332,49837,8.1595,0.3849,0.4078
728,35612,163,0.4765,0.0283,0.7675,29384,0.7906,17929,4.256,0.1504,0.1714
729,26667,199,0.0478,0.0155,0.9029,25525,0.9549,6737,1.68333,0.0502,0.0544
730,25559,482,0.1475,0.0382,0.7512,24106,0.9448,15112,0.73733,0.1306,0.1473
731,28569,561,0.0459,0.0414,0.5297,30839,1.1211,6131,5.226,0.0829,0.0806
732,31442,1061,0.4199,0.0182,0.2983,41906,1.4153,6658,12.60986,0.1322,0.1672
733,32417,856,0.1197,0.0367,0.5951,35947,1.1473,13308,8.63133,0.1506,0.1641
734,21253,43,0.0651,0.0191,0.2554,20677,0.9698,2223,0.39758,0.0552,0.0616
735,30969,745,0.268,0.1666,0.669,18672,0.5889,34329,1.37305,0.3575,0.3726
736,33562,100,0.9552,0.0841,0.7361,17398,0.449,29336,1.97921,0.2844,0.2964
737,36434,1003,0.6178,0.2031,0.4422,26056,0.6949,40521,2.61157,0.6407,0.67
738,39819,971,0.4923,0.592,0.4053,27906,0.6465,45172,3.90355,0.7614,0.7803
739,38096,1183,0.1611,0.188,0.1618,46345,1.2986,6917,15.56333,0.3162,0.2938
740,15237,913,0.3117,0.031,0.3029,24111,1.7242,6520,1.59612,0.1253,0.1616
741,17719,962,0.0217,0.0121,0.3086,28526,1.7636,1453,4.02361,0.0318,0.0339
742,16688,332,0.1908,0.0191,0.8266,17521,1.0641,7961,1.65267,0.0591,0.071
743,19436,19,0.0308,0.0102,0.175,19290,0.9914,733,0.72899,0.0272,0.0301
744,31559,638,0.023,0.0309,0.1461,38448,1.2776,888,10.31272,0.0447,0.0417
745,26423,204,0.1835,0.1954,0.1811,23220,0.8776,8020,0.14667,0.3165,0.3115
746,15141,365,0.0284,0.0569,0.5224,16678,1.1553,3742,2.22738,0.0525,0.0502
747,19726,7,0.3551,0.0699,0.8148,10420,0.4591,15654,6.43693,0.1389,0.1435
748,33366,1017,0.2847,0.0138,0.5476,42321,1.3328,9339,12.88113,0.1005,0.1266
749,20029,647,0.9019,0.3507,0.502,7686,0.3548,34428,8.34878,0.4657,0.5039
750,19057,370,0.0673,0.0854,0.1691,21523,1.1765,2787,0.33821,0.119,0.1168
751,25373,641,0.1149,0.4127,0.4711,19152,0.8094,15125,0.56533,0.2269,0.2097
752,24999,71,0.0507,0.0635,0.6238,20093,0.7908,7639,0.0,0.0893,0.0867
753,18588,620,0.9396,0.038,0.9455,18301,0.9812,19946,1.13267,0.1291,0.1569
754,28422,1135,0.4703,0.0105,0.7513,38910,1.459,9721,10.6199,0.074,0.0957
755,21849,84,0.7053,0.0596,0.8008,13360,0.5475,17583,4.45576,0.153,0.1641
756,18547,1065,0.4918,0.0264,0.258,29459,1.7321,6147,4.54049,0.1348,0.1779
757,37657,127,0.8459,0.2969,0.1521,30738,0.7803,17158,5.15867,0.8107,0.8261
758,29536,602,0.7006,0.0674,0.3095,30041,1.0267,16096,4.694,0.3293,0.3839
759,22655,628,0.5117,0.0344,0.369,26653,1.2196,9904,2.43533,0.1581,0.1964
760,37801,1169,0.0864,0.0736,0.1565,48995,1.3818,3537,17.33408,0.1648,0.1552
761,20059,526,0.4328,0.0583,0.7484,17317,0.8453,20515,1.78867,0.176,0.2032
762,30872,976,0.9425,0.2264,0.7847,10485,0.3078,53715,7.14729,0.4703,0.5058
763,35637,42,0.5054,0.0991,0.5836,20172,0.5033,26968,0.68762,0.3293,0.3425
764,38826,1194,0.6118,0.0155,0.8604,46602,1.2473,18748,15.73467,0.1282,0.1615
765,24219,216,0.1542,0.1056,0.8656,12614,0.4768,21837,4.97988,0.1794,0.1837
766,34886,353,0.6675,0.3713,0.9469,2666,0.0577,44608,11.9325,0.3503,0.3438
767,34242,842,0.2143,0.0685,0.8913,27033,0.7787,31763,2.78132,0.2406,0.2606
768,19786,7,0.0241,0.3201,0.8277,12365,0.6255,7519,5.09606,0.048,0.0441
769,27975,454,0.8942,0.0149,0.7954,29430,1.0638,10782,4.28667,0.0812,0.1007
770,36401,188,0.2741,0.0515,0.3632,32237,0.8676,12907,6.158,0.2376,0.2633
771,27703,848,0.0668,0.0366,0.1058,36884,1.4173,1663,9.27549,0.1095,0.1121
772,29795,677,0.927,0.0284,0.6076,31770,1.084,16558,5.84667,0.1645,0.2022
773,32012,125,0.0344,0.1624,0.1849,31492,0.9952,2032,5.67672,0.0685,0.063
774,35861,158,0.5115,0.0633,0.6341,24723,0.6387,24578,1.16672,0.2634,0.2871
775,17282,283,0.0389,0.3912,0.2002,18157,1.0993,2533,1.28172,0.0778,0.0714
776,22482,321,0.0811,0.0574,0.139,24784,1.1356,2558,1.2433,0.1264,0.1299
777,35433,77,0.034,0.2787,0.6753,27097,0.7712,9263,2.73133,0.0671,0.0616
778,20243,763,0.804,0.0177,0.4047,27394,1.4351,6406,2.96375,0.0887,0.1163
779,34415,836,0.0622,0.114,0.4947,36538,1.1267,8463,9.02533,0.122,0.1125
780,20234,813,0.5711,0.0149,0.8107,26612,1.3887,10408,2.42608,0.074,0.0957
781,34799,692,0.2763,0.0675,0.1087,40514,1.208,5393,11.67617,0.3227,0.3571
782,38535,71,0.0584,0.0275,0.4282,35788,0.9215,5609,8.52543,0.0904,0.092
783,36986,504,0.1159,0.1505,0.573,28512,0.784,17459,3.67467,0.2217,0.2094
784,20804,759,0.0722,0.0154,0.1619,29286,1.5105,1568,4.27453,0.0619,0.0737
785,37896,961,0.2629,0.0191,0.1827,47783,1.3258,4363,16.52312,0.1469,0.1785
786,22800,202,0.2984,0.2142,0.5869,9195,0.3527,23790,7.29576,0.2916,0.2972
787,35534,694,0.1196,0.0376,0.9232,32909,0.9338,20143,6.606,0.148,0.159
788,16507,1133,0.133,0.0847,0.637,21212,1.384,17863,0.27986,0.186,0.2023
789,37908,57,0.0348,0.0258,0.8289,33426,0.8731,6951,6.95067,0.0607,0.0593
790,31245,230,0.3883,0.2439,0.4217,16013,0.4671,27328,2.77983,0.4604,0.4719
791,26248,75,0.0604,0.0539,0.2574,24611,0.9353,3629,1.10262,0.1029,0.1021
792,28419,240,0.4473,0.0413,0.9003,20895,0.6916,21048,0.02807,0.1571,0.1734
793,24028,222,0.0491,0.208,0.4319,20696,0.8844,6183,0.0,0.0979,0.09
794,23129,1130,0.1017,0.0429,0.8595,28098,1.2853,17332,3.39867,0.1338,0.1464
795,37898,331,0.2044,0.0171,0.7239,36717,0.9663,11861,9.14467,0.1036,0.1203
796,38998,471,0.0711,0.0112,0.3352,43054,1.1323,3392,13.37215,0.0653,0.0739
797,29059,873,0.0928,0.0918,0.1749,36375,1.3295,4191,8.91924,0.1754,0.1672
798,28273,774,0.0322,0.0672,0.8718,30390,1.1472,7812,4.92667,0.0638,0.0589
799,33439,1094,0.227,0.3213,0.4089,27643,0.8773,24138,3.09533,0.4293,0.4086
800,30882,181,0.0476,0.1117,0.1404,31280,1.0292,1869,5.5371,0.0942,0.0867
801,33996,921,0.3134,0.0909,0.6672,27450,0.8017,33216,3.09016,0.3321,0.3628
802,24325,849,0.1896,0.0574,0.5448,26787,1.1419,16546,2.52467,0.198,0.2234
803,36101,932,0.4181,0.1338,0.2269,37747,1.0736,18001,9.83133,0.5413,0.5787
804,32649,612,0.0408,0.2568,0.1495,37876,1.2163,2117,9.92575,0.081,0.0744
805,15556,1074,0.1433,0.0321,0.596,24437,1.7077,11132,1.66273,0.1134,0.1374
806,32612,119,0.7737,0.2574,0.4392,12987,0.3306,31379,4.88121,0.5216,0.526
807,29288,971,0.3916,0.2508,0.5512,17226,0.5786,39965,2.46275,0.4939,0.5254
808,26997,900,0.0305,0.1873,0.1503,36303,1.4446,1497,8.8944,0.0599,0.055
809,31004,55,0.1302,0.0571,0.3677,26305,0.8273,8992,2.20333,0.1686,0.1767
810,37275,75,0.3727,0.2351,0.5525,14300,0.3293,33106,4.08596,0.4341,0.432
811,28257,493,0.1424,0.018,0.8308,29449,1.0553,11268,4.29933,0.0854,0.0995
812,16056,905,0.8463,0.4141,0.6869,4798,0.295,39880,10.34345,0.3868,0.4298
813,19698,306,0.0363,0.3329,0.3566,19118,1.0168,4268,0.61562,0.0716,0.0657
814,21067,729,0.8253,0.0422,0.8825,20701,0.9808,23068,0.0,0.1609,0.194
815,24243,439,0.0397,0.1179,0.5503,23872,1.0313,6036,0.58133,0.079,0.0729
816,32181,635,0.1165,0.1797,0.7185,22006,0.7064,21774,0.0,0.2195,0.2088
817,17112,998,0.2558,0.0417,0.3201,26056,1.6486,8701,2.34533,0.1637,0.2041
818,36214,841,0.2062,0.1368,0.816,22287,0.6104,36409,1.23755,0.3135,0.3204
819,29196,936,0.2476,0.245,0.7993,13275,0.4514,41236,4.86905,0.3591,0.3705
820,38545,963,0.6921,0.224,0.4961,23789,0.5785,46705,2.37923,0.6603,0.688
821,34500,1126,0.899,0.0287,0.1191,46481,1.4325,4747,15.66078,0.2335,0.2959
822,32671,260,0.0502,0.344,0.7934,21848,0.6915,14000,0.02833,0.0998,0.0917
823,18696,871,0.1989,0.1307,0.2111,24196,1.3873,9245,0.84878,0.294,0.3122
824,16126,365,0.3589,0.0596,0.2696,17636,1.1184,7212,1.576,0.1692,0.203
825,20797,976,0.7145,0.0217,0.9212,26887,1.3587,16996,2.59871,0.1071,0.137
826,39723,809,0.0513,0.2077,0.6463,38683,1.0344,10782,10.45533,0.1016,0.0933
827,38501,1188,0.0256,0.0452,0.7282,47786,1.3305,5198,16.52453,0.0505,0.0464
828,37502,402,0.094,0.1219,0.6071,29733,0.8024,14973,4.48867,0.1805,0.1698
829,31994,421,0.0235,0.0149,0.3647,35642,1.1477,2076,8.43812,0.0397,0.0398
830,29336,413,0.6631,0.0273,0.7202,27694,0.9337,16235,3.12933,0.1402,0.1672
831,17179,837,0.7198,0.0321,0.2925,24929,1.56,7403,1.55075,0.1418,0.1857
832,35131,892,0.9001,0.0462,0.1219,43474,1.2963,6312,13.64933,0.3332,0.3876
833,34166,682,0.4479,0.2286,0.4478,20887,0.5851,35480,1.16774,0.5449,0.5735
834,19971,430,0.0336,0.0308,0.8484,20997,1.0893,6536,0.0,0.0545,0.0556
835,32768,732,0.3202,0.0263,0.904,32914,1.0117,20943,6.60933,0.145,0.172
836,29992,990,0.0507,0.0342,0.5821,36986,1.3108,7252,9.32407,0.0902,0.0891
837,31558,622,0.4642,0.0157,0.3233,37007,1.2169,5607,9.33809,0.1045,0.1306
838,37049,190,0.4576,0.0165,0.3891,36709,0.9886,6720,9.13933,0.107,0.1283
839,37304,43,0.0412,0.0444,0.1775,36281,0.9737,1822,8.86492,0.0775,0.0732
840,34614,31,0.5509,0.0345,0.8299,25056,0.6722,19888,1.37379,0.1614,0.1779
841,19290,125,0.1012,0.0723,0.781,12665,0.6208,13138,4.89712,0.1174,0.1222
842,24616,910,0.4832,0.0132,0.616,32916,1.4168,8466,6.62211,0.078,0.1018
843,23581,1129,0.2582,0.01,0.2407,36234,1.6697,2781,8.91475,0.065,0.085
844,19418,331,0.053,0.1067,0.9315,13813,0.7214,12398,4.12467,0.0962,0.0931
845,15401,1119,0.3678,0.0976,0.4147,21267,1.4796,19616,0.59881,0.291,0.3477
846,21677,1049,0.0382,0.359,0.7623,24179,1.26,10107,0.786,0.0762,0.07
847,26934,264,0.0469,0.3951,0.8926,15519,0.604,14661,3.00441,0.0927,0.0852
848,30678,829,0.0309,0.0129,0.2696,39598,1.3663,1825,11.07626,0.0463,0.0486
849,26182,887,0.9645,0.4621,0.5904,7147,0.2436,48097,9.03592,0.5623,0.598
850,39083,465,0.2561,0.1293,0.8323,19376,0.4639,38003,1.63273,0.3234,0.3312
851,38853,185,0.1426,0.0405,0.1208,39315,1.018,3241,10.88054,0.1807,0.193
852,21776,539,0.339,0.0106,0.1496,27783,1.3444,1430,3.22815,0.0535,0.0688
853,33202,31,0.074,0.0221,0.3702,31079,0.9271,4578,5.38808,0.0839,0.09
854,27473,40,0.106,0.1456,0.3145,21473,0.7663,8226,0.0,0.1922,0.1847
855,17232,757,0.0235,0.1572,0.5723,22313,1.4251,4036,0.46555,0.0468,0.043
856,23343,279,0.0367,0.0269,0.3221,24981,1.0955,2698,1.36564,0.0584,0.0593
857,32138,718,0.9675,0.0538,0.7269,27389,0.8317,30308,2.97887,0.2668,0.3091
858,30935,959,0.3225,0.0664,0.4863,32254,1.0702,22211,6.16933,0.2943,0.335
859,21041,200,0.5531,0.5813,0.9255,595,0.0255,26894,13.13212,0.2158,0.2109
860,30678,277,0.1189,0.263,0.4792,20502,0.673,15360,0.08992,0.2306,0.2158
861,34548,1003,0.1052,0.0822,0.5342,36394,1.1057,14189,8.92933,0.1919,0.1865
862,15350,539,0.1294,0.0413,0.3874,18982,1.299,6785,0.67867,0.1109,0.1299
863,35267,121,0.8029,0.4587,0.1798,26563,0.7024,21192,2.37533,0.8379,0.8511
864,39126,530,0.8835,0.3589,0.1953,34558,0.8634,24585,7.70533,0.9054,0.9131
865,19942,292,0.058,0.0168,0.7212,20993,1.0701,5470,0.05579,0.0493,0.0558
866,35161,529,0.0307,0.1166,0.824,33701,1.0026,7861,7.134,0.0613,0.0563
867,20726,1039,0.0566,0.0124,0.1118,32819,1.7294,988,6.72138,0.0528,0.0626
868,28414,86,0.5792,0.0582,0.6126,19806,0.645,18690,0.22446,0.2056,0.2259
869,35417,214,0.2148,0.1575,0.59,19673,0.523,26125,0.64005,0.3187,0.3191
870,18513,272,0.7905,0.1814,0.4165,10785,0.5257,20180,6.17075,0.3308,0.3586
871,22212,509,0.2562,0.0388,0.9308,19982,0.891,18804,0.012,0.1285,0.1489
872,20323,580,0.2195,0.5638,0.5053,8760,0.4384,25850,7.54444,0.3622,0.3629
873,16082,88,0.0224,0.4996,0.5954,11243,0.7155,5895,5.83801,0.0444,0.0407
874,19706,350,0.0213,0.0561,0.6599,20567,1.0879,3789,0.23274,0.0414,0.0384
875,27711,516,0.1513,0.3783,0.5902,14353,0.5325,23563,3.80583,0.285,0.2717
876,21224,521,0.7158,0.0299,0.7171,22052,1.0508,14466,0.0,0.123,0.1493
877,32245,214,0.2965,0.2219,0.5871,13452,0.3728,30260,4.53346,0.3714,0.3738
878,25501,995,0.4272,0.1613,0.8967,12431,0.4667,44936,5.52003,0.3371,0.3689
879,18836,175,0.0323,0.2435,0.203,18904,1.0308,2053,0.84053,0.0641,0.0589
880,28094,366,0.1734,0.3496,0.8652,6889,0.2301,32737,8.91718,0.2678,0.2644
881,31264,1117,0.0721,0.0793,0.9018,31500,1.0779,16825,5.66667,0.1362,0.1297
882,28856,592,0.0244,0.0162,0.3976,34514,1.2504,2245,7.68617,0.0409,0.0411
883,38986,118,0.222,0.0214,0.1889,38648,0.9917,3877,10.43439,0.1306,0.15
884,18631,935,0.1725,0.0416,0.3117,26972,1.5577,7674,2.78382,0.154,0.1828
885,35824,566,0.0226,0.1553,0.2756,40365,1.1742,2251,11.58339,0.0444,0.0407
886,33665,1170,0.0432,0.0168,0.5522,44740,1.4179,5377,14.49881,0.067,0.07
887,26805,816,0.0281,0.0913,0.3032,34207,1.366,2449,7.48391,0.0558,0.0512
888,20187,48,0.3485,0.0256,0.6701,17085,0.8163,8235,1.94333,0.0796,0.0918
889,23354,327,0.276,0.1355,0.4288,16828,0.6957,18446,2.11471,0.2931,0.3133
890,34965,965,0.4694,0.3451,0.8791,7676,0.2029,57972,9.07165,0.4585,0.4794
891,26654,657,0.0301,0.3105,0.6376,27003,1.087,7537,2.66867,0.0599,0.055
892,15093,385,0.201,0.4426,0.4463,7193,0.4678,18783,8.573,0.2913,0.2994
893,26360,92,0.6758,0.0334,0.2262,25207,0.9478,5482,1.47234,0.15,0.1783
894,35808,673,0.0235,0.0158,0.4628,41971,1.2221,2695,12.65212,0.0425,0.0414
895,28035,898,0.0292,0.0317,0.253,37356,1.4236,1866,9.58941,0.0561,0.0531
896,29090,705,0.1108,0.4853,0.4653,22822,0.8467,15319,0.0,0.2201,0.2025
897,17332,1045,0.2072,0.0341,0.2745,27660,1.7404,6553,3.43599,0.1404,0.1746
898,30031,962,0.0212,0.0477,0.3952,39345,1.404,2341,10.90898,0.0419,0.0386
899,22358,709,0.0556,0.0409,0.6884,25547,1.2017,8761,1.698,0.0898,0.0918
900,25904,147,0.0304,0.1953,0.1421,26263,1.0308,1407,2.22841,0.0599,0.055
901,20535,940,0.047,0.0817,0.3146,28534,1.5145,3920,3.76434,0.091,0.0849
902,38854,970,0.0217,0.0326,0.6881,46640,1.2717,4144,15.76121,0.0429,0.0396
903,18469,698,0.2039,0.0145,0.6879,24425,1.3996,7312,1.00639,0.0622,0.0794
904,16808,363,0.1774,0.0568,0.265,18494,1.1302,6158,1.004,0.1473,0.17
905,15120,971,0.4484,0.0994,0.8067,14209,0.9466,29935,3.89546,0.2321,0.2744
906,34593,1159,0.0772,0.0208,0.1148,47564,1.4694,1899,16.39142,0.1038,0.1125
907,28931,1048,0.3945,0.4305,0.6234,11244,0.3854,47527,6.38726,0.5234,0.5499
908,16973,77,0.0869,0.1643,0.4406,11273,0.6421,8955,5.8212,0.1461,0.1436
909,24310,105,0.3928,0.0327,0.7166,19671,0.7738,12816,0.21933,0.1165,0.1326
910,30206,60,0.0679,0.2596,0.2364,26334,0.8759,4682,2.22699,0.1347,0.1238
911,19865,1131,0.4302,0.0795,0.3531,26679,1.4239,17421,2.4872,0.3077,0.3641
912,38746,1004,0.0796,0.0834,0.7604,37659,1.0251,15979,9.77267,0.1536,0.1446
913,38317,660,0.054,0.49,0.8384,26852,0.7523,19391,2.568,0.1071,0.0984
914,19860,321,0.0279,0.0472,0.583,20428,1.0623,4194,0.19011,0.0525,0.0501
915,18866,509,0.1364,0.2176,0.1309,21629,1.2076,4581,0.14937,0.2519,0.2432
916,39928,8,0.091,0.0185,0.6673,35422,0.867,8706,8.28133,0.0889,0.0962
917,31273,1000,0.0289,0.0174,0.6102,40579,1.3811,4212,11.72396,0.0499,0.0499
918,37531,170,0.3633,0.0833,0.8619,19406,0.4578,32712,1.21137,0.2688,0.2789
919,22204,710,0.8601,0.0237,0.8294,25378,1.1759,15417,1.58533,0.1103,0.1389
920,39887,643,0.0303,0.0895,0.3051,44914,1.174,2715,14.61343,0.0599,0.055
921,38370,574,0.8808,0.0127,0.3144,43317,1.1602,5441,13.54479,0.1016,0.1275
922,34188,689,0.0551,0.1282,0.1277,40582,1.2466,1928,11.72917,0.1089,0.1001
923,20048,545,0.1042,0.2609,0.46,16266,0.8558,12592,2.48933,0.1994,0.1884
924,17173,155,0.0471,0.2007,0.3238,15171,0.9017,4194,3.22494,0.0921,0.0851
925,32460,585,0.2236,0.0251,0.9121,31501,0.9684,18334,5.66733,0.1283,0.1482
926,39329,780,0.0968,0.0737,0.8805,33199,0.8638,21140,6.79933,0.1734,0.1693
927,35492,979,0.0299,0.0731,0.3503,44212,1.3274,3086,14.14495,0.0599,0.055
928,36628,116,0.2279,0.2245,0.4807,19672,0.5038,24514,0.68943,0.3705,0.3643
929,37369,717,0.9472,0.0166,0.364,43185,1.1931,8000,13.45667,0.1318,0.1652
930,16687,1051,0.2042,0.1105,0.2866,23654,1.5333,11927,0.89152,0.2724,0.2998
931,31721,643,0.2384,0.0783,0.6043,26796,0.8356,23840,2.53067,0.2655,0.2888
932,28590,60,0.6091,0.013,0.2661,28136,0.9813,2985,3.43868,0.0689,0.0833
933,25241,369,0.3613,0.2214,0.1953,21879,0.8623,13557,0.0,0.4808,0.5081
934,38735,1035,0.2069,0.0194,0.9006,43367,1.154,19027,13.578,0.1317,0.156
935,23052,219,0.0434,0.2458,0.4732,19564,0.8747,6212,0.29067,0.0859,0.0789
936,24340,249,0.0539,0.0221,0.8803,23020,0.9449,8158,0.01333,0.0624,0.0673
937,32869,1153,0.277,0.0827,0.3945,36473,1.1549,20603,8.982,0.3447,0.3779
938,23313,617,0.0558,0.5846,0.3149,24297,1.1214,6427,0.86467,0.1109,0.1018
939,32333,741,0.7165,0.1187,0.9351,14491,0.404,45921,4.39455,0.3383,0.3628
940,25805,1015,0.5634,0.22,0.2139,27781,1.1206,19834,3.18733,0.6496,0.6781
941,30826,592,0.8751,0.0832,0.4166,27120,0.8643,23888,2.74667,0.3758,0.4267
942,37692,1187,0.1573,0.0125,0.4171,49473,1.3905,6632,17.65125,0.0962,0.1174
943,24275,109,0.2545,0.2503,0.286,15709,0.611,14769,2.87601,0.3681,0.373
944,17221,797,0.1434,0.0666,0.1621,24775,1.5501,4433,1.45685,0.1804,0.2003
945,30715,576,0.0907,0.1209,0.8861,21535,0.7163,20438,0.0,0.1667,0.1605
946,21239,1145,0.0215,0.0157,0.6829,32813,1.6894,3576,6.67443,0.0369,0.0371
947,39241,1055,0.0229,0.0741,0.6972,46903,1.2752,5033,15.93566,0.0456,0.0418
948,20145,394,0.0446,0.25,0.2629,21445,1.1211,3493,0.26389,0.0876,0.0805
949,24661,778,0.0464,0.0118,0.87,31158,1.3323,6504,5.43973,0.048,0.0546
950,15488,199,0.1126,0.3814,0.4596,8025,0.5099,12670,8.00843,0.1987,0.1934
951,21037,842,0.8969,0.0199,0.1433,30326,1.5487,2748,4.96567,0.1096,0.1459
952,17672,1149,0.0647,0.3608,0.1532,28707,1.8178,2794,4.19154,0.1286,0.1181
953,24319,882,0.0298,0.346,0.7801,25784,1.1689,9124,1.856,0.0585,0.0537
954,20071,108,0.801,0.0149,0.1974,20661,1.0371,1854,0.43642,0.0584,0.0715
955,18301,1060,0.0919,0.0335,0.6502,26377,1.5531,10811,2.4042,0.1068,0.1217
956,19087,1120,0.3328,0.0315,0.3505,29660,1.683,9195,4.61993,0.1533,0.1952
957,26098,1090,0.0653,0.0248,0.2644,37339,1.5417,3612,9.5965,0.0913,0.0989
958,27535,718,0.5569,0.372,0.3596,16662,0.5747,33220,2.42392,0.6417,0.6709
959,36743,739,0.8653,0.0186,0.71,39757,1.1021,15918,11.17133,0.1356,0.167
960,30994,595,0.2251,0.3421,0.5083,17043,0.5503,28144,2.06029,0.3951,0.3868
961,25275,1020,0.0472,0.1136,0.286,33966,1.4599,3788,7.33378,0.0943,0.0868
962,31626,852,0.8866,0.0129,0.7607,37758,1.2406,11922,9.83867,0.0909,0.1159
963,33392,267,0.4045,0.0416,0.1462,34398,1.04,5271,7.59905,0.2267,0.2652
964,33648,148,0.033,0.0227,0.895,30693,0.9089,6825,5.12867,0.0548,0.0544
965,23493,27,0.462,0.0105,0.1182,23469,0.9994,900,0.62126,0.0473,0.0578
966,17462,522,0.051,0.0242,0.9487,19586,1.1668,8398,0.276,0.0582,0.0644
967,38997,802,0.2931,0.0445,0.6547,37049,0.9545,24419,9.366,0.2418,0.2728
968,21824,269,0.3393,0.0327,0.1579,23771,1.112,3330,0.58582,0.13,0.1574
969,19556,907,0.0255,0.0312,0.24,29267,1.6294,1558,4.34508,0.0476,0.0457
970,17418,129,0.3473,0.352,0.2212,11025,0.5969,12897,5.99319,0.4077,0.4234
971,36952,683,0.1377,0.04,0.6639,36115,0.9905,16886,8.74333,0.1699,0.1836
972,26341,223,0.154,0.021,0.2822,27302,1.0462,4024,2.87553,0.0908,0.1059
973,27015,1143,0.0865,0.1812,0.8998,22778,0.927,20971,0.0,0.1696,0.1581
974,16436,652,0.0872,0.0126,0.6364,22517,1.4609,4958,0.54736,0.047,0.0578
975,31009,276,0.1497,0.034,0.6282,27927,0.889,12700,3.28467,0.1341,0.1481
976,32847,686,0.3616,0.3652,0.3187,23597,0.7119,26488,0.42771,0.5939,0.5981
977,22859,154,0.5831,0.0625,0.7603,14660,0.582,19121,3.58166,0.1711,0.1857
978,26508,904,0.5947,0.073,0.6651,24076,0.9025,30614,0.9294,0.2922,0.3394
979,17742,51,0.052,0.0212,0.6637,16005,0.8883,4635,2.66721,0.0462,0.051
980,18472,1075,0.0783,0.0774,0.348,27087,1.6052,6672,2.90838,0.1388,0.1366
981,17090,803,0.3187,0.0468,0.4819,21998,1.3535,13099,0.17827,0.163,0.1999
982,27417,1190,0.3341,0.2807,0.1663,33296,1.2953,13444,6.864,0.5811,0.5798
983,26438,1150,0.7953,0.1405,0.5048,22688,0.8539,36305,1.19,0.4909,0.5324
984,39322,926,0.3848,0.4414,0.8809,7721,0.1828,60353,9.15596,0.4735,0.4868
985,23984,590,0.0581,0.0213,0.3072,29413,1.2873,3292,4.28483,0.0722,0.0789
986,27669,307,0.4524,0.0443,0.2341,28238,1.0276,7622,3.492,0.2056,0.2422
987,34341,166,0.497,0.0509,0.4078,29118,0.8207,15184,4.07867,0.244,0.2752
988,18373,460,0.7764,0.1487,0.6222,10195,0.5076,25748,6.56851,0.2789,0.3059
989,35718,1062,0.3456,0.3821,0.5906,17259,0.4808,46295,2.98293,0.5453,0.5561
990,19020,397,0.7328,0.0248,0.3273,21731,1.1778,5632,0.03874,0.1008,0.1266
991,24589,366,0.5412,0.0836,0.3957,20902,0.83,17185,0.0,0.2832,0.3222
992,24719,379,0.0308,0.266,0.4046,24871,1.052,4400,1.25865,0.0613,0.0563
993,18829,885,0.2016,0.0458,0.1666,27615,1.584,4748,3.2217,0.1734,0.208
994,34773,1010,0.024,0.0101,0.2344,46147,1.4101,1294,15.44365,0.0386,0.0396
995,25932,417,0.356,0.383,0.9264,2923,0.0965,36855,11.62819,0.2857,0.2881
996,31645,181,0.056,0.0347,0.4358,30211,0.9578,5504,4.80762,0.0896,0.0901
997,17212,483,0.5474,0.0379,0.1152,22017,1.3482,2830,0.37042,0.1432,0.1832
998,15160,482,0.9919,0.2606,0.7766,3967,0.2303,27596,10.80619,0.2463,0.2631
999,18699,886,0.0576,0.093,0.4254,24364,1.4183,6423,0.99117,0.11,0.1044
1000,15719,790,0.0295,0.0101,0.1169,24953,1.7336,597,2.02682,0.0312,0.036
1001,36345,1160,0.0228,0.4718,0.2974,44995,1.3337,5270,14.66397,0.0456,0.0418
1002,21001,388,0.2252,0.0313,0.8115,19928,0.9457,13360,0.048,0.1047,0.1217
1003,21527,589,0.3279,0.1935,0.4513,15147,0.6909,24118,3.23548,0.3632,0.3908
1004,20895,509,0.0926,0.3124,0.2518,21181,1.0747,6369,0.0,0.1835,0.1695
1005,31896,1161,0.1216,0.1656,0.318,37091,1.2537,10323,9.394,0.2384,0.222
1006,26415,363,0.0282,0.1464,0.794,23912,0.9447,6937,0.608,0.0558,0.0512
1007,37067,1054,0.0289,0.1172,0.842,41811,1.2131,7914,12.54067,0.0572,0.0525
1008,17311,51,0.3253,0.2205,0.5166,6379,0.3048,16463,9.17571,0.2363,0.2356
1009,21955,88,0.1671,0.2253,0.5505,9788,0.4053,18087,6.87851,0.2372,0.2359
1010,19908,693,0.1799,0.0182,0.5159,25882,1.3704,6818,1.93559,0.0776,0.097
1011,21350,665,0.032,0.046,0.5645,25674,1.2787,4744,1.78756,0.0612,0.058
1012,24331,665,0.1011,0.0122,0.2534,31352,1.3609,2475,5.58404,0.0593,0.0719
1013,19316,431,0.6384,0.2889,0.3725,10597,0.5101,24503,6.30055,0.4452,0.4814
1014,33175,304,0.0242,0.3595,0.4101,31262,0.9698,5561,5.50819,0.048,0.0441
1015,33720,992,0.9417,0.4727,0.4871,18320,0.4614,51740,3.132,0.7538,0.7739
1016,28257,1037,0.3275,0.0229,0.824,33992,1.2521,18237,7.328,0.1334,0.1642
1017,30754,230,0.1898,0.0289,0.7899,26627,0.841,14565,2.418,0.1217,0.1365
1018,27237,528,0.0217,0.0843,0.8771,28078,1.0874,5576,3.38563,0.0431,0.0396
1019,24338,416,0.333,0.0134,0.8939,25744,1.0725,9462,1.82933,0.0638,0.0782
1020,39433,41,0.1672,0.2133,0.1346,34940,0.8818,5848,7.96002,0.3202,0.3002
1021,33559,470,0.4254,0.1269,0.321,27879,0.8162,21261,3.25267,0.447,0.4848
1022,34302,730,0.9919,0.5103,0.2438,29367,0.8355,31830,4.30512,0.9366,0.9418
1023,29634,1071,0.3921,0.0744,0.4032,33059,1.1537,21497,6.706,0.3409,0.3931
1024,30067,894,0.3857,0.0694,0.2283,35619,1.2332,12035,8.41267,0.3386,0.3909
1025,22251,378,0.0403,0.1273,0.7811,18779,0.8821,8671,0.814,0.0788,0.0728
1026,18418,339,0.1249,0.2203,0.5037,11986,0.6496,14844,5.3453,0.2094,0.2083
1027,30429,346,0.8513,0.4409,0.5226,7486,0.1942,38190,8.62386,0.5342,0.5358
1028,39505,1106,0.8767,0.5961,0.7994,7377,0.132,70038,9.84268,0.6048,0.6343
1029,18818,1197,0.0734,0.0876,0.4691,27019,1.5848,8673,2.84256,0.136,0.1312
1030,23194,570,0.6638,0.0142,0.2824,28886,1.3034,3613,3.93205,0.0756,0.0972
1031,33052,400,0.1037,0.5126,0.2802,28857,0.9068,9122,3.90467,0.2047,0.1881
1032,37026,124,0.3185,0.0101,0.666,35578,0.9541,7144,8.38533,0.0663,0.0792
1033,20868,426,0.0448,0.318,0.7,16307,0.8375,9860,2.462,0.0893,0.082
1034,29588,708,0.0371,0.0698,0.5655,32857,1.1744,5707,6.57141,0.0727,0.0671
1035,33734,453,0.1369,0.0283,0.1257,37924,1.1578,2606,9.95575,0.1396,0.1568
1036,36786,601,0.0806,0.039,0.6137,37009,1.0267,11269,9.33933,0.1285,0.1317
1037,16757,124,0.4332,0.0491,0.5496,13564,0.7749,10126,4.29067,0.1179,0.1345
1038,19511,655,0.0343,0.0155,0.1068,27032,1.4832,703,2.81229,0.044,0.0486
1039,30424,952,0.0787,0.0264,0.7308,35928,1.2371,11491,8.61867,0.1051,0.1132
1040,18716,508,0.4004,0.0127,0.7295,22570,1.2548,6661,0.0,0.0531,0.0675
1041,18822,527,0.0201,0.1077,0.3193,23321,1.3224,1847,0.49241,0.0397,0.0365
1042,23152,448,0.1614,0.0198,0.7922,24341,1.064,10223,0.894,0.0799,0.0949
1043,17932,382,0.9501,0.0334,0.5842,18394,1.0363,10980,1.07067,0.114,0.1391
1044,22922,1075,0.0775,0.0242,0.2622,34093,1.6121,3844,7.47159,0.0954,0.107
1045,37391,633,0.0588,0.0164,0.5559,41648,1.1482,6304,12.432,0.0761,0.082
1046,24712,1027,0.0405,0.0104,0.3623,35915,1.5687,2491,8.66433,0.0451,0.0515
1047,26386,1128,0.2049,0.0156,0.5106,37215,1.5089,8129,9.50222,0.0944,0.1188
1048,34209,920,0.0252,0.0136,0.9006,41714,1.2863,5454,12.47613,0.0429,0.043
1049,16902,962,0.0539,0.2763,0.5744,20025,1.3425,8793,0.14168,0.107,0.0984
1050,20142,617,0.3396,0.3448,0.6779,6463,0.3057,33112,9.15975,0.3379,0.3572
1051,39445,910,0.0577,0.0248,0.4284,46867,1.243,5770,15.91135,0.0952,0.0965
1052,39694,938,0.0841,0.1179,0.3402,43957,1.1695,7767,13.97133,0.1667,0.1541
1053,20911,1125,0.0221,0.079,0.7259,29931,1.588,4632,4.72151,0.0443,0.0407
1054,21871,458,0.099,0.0176,0.5948,24712,1.164,6352,1.14133,0.0667,0.0783
1055,23358,697,0.1368,0.0599,0.6714,23189,1.0154,16573,0.126,0.1662,0.1812
1056,30709,1168,0.1703,0.0296,0.8367,36259,1.2304,19775,8.83933,0.151,0.1737
1057,21492,495,0.9201,0.1875,0.1194,22727,1.0792,10007,0.0,0.583,0.617
1058,39793,275,0.1114,0.2644,0.5312,27331,0.6966,16766,2.88736,0.219,0.2023
1059,25195,996,0.2359,0.0161,0.1094,36500,1.5606,1850,9.05237,0.0984,0.1253
1060,27319,168,0.0514,0.0164,0.151,28677,1.063,1292,3.81698,0.0572,0.0628
1061,30947,702,0.0462,0.2524,0.6208,30120,1.0401,9303,4.74667,0.091,0.0836
1062,15873,645,0.1473,0.214,0.6981,9926,0.6408,21934,6.71889,0.2158,0.2252
1063,31560,921,0.0207,0.0465,0.2754,41038,1.3868,1628,12.03761,0.0408,0.0375
1064,27488,869,0.6746,0.522,0.3063,20823,0.7214,33870,0.93368,0.7854,0.8029
1065,34780,1027,0.1999,0.0613,0.9403,29779,0.8602,32620,4.58996,0.2325,0.2526
1066,36740,497,0.1155,0.2842,0.1587,37639,1.0618,5276,9.75963,0.2283,0.2099
1067,34170,462,0.1193,0.5688,0.2343,31094,0.9482,8758,5.396,0.2367,0.2175
1068,24679,533,0.9093,0.0959,0.527,19002,0.7373,25845,0.67125,0.3189,0.3625
1069,20844,652,0.3977,0.0274,0.579,24583,1.2245,11313,1.05533,0.1175,0.1463
1070,34208,473,0.7705,0.1024,0.518,23898,0.6586,31317,0.90532,0.4049,0.4462
1071,19599,730,0.1925,0.029,0.5348,24673,1.3245,9858,1.11831,0.112,0.1362
1072,19287,275,0.7275,0.0157,0.804,19629,1.0218,7761,0.24733,0.0595,0.0723
1073,39024,90,0.1411,0.411,0.2485,30377,0.7799,10154,4.918,0.2793,0.2572
1074,19539,31,0.0321,0.0978,0.7535,14121,0.7135,6527,3.91933,0.0623,0.0583
1075,19376,703,0.0413,0.0296,0.781,23667,1.2936,7324,0.44467,0.0641,0.0668
1076,33774,536,0.1253,0.0907,0.1647,36625,1.119,5141,9.08378,0.2221,0.2175
1077,27317,1139,0.2809,0.0226,0.8259,34442,1.3231,17862,7.62839,0.1297,0.1596
1078,39272,610,0.1538,0.1613,0.7961,23273,0.5914,30332,0.69221,0.2739,0.2665
1079,35267,857,0.1608,0.021,0.5283,41128,1.2103,10534,12.08533,0.1275,0.1477
1080,29362,93,0.513,0.2121,0.1732,22653,0.7383,13781,0.0,0.5532,0.586
1081,28789,960,0.0225,0.07,0.2296,38804,1.4474,1527,10.55796,0.0444,0.0407
1082,33997,176,0.7275,0.1791,0.6456,11746,0.2817,35406,5.78131,0.401,0.4028
1083,17212,891,0.1674,0.0104,0.5251,26580,1.6757,4441,2.70025,0.0479,0.0628
1084,31877,372,0.7769,0.1039,0.8653,14381,0.3889,36381,4.06729,0.2973,0.3115
1085,27799,686,0.0554,0.1384,0.8963,23566,0.9046,13562,0.37733,0.1082,0.1
1086,27119,62,0.035,0.0235,0.5219,25355,0.9295,3946,1.58482,0.054,0.0545
1087,26264,324,0.4997,0.0167,0.7851,26052,0.9916,10465,2.03467,0.0827,0.0993
1088,17729,856,0.1391,0.158,0.8468,12776,0.7463,25403,4.81619,0.2067,0.2169
1089,36089,352,0.4255,0.037,0.6938,30749,0.8253,20824,5.166,0.1961,0.2221
1090,33010,676,0.0632,0.2209,0.7926,26836,0.8677,14681,2.55733,0.1245,0.1144
1091,25912,744,0.1636,0.0984,0.6502,21961,0.8608,21945,0.0,0.2304,0.2425
1092,25526,431,0.3008,0.0691,0.4334,23218,0.9032,15538,0.14533,0.2354,0.2646
1093,24069,293,0.1297,0.429,0.4111,14756,0.6259,14550,3.50472,0.2495,0.2339
1094,26195,818,0.0891,0.1016,0.8864,22016,0.8753,19524,0.0,0.1591,0.1559
1095,27109,464,0.2601,0.1505,0.905,10981,0.3686,33450,6.17768,0.2601,0.2709
1096,17348,813,0.2686,0.3324,0.1795,19873,1.2248,11570,0.08467,0.4507,0.4572
1097,27843,512,0.1368,0.1949,0.4482,21977,0.8088,15482,0.0,0.2519,0.2423
1098,39532,492,0.0406,0.0118,0.6483,42621,1.1037,5095,13.08101,0.0536,0.0573
1099,28903,1149,0.0616,0.5273,0.6033,29154,1.1273,13557,4.10267,0.1225,0.1125
1100,39898,1032,0.1185,0.0202,0.261,50012,1.3186,5151,18.00833,0.1282,0.1454
1101,25506,1060,0.0724,0.5634,0.639,22968,1.0222,15370,0.0,0.1433,0.1316
1102,24996,728,0.205,0.0733,0.6667,22690,0.9157,21808,0.0,0.2174,0.2398
1103,37785,110,0.2005,0.0172,0.9323,32809,0.8424,13578,6.53933,0.0952,0.1078
1104,35761,1066,0.1185,0.0875,0.8996,30665,0.8912,25679,5.1105,0.2051,0.2031
1105,17336,333,0.0979,0.1219,0.7931,10921,0.6189,16081,6.0587,0.1414,0.1459
1106,23694,463,0.8549,0.0164,0.6824,25979,1.1191,9098,1.986,0.0797,0.0993
1107,16687,261,0.229,0.0103,0.6709,18370,1.1257,3913,1.10865,0.0356,0.0437
1108,38222,45,0.0741,0.0276,0.6319,33184,0.8517,9172,6.78933,0.1009,0.1046
1109,33232,1121,0.8693,0.0215,0.5238,41858,1.3194,14508,12.57217,0.1616,0.207
1110,25594,570,0.021,0.3064,0.6757,26001,1.0827,6433,2.00067,0.042,0.0386
1111,25532,606,0.0357,0.0885,0.5396,27798,1.1523,5428,3.19923,0.0713,0.0657
1112,17993,281,0.0424,0.0506,0.1408,20311,1.1697,1521,0.47147,0.0734,0.0728
1113,29491,684,0.0238,0.0138,0.6828,35323,1.2567,3766,8.2187,0.0389,0.0394
1114,32373,267,0.022,0.0477,0.759,31115,0.982,4734,5.41164,0.0441,0.0407
1115,39284,353,0.0418,0.0485,0.6722,37158,0.9626,7433,9.43867,0.0804,0.0752
1116,38341,1160,0.7637,0.06,0.7523,34271,0.8841,40851,7.69702,0.3487,0.4018
1117,34797,843,0.0251,0.1475,0.6641,39134,1.1972,5783,10.75602,0.0493,0.0453
1118,19512,406,0.0224,0.0935,0.2511,22822,1.2309,1605,0.46263,0.0443,0.0407
1119,26016,1108,0.0656,0.0198,0.7238,35039,1.44,9056,8.03956,0.0809,0.0901
1120,19864,699,0.0201,0.0545,0.9082,23778,1.2919,4935,0.53064,0.0395,0.0364
1121,30792,1120,0.1851,0.1379,0.2212,37357,1.2926,10209,9.57133,0.3321,0.3256
1122,16201,434,0.4938,0.0432,0.8319,14919,0.913,15723,3.38733,0.1185,0.14
1123,28290,553,0.0993,0.0365,0.8783,26688,0.9524,15540,2.45867,0.1182,0.1286
1124,38500,440,0.17,0.1798,0.3116,32822,0.8641,13666,6.548,0.3185,0.3031
1125,25578,1200,0.0521,0.3094,0.9261,25088,1.1173,15055,1.392,0.1034,0.095
1126,32273,539,0.0381,0.0304,0.3773,36139,1.1611,3627,8.76289,0.0698,0.0676
1127,24102,983,0.711,0.1164,0.8263,15799,0.6263,41117,3.28365,0.3258,0.369
1128,26471,1015,0.0947,0.3154,0.8051,19346,0.8152,21160,0.436,0.1859,0.1718
1129,26600,270,0.7538,0.0158,0.5651,26949,1.0182,7446,2.63267,0.0807,0.0975
1130,18980,382,0.0291,0.0102,0.321,22883,1.2583,1472,0.47663,0.0294,0.0328
1131,29726,941,0.1005,0.011,0.6767,38188,1.3564,7240,10.12708,0.0651,0.079
1132,28756,375,0.2152,0.0272,0.6044,28077,0.9777,11770,3.38467,0.1234,0.1427
1133,15638,656,0.0791,0.0147,0.455,22127,1.5187,3743,0.76665,0.0505,0.0617
1134,29714,435,0.0655,0.0981,0.5625,26783,0.9264,9752,2.522,0.1263,0.1188
1135,24619,1093,0.973,0.0583,0.4158,30310,1.2855,20101,4.87333,0.2999,0.357
1136,31561,162,0.3838,0.1053,0.3563,23588,0.7099,18158,0.392,0.3447,0.3711
1137,33431,105,0.6087,0.3941,0.8505,2093,0.0387,36260,12.19755,0.3279,0.309
1138,30269,647,0.2736,0.0231,0.7002,32353,1.089,14193,6.23533,0.1263,0.1499
1139,31773,834,0.8794,0.0112,0.1012,41293,1.3739,1482,12.20709,0.0839,0.1105
1140,33905,933,0.3325,0.0158,0.1433,44124,1.3755,2890,14.08872,0.1172,0.1477
1141,36604,460,0.0817,0.0953,0.2384,37746,1.0612,5167,9.83106,0.1567,0.1468
1142,28818,642,0.1082,0.1052,0.6806,23798,0.8442,18005,0.532,0.1885,0.186
1143,18189,105,0.9547,0.0837,0.3879,13619,0.7016,12193,4.254,0.2053,0.2299
1144,26655,365,0.1159,0.0164,0.5401,28354,1.0827,6208,3.56933,0.0736,0.0852
1145,34528,564,0.4115,0.1399,0.704,18086,0.4827,38357,2.03211,0.3799,0.4001
1146,24550,131,0.0622,0.5092,0.7826,10628,0.4408,15871,6.30747,0.1222,0.1125
1147,18028,416,0.1154,0.0165,0.6399,20727,1.1871,5888,0.01179,0.0563,0.0678
1148,29875,1111,0.3048,0.0185,0.8346,37336,1.3068,16563,9.55736,0.118,0.1465
1149,28143,549,0.1607,0.1014,0.6563,21585,0.7627,21455,0.0,0.2271,0.2366
1150,30590,254,0.0212,0.0128,0.8506,31070,1.0289,3952,5.38432,0.0335,0.0338
1151,18231,142,0.1249,0.0279,0.6861,16329,0.88,7708,2.44733,0.0734,0.0829
1152,34742,967,0.0259,0.0546,0.8948,40033,1.2312,6594,11.35533,0.0517,0.0476
1153,26792,312,0.145,0.1006,0.3655,23352,0.8693,11407,0.23467,0.2209,0.2261
1154,37566,928,0.2049,0.0416,0.4474,41585,1.1408,15092,12.39,0.2213,0.2469
1155,18109,309,0.7503,0.2931,0.1512,15499,0.8427,12359,3.00067,0.5696,0.6047
1156,39293,969,0.8502,0.3692,0.3048,33620,0.8372,38066,7.21235,0.8952,0.9038
1157,26276,557,0.1745,0.0789,0.8653,18814,0.6968,24962,0.79074,0.197,0.2105
1158,34881,583,0.0441,0.222,0.2502,38102,1.1423,3782,10.07071,0.0876,0.0805
1159,35904,556,0.1667,0.5285,0.5854,17626,0.5086,27779,1.73131,0.3242,0.302
1160,29584,209,0.046,0.4396,0.2588,27293,0.9437,4801,2.86478,0.091,0.0836
1161,16573,374,0.0917,0.0509,0.7987,15000,0.9079,11757,3.33333,0.098,0.1078
1162,38798,315,0.0733,0.0162,0.2312,41170,1.0783,2819,12.11796,0.0808,0.0888
1163,39497,289,0.0317,0.4441,0.8716,26442,0.6914,16523,2.29484,0.0627,0.0576
1164,17144,49,0.1152,0.0904,0.3521,13413,0.7565,7196,4.39133,0.1415,0.1479
1165,31176,43,0.0296,0.3706,0.3796,26458,0.8528,5234,2.30674,0.0585,0.0537
1166,39195,512,0.0217,0.0205,0.1442,44666,1.1776,815,14.45431,0.0415,0.0392
1167,31270,358,0.1005,0.0128,0.8609,31893,1.0267,8525,5.92867,0.0624,0.0724
1168,15949,49,0.0465,0.1084,0.6701,10619,0.6467,7578,6.25652,0.0824,0.0796
1169,30628,49,0.0278,0.0276,0.3947,29079,0.9479,2819,4.06648,0.0511,0.0492
1170,20814,1132,0.0211,0.5321,0.1332,32732,1.7358,1666,6.66424,0.042,0.0386
1171,22564,735,0.3882,0.2141,0.3851,17637,0.7796,25358,1.57578,0.4446,0.4825
1172,36598,944,0.0276,0.0191,0.4386,45713,1.3194,3044,15.14534,0.0508,0.049
1173,16703,10,0.2934,0.0198,0.5054,14983,0.8742,4313,3.34938,0.0548,0.0639
1174,21622,635,0.0421,0.0159,0.885,26043,1.261,6587,2.02867,0.0488,0.0544
1175,37801,690,0.031,0.3315,0.257,42176,1.1705,3906,12.7859,0.0613,0.0563
1176,16801,978,0.0397,0.2876,0.7072,20133,1.3669,8537,0.22314,0.0794,0.0729
1177,29902,537,0.0771,0.0106,0.8541,33360,1.1463,7249,6.90667,0.053,0.0626
1178,16770,420,0.2806,0.4537,0.2528,11965,0.7172,15282,5.35667,0.4246,0.4361
1179,24563,1094,0.4855,0.0501,0.3652,32113,1.3822,15426,6.08152,0.255,0.3142
1180,32468,1171,0.3812,0.013,0.2505,45089,1.4843,4495,14.73966,0.1049,0.1348
1181,34964,277,0.3795,0.4236,0.59,9245,0.2217,38588,7.48306,0.4689,0.4648
1182,28344,235,0.8034,0.0238,0.1881,29681,1.06,3936,4.4593,0.1279,0.1566
1183,36506,654,0.0496,0.0174,0.95,38859,1.0935,9571,10.57267,0.069,0.0728
1184,32167,159,0.0569,0.1147,0.8028,22961,0.7144,12368,0.0,0.1107,0.1029
1185,21307,412,0.0354,0.0879,0.1608,24816,1.2195,1586,1.29676,0.0694,0.0643
1186,39719,259,0.0297,0.0278,0.4112,40331,1.0297,3078,11.55809,0.0559,0.0528
1187,39009,1037,0.2028,0.0642,0.8531,33645,0.8656,32267,7.13777,0.2578,0.2765
1188,30178,248,0.118,0.3573,0.6548,14303,0.4737,21092,3.87217,0.2275,0.2127
1189,34546,933,0.168,0.3191,0.5258,25316,0.7783,23836,1.544,0.3261,0.3051
1190,18402,494,0.0748,0.1143,0.1447,22238,1.2781,2799,0.33695,0.1381,0.1328
1191,17266,366,0.4889,0.0627,0.6432,14502,0.815,16060,3.66533,0.1612,0.1864
1192,27809,205,0.0228,0.0199,0.1041,29869,1.0946,575,4.6148,0.0402,0.0395
1193,17766,509,0.1444,0.0238,0.5915,20975,1.2232,7650,0.0,0.0793,0.0959
1194,16715,1148,0.0269,0.2461,0.9138,22657,1.5603,7866,0.86758,0.0531,0.0488
1195,18353,353,0.1618,0.0184,0.8233,19333,1.071,8194,0.44467,0.0617,0.074
1196,23749,542,0.0279,0.1477,0.8231,23174,1.0423,7154,0.116,0.0558,0.0512
1197,35942,1093,0.1405,0.0206,0.7704,42516,1.2324,15109,13.01067,0.1241,0.1432
1198,29399,705,0.6458,0.0295,0.2919,34694,1.2253,8721,7.796,0.1794,0.223
1199,26087,350,0.7164,0.0184,0.2584,28792,1.1278,4255,3.8657,0.1001,0.1236
1200,26146,640,0.2406,0.0374,0.8903,24708,0.9427,20553,1.13867,0.1476,0.1704
1201,33726,314,0.0277,0.048,0.7069,32674,0.9902,5299,6.44976,0.054,0.05
1202,16252,1010,0.1696,0.2817,0.8552,8877,0.586,31859,7.46009,0.2557,0.2679
1203,38417,494,0.384,0.1183,0.4738,27896,0.6994,28873,3.28936,0.4225,0.4504
1204,24678,424,0.2844,0.4771,0.1653,21229,0.8752,11676,0.0,0.5127,0.4981
1205,27996,75,0.034,0.0182,0.1749,28160,1.0104,1249,3.47616,0.0492,0.0508
1206,24042,880,0.1068,0.0135,0.1723,33904,1.5115,1999,7.31558,0.0694,0.0852
1207,37964,779,0.6328,0.151,0.8986,14348,0.3346,52740,4.92015,0.4121,0.4326
1208,21377,161,0.1552,0.3198,0.4109,11693,0.526,15268,5.56828,0.2659,0.26
1209,28760,997,0.0239,0.0425,0.6874,36654,1.372,4447,9.1073,0.0466,0.043
1210,30377,101,0.1501,0.0371,0.5844,25573,0.815,11593,1.71533,0.1342,0.1466
1211,23079,423,0.0972,0.0748,0.6463,19871,0.8664,13330,0.086,0.1448,0.1491
1212,18399,156,0.2992,0.0552,0.3399,16748,0.8958,7837,2.168,0.1489,0.1703
1213,34481,946,0.044,0.0218,0.9404,39847,1.211,9678,11.23133,0.0729,0.0738
1214,24463,87,0.1118,0.102,0.4802,17678,0.6952,11758,1.54808,0.172,0.1732
1215,29745,1009,0.0991,0.0958,0.3958,34387,1.2313,10032,7.59133,0.1857,0.1778
1216,26834,274,0.3774,0.0112,0.5605,28082,1.0585,5350,3.38869,0.0583,0.0712
1217,25597,796,0.4707,0.0216,0.2553,33306,1.3727,5508,6.87514,0.1261,0.1606
1218,34085,547,0.2518,0.0142,0.8711,35757,1.0638,12314,8.50467,0.0871,0.1049
1219,18794,317,0.3022,0.1184,0.5435,12710,0.6409,18399,4.86399,0.2284,0.249
1220,39295,350,0.2546,0.5591,0.8675,5444,0.1208,46269,10.14431,0.3685,0.3607
1221,16691,471,0.0215,0.0119,0.2814,21773,1.3827,1141,0.58097,0.0278,0.03
1222,20502,9,0.0747,0.0513,0.5299,16269,0.7632,7213,2.48733,0.0939,0.0981
1223,36718,1084,0.0441,0.0158,0.1603,48819,1.4145,1582,17.22317,0.0684,0.0712
1224,21600,78,0.1589,0.3554,0.1394,17854,0.8206,5745,1.43092,0.2967,0.2819
1225,32797,401,0.2821,0.072,0.2669,31701,0.9693,11821,5.80067,0.2927,0.3218
1226,19879,0,0.4489,0.0211,0.5026,17555,0.8548,5461,1.63099,0.0688,0.0798
1227,18931,1086,0.2779,0.0331,0.802,25394,1.4187,18565,1.64434,0.1383,0.1713
1228,15634,401,0.0322,0.0121,0.6063,19189,1.2859,2841,0.63474,0.0311,0.0352
1229,25186,386,0.0984,0.0207,0.4244,27357,1.1118,5474,2.90519,0.0807,0.0927
1230,25596,897,0.0927,0.2019,0.5471,24443,1.0323,13712,0.962,0.1821,0.1693
1231,28676,304,0.7287,0.0876,0.806,15365,0.4771,29879,3.21931,0.256,0.2738
1232,23971,836,0.0767,0.0917,0.4393,27569,1.226,8645,3.046,0.1434,0.1373
1233,27729,369,0.2575,0.4563,0.4309,12924,0.4467,25935,4.7933,0.426,0.4222
1234,25055,1109,0.0492,0.2932,0.6377,28616,1.2734,9801,3.744,0.098,0.09
1235,22292,789,0.3562,0.0112,0.5833,29778,1.4152,6201,4.53495,0.061,0.079
1236,37801,1064,0.0335,0.0241,0.2092,49206,1.3825,1807,17.4784,0.0637,0.0605
1237,34722,602,0.1968,0.5052,0.7891,10014,0.2866,39699,6.97229,0.3488,0.3396
1238,17103,710,0.0909,0.0754,0.2347,22806,1.4302,4820,0.45148,0.1456,0.1497
1239,35444,403,0.2522,0.0657,0.5643,28796,0.7911,21294,3.864,0.2567,0.2786
1240,21187,957,0.0881,0.0584,0.6226,25751,1.2929,12387,1.834,0.1363,0.1423
1241,31772,392,0.9218,0.1082,0.6562,17948,0.506,33564,1.76127,0.3533,0.3796
1242,20854,142,0.6535,0.0422,0.129,21265,1.0268,3302,0.284,0.1564,0.1891
1243,32922,169,0.0382,0.0896,0.6935,27983,0.8592,7392,3.322,0.0757,0.0699
1244,21273,104,0.2436,0.0809,0.4839,15300,0.6798,13280,3.13405,0.1863,0.2009
1245,29729,942,0.3543,0.0289,0.7904,32963,1.1371,20695,6.642,0.1603,0.1938
1246,37017,905,0.4822,0.1232,0.2509,37450,1.0324,20151,9.63333,0.5475,0.5844
1247,22921,134,0.088,0.0107,0.4315,23341,1.0232,2854,0.40168,0.0413,0.0488
1248,25613,472,0.9237,0.0265,0.5086,27099,1.0725,11079,2.73267,0.1333,0.1635
1249,24247,437,0.6714,0.0807,0.1771,25770,1.0801,9138,1.84667,0.3276,0.3824
1250,33372,619,0.9648,0.0709,0.1872,35897,1.0947,11712,8.598,0.4144,0.4621
1251,29448,390,0.0364,0.0834,0.6713,27896,0.9797,6695,3.264,0.0712,0.0657
1252,32725,413,0.1481,0.076,0.7731,23730,0.7047,22416,0.48667,0.2022,0.2094
1253,37213,169,0.0256,0.2231,0.9393,29022,0.7935,10219,4.01467,0.0505,0.0464
1254,26357,1043,0.0364,0.0127,0.406,37387,1.5254,2919,9.62617,0.0494,0.0535
1255,18550,428,0.0903,0.0188,0.7949,20558,1.1385,7500,0.0,0.0596,0.0695
1256,33840,689,0.0209,0.0137,0.4738,40371,1.248,2496,11.58654,0.0373,0.0365
1257,27743,399,0.304,0.0182,0.8716,27470,0.993,12601,2.98,0.0883,0.1071
1258,24645,256,0.2383,0.1424,0.8073,10529,0.3798,26197,6.4048,0.231,0.2376
1259,37987,844,0.0875,0.0923,0.9193,31474,0.8611,20696,5.64933,0.1639,0.156
1260,38143,743,0.0572,0.2897,0.2182,42782,1.1798,4286,13.18923,0.1128,0.1036
1261,20903,975,0.0285,0.0353,0.2285,31341,1.6332,1673,5.68877,0.0548,0.052
1262,32597,540,0.6395,0.0365,0.6649,30378,0.9226,20489,4.91867,0.196,0.2306
1263,39975,1020,0.4467,0.0287,0.6471,43654,1.1175,21874,13.76933,0.2074,0.2499
1264,26943,201,0.7083,0.0839,0.2556,23574,0.8541,12676,0.38267,0.3208,0.3663
1265,25147,392,0.5568,0.0256,0.1255,28888,1.1871,2667,3.94098,0.1298,0.1616
1266,27831,842,0.1361,0.2074,0.3987,26548,1.0105,14110,2.36533,0.261,0.2465
1267,20720,821,0.0495,0.0189,0.9227,26566,1.3612,8373,2.38607,0.0596,0.066
1268,34467,211,0.3207,0.0658,0.9386,19771,0.5164,29412,0.78327,0.2181,0.2304
1269,23814,369,0.0838,0.2004,0.6276,16537,0.7107,13827,2.30867,0.1599,0.1505
1270,19924,271,0.5673,0.1768,0.2274,16411,0.7983,13800,2.39267,0.403,0.4488
1271,37547,277,0.0649,0.288,0.6396,27608,0.7556,13362,3.072,0.1285,0.1181
1272,19916,823,0.4636,0.0115,0.1346,29337,1.5905,1489,4.36018,0.0613,0.0817
1273,19898,61,0.0743,0.0654,0.7411,13858,0.6622,10562,4.0966,0.1011,0.1034
1274,17745,199,0.7078,0.1041,0.6179,10334,0.5241,18064,6.47062,0.2003,0.2163
1275,20252,564,0.0327,0.0385,0.8037,22522,1.1683,6419,0.0,0.0578,0.0565
1276,15270,532,0.2476,0.0281,0.8354,17205,1.1601,11673,1.86333,0.0852,0.1034
1277,15342,848,0.0296,0.2413,0.671,19561,1.4387,5997,0.54727,0.0585,0.0537
1278,30885,42,0.5729,0.1877,0.4629,13690,0.3811,26699,4.34259,0.415,0.42
1279,39337,871,0.0338,0.2638,0.2538,46100,1.2384,3689,15.40192,0.0671,0.0616
1280,30149,857,0.0347,0.0396,0.7414,35171,1.2363,6615,8.114,0.0662,0.0624
1281,37825,677,0.0225,0.0112,0.7091,43585,1.197,3655,13.72555,0.0369,0.0371
1282,19818,1086,0.1114,0.0117,0.9153,29890,1.6313,8909,4.72426,0.0569,0.0719
1283,32221,1036,0.0313,0.0295,0.8884,39070,1.2908,7321,10.71333,0.0595,0.0569
1284,16048,1010,0.3437,0.5175,0.3484,12818,0.8491,26310,4.78999,0.5191,0.5451
1285,38099,588,0.2613,0.0179,0.1684,43817,1.1875,3446,13.8806,0.1276,0.1546
1286,27304,353,0.1579,0.4059,0.4365,15945,0.5895,18495,2.72832,0.3009,0.2844
1287,23751,302,0.3072,0.2776,0.2025,18981,0.7906,13235,0.67933,0.4552,0.4671
1288,25949,152,0.1027,0.2618,0.8093,10091,0.3693,21052,6.69734,0.1867,0.1784
1289,39088,640,0.2606,0.0113,0.6392,43277,1.1361,9091,13.518,0.0859,0.105
1290,25927,1080,0.7198,0.0115,0.3219,37476,1.5539,4606,9.68883,0.0801,0.1066
1291,28316,667,0.1588,0.1261,0.3317,28071,1.0235,12466,3.38067,0.2694,0.2688
1292,30837,974,0.7286,0.2632,0.5313,16086,0.4863,45944,3.48948,0.6031,0.6355
1293,28032,1037,0.9674,0.081,0.7108,23768,0.8353,37884,1.44964,0.3406,0.3944
1294,20012,793,0.2808,0.3156,0.5873,10340,0.5148,31545,6.50609,0.3674,0.3888
1295,22302,600,0.0791,0.0208,0.4459,27098,1.2717,5390,2.73275,0.0758,0.0871
1296,29520,970,0.0218,0.2626,0.2175,38975,1.4189,2185,10.66493,0.0432,0.0396
1297,21982,648,0.2845,0.3352,0.6106,9175,0.4042,32121,7.32218,0.363,0.3792
1298,17766,19,0.1163,0.1233,0.107,16259,0.9059,2652,2.51878,0.1772,0.1799
1299,27270,386,0.3174,0.418,0.2057,21055,0.7679,15647,0.0,0.5421,0.5369
1300,25368,70,0.5016,0.2172,0.4554,10776,0.3592,23196,6.25339,0.3707,0.3745
1301,16415,1194,0.2839,0.1096,0.8737,15569,0.9728,33782,3.09527,0.2462,0.2831
1302,19345,903,0.4969,0.1853,0.9254,8258,0.4054,40122,8.04835,0.2892,0.3202
1303,38599,150,0.3942,0.0469,0.1081,38398,0.9958,4593,10.2664,0.2701,0.3097
1304,24257,1118,0.3301,0.115,0.6235,22025,0.9271,32178,0.75558,0.3351,0.3753
1305,39303,357,0.1043,0.0318,0.4828,38239,0.9786,9558,10.15933,0.1357,0.1446
1306,23737,684,0.0326,0.0567,0.4125,28873,1.2939,3560,3.92375,0.0632,0.0588
1307,31333,672,0.0534,0.0243,0.5165,35883,1.1907,6016,8.58867,0.0809,0.0837
1308,33634,1185,0.0269,0.2082,0.3706,44082,1.4163,3772,14.06197,0.0531,0.0488
1309,21517,228,0.0892,0.467,0.3834,15106,0.722,9687,3.26267,0.1764,0.1628
1310,19550,792,0.0299,0.0113,0.5388,27699,1.5231,3030,3.23488,0.0359,0.0403
1311,25417,842,0.1214,0.1634,0.1552,31653,1.3314,4853,5.77088,0.2317,0.2183
1312,18274,713,0.227,0.1445,0.8348,11022,0.5915,28511,6.00763,0.2292,0.2497
1313,16753,569,0.3717,0.0503,0.3265,20225,1.2631,9116,0.0,0.1651,0.2031
1314,19756,1105,0.0215,0.0143,0.2494,32320,1.7969,1285,6.44942,0.0357,0.0368
1315,29945,179,0.0671,0.0662,0.2745,28688,0.964,4544,3.7951,0.121,0.117
1316,27552,869,0.3848,0.0473,0.6156,29031,1.0754,21765,4.02067,0.2204,0.2602
1317,38488,354,0.0863,0.4961,0.8573,17892,0.4873,25249,1.5742,0.1701,0.1564
1318,16355,135,0.2754,0.0124,0.5647,16589,1.0185,3555,2.28852,0.0383,0.0467
1319,24208,20,0.6259,0.5434,0.1757,14558,0.5387,16720,3.6676,0.667,0.69
1320,27089,376,0.8598,0.1386,0.6868,12537,0.4046,32243,5.12883,0.3282,0.3471
1321,32800,32,0.7254,0.1366,0.1021,29014,0.8645,8151,4.00933,0.547,0.584
1322,30721,635,0.5983,0.3963,0.8018,4797,0.1355,47123,10.56828,0.4175,0.4287
1323,27548,392,0.1383,0.0234,0.2271,30626,1.142,3757,5.08948,0.1044,0.1214
1324,24661,91,0.2826,0.0111,0.894,22930,0.9159,6757,0.0,0.0476,0.0562
1325,28678,26,0.1819,0.2022,0.2557,20939,0.7059,10949,0.0,0.3089,0.3029
1326,22312,1030,0.0368,0.0315,0.2674,33031,1.6093,2452,6.77663,0.0662,0.065
1327,18813,168,0.4644,0.3259,0.78,2265,0.0919,23127,11.99583,0.2235,0.219
1328,21246,442,0.2567,0.0602,0.4278,20933,0.9916,12490,0.0,0.1864,0.2147
1329,34006,668,0.0277,0.5293,0.1446,39276,1.2139,2746,10.85607,0.0545,0.05
1330,18295,965,0.099,0.2164,0.7684,15110,0.908,19530,3.26,0.1855,0.1782
1331,35485,922,0.0518,0.0929,0.1125,44962,1.3437,1671,14.64915,0.1032,0.095
1332,15770,580,0.5735,0.0112,0.6127,21234,1.4298,4772,0.45157,0.0443,0.058
1333,15507,17,0.5213,0.3521,0.9364,361,0.0117,15988,13.29215,0.135,0.1252
1334,33872,156,0.2282,0.1378,0.7206,16102,0.4287,28466,2.77557,0.2843,0.2868
1335,23612,625,0.0367,0.5388,0.1841,28176,1.2727,2937,3.4657,0.0731,0.0671
1336,31228,615,0.3646,0.0237,0.3755,35371,1.1651,8729,8.24733,0.1425,0.1732
1337,22735,289,0.1601,0.0526,0.6311,19271,0.8299,13533,0.486,0.1439,0.1582
1338,27052,138,0.0454,0.0138,0.8432,25768,0.9473,5754,1.84552,0.0458,0.0499
1339,24432,119,0.0497,0.0299,0.5629,22423,0.9126,5657,0.03611,0.0697,0.072
1340,21079,578,0.0278,0.2673,0.4668,23479,1.196,4541,0.35434,0.0558,0.0512
1341,38756,1079,0.533,0.0466,0.3474,44358,1.1815,18047,14.23867,0.3229,0.3781
1342,30019,197,0.0381,0.0161,0.3442,30928,1.0412,2620,5.2973,0.0515,0.0545
1343,17120,799,0.0833,0.313,0.6281,14483,0.9426,14146,3.678,0.1632,0.1519
1344,18349,68,0.0488,0.0674,0.3812,16072,0.8673,4420,2.62394,0.0827,0.0812
1345,29748,1180,0.7995,0.1296,0.7309,19845,0.6376,47886,2.42022,0.4376,0.4835
1346,30093,422,0.0264,0.0783,0.6323,30511,1.0537,4773,5.009,0.0517,0.0476
1347,16018,416,0.1006,0.3068,0.7565,7168,0.4584,18548,8.5925,0.1731,0.171
1348,19163,168,0.1715,0.0109,0.2831,20494,1.0869,1768,0.44547,0.04,0.0484
1349,21453,756,0.9964,0.0457,0.6429,22948,1.0881,20248,0.0,0.1909,0.2341
1350,33398,365,0.3414,0.0424,0.7442,27469,0.7936,21750,2.97933,0.1921,0.2161
1351,18885,861,0.0422,0.0632,0.5729,24402,1.4024,6321,0.99502,0.0802,0.0763
1352,18848,726,0.4503,0.3149,0.3589,13466,0.7145,25925,4.35709,0.4913,0.5326
1353,33686,1037,0.9794,0.1293,0.7664,19103,0.5287,51031,2.86215,0.4486,0.4935
1354,39097,362,0.1347,0.0939,0.8331,25508,0.6339,25361,1.68687,0.219,0.2182
1355,21576,280,0.309,0.3051,0.7853,4122,0.1604,27939,10.74154,0.2588,0.2592
1356,38720,864,0.0286,0.0528,0.2046,47541,1.2939,1607,16.3672,0.0571,0.0525
1357,26623,43,0.0728,0.2177,0.771,13486,0.4903,15265,4.39855,0.1409,0.1318
1358,22974,538,0.2665,0.0789,0.433,21931,0.958,15848,0.0,0.2376,0.2681
1359,22903,911,0.2246,0.0374,0.1732,31952,1.4934,4952,6.00373,0.172,0.2082
1360,17306,1065,0.0357,0.0905,0.181,28477,1.8249,1799,4.07291,0.0698,0.0643
1361,38260,46,0.2541,0.2305,0.2067,29487,0.7507,12649,4.32467,0.4459,0.4347
1362,22038,912,0.1885,0.0274,0.2021,31387,1.5278,4331,5.6454,0.129,0.1581
1363,33592,992,0.026,0.026,0.5057,42720,1.3528,3455,13.15057,0.0504,0.0473
1364,15343,1033,0.2459,0.4208,0.3462,15038,1.0683,20264,3.308,0.4167,0.4215
1365,35547,266,0.3203,0.0786,0.2789,31739,0.8807,13322,5.826,0.3259,0.3548
1366,27816,1194,0.0581,0.4582,0.8206,25627,1.0483,16577,1.75133,0.1147,0.1053
1367,30275,627,0.2586,0.0112,0.4324,35954,1.2333,5254,8.63636,0.0711,0.0894
1368,30331,730,0.0581,0.5657,0.1942,34526,1.2105,4566,7.68548,0.1147,0.1053
1369,18132,1150,0.083,0.3399,0.9147,13957,0.9006,20696,4.02867,0.1639,0.1519
1370,20144,678,0.4755,0.012,0.6848,26103,1.3649,6960,2.07996,0.0581,0.0754
1371,32496,137,0.6048,0.3878,0.6902,4289,0.0917,35765,10.72847,0.3931,0.3766
1372,23311,1116,0.5346,0.2716,0.362,19881,0.8665,31532,0.69214,0.6027,0.6351
1373,38858,463,0.0977,0.1374,0.2231,39316,1.041,5697,10.87738,0.1922,0.1782
1374,18044,68,0.04,0.283,0.8917,8901,0.4946,10449,7.43095,0.0788,0.0728
1375,33519,379,0.2747,0.1484,0.5045,21684,0.619,25949,0.28782,0.3625,0.3741
1376,35896,772,0.0331,0.4421,0.2039,41510,1.2209,3650,12.34248,0.0656,0.0603
1377,25147,1070,0.2089,0.3497,0.7031,13075,0.5515,35548,4.77403,0.3562,0.356
1378,28825,454,0.0218,0.0287,0.8695,30212,1.0847,4941,4.80929,0.0414,0.0391
1379,26188,801,0.7446,0.0222,0.5777,31439,1.2484,12553,5.626,0.1276,0.1607
1380,20101,632,0.0629,0.2671,0.7108,16106,0.8753,12462,2.596,0.1237,0.1142
1381,18393,674,0.0229,0.1291,0.3797,23914,1.4089,2599,0.7945,0.0456,0.0418
1382,27956,1135,0.1992,0.0103,0.8332,38376,1.4622,9622,10.26492,0.067,0.0854
1383,19224,238,0.4296,0.275,0.2442,13237,0.6572,15448,4.51092,0.4312,0.4609
1384,34449,449,0.4519,0.0197,0.8882,32994,0.9533,16559,6.66267,0.1169,0.1385
1385,21972,1033,0.0727,0.022,0.114,33757,1.6702,1500,7.29211,0.0864,0.0978
1386,35298,315,0.4068,0.0238,0.9146,30956,0.8556,18621,5.304,0.1301,0.1507
1387,24041,382,0.0673,0.0669,0.272,25413,1.0908,4508,1.61631,0.1181,0.116
1388,27421,122,0.1028,0.0876,0.9187,15556,0.5296,19175,3.0166,0.1494,0.1501
1389,26534,683,0.1398,0.0101,0.1588,34155,1.3589,1559,7.45393,0.0587,0.0735
1390,22410,797,0.3356,0.5118,0.9416,3134,0.1438,43595,11.56272,0.3153,0.3344
1391,27352,1041,0.0429,0.0996,0.7544,31446,1.2526,9030,5.63067,0.0855,0.0789
1392,20959,950,0.1362,0.018,0.8077,28349,1.438,10996,3.59555,0.0816,0.0996
1393,31988,15,0.0738,0.0843,0.8597,20294,0.6065,15352,0.31164,0.1296,0.1258
1394,23155,69,0.1688,0.123,0.8214,9918,0.371,20280,6.8102,0.1795,0.1805
1395,34327,1108,0.1591,0.3885,0.4494,29610,0.937,19682,4.40667,0.3123,0.2885
1396,36397,734,0.8557,0.0154,0.8975,38971,1.0877,16887,10.64733,0.1136,0.1393
1397,26586,510,0.0963,0.0484,0.6059,26039,0.9923,11915,2.026,0.1345,0.1415
1398,38214,175,0.2589,0.0362,0.4586,33997,0.8708,13168,7.33133,0.1867,0.2091
1399,33804,784,0.4352,0.1272,0.532,24873,0.7154,34189,1.57948,0.4304,0.469
1400,17079,1015,0.7077,0.0202,0.2731,27826,1.7798,5148,3.59411,0.1024,0.1372
1401,34674,753,0.1229,0.2126,0.7494,23131,0.6963,24253,0.08822,0.2345,0.2208
1402,37683,152,0.2108,0.2092,0.2293,30230,0.7928,12040,4.82,0.381,0.3674
1403,34816,1166,0.0532,0.3167,0.7998,34092,1.0793,14733,7.39467,0.1053,0.0967
1404,37248,1084,0.0304,0.1018,0.5056,45484,1.3077,4805,14.98988,0.0599,0.055
1405,16503,868,0.1263,0.4684,0.4662,13933,0.9429,15718,4.04467,0.245,0.2296
1406,24712,333,0.223,0.0713,0.4311,21690,0.8646,13786,0.0,0.2108,0.2315
1407,38977,1181,0.0232,0.013,0.1637,52441,1.4342,996,19.6395,0.0416,0.0406
1408,33219,629,0.8788,0.3076,0.9093,4417,0.1146,50079,10.895,0.3964,0.4049
1409,36433,11,0.5631,0.0134,0.9226,31576,0.8387,11452,5.71733,0.0799,0.0922
1410,21540,890,0.288,0.3,0.7522,8758,0.4057,38354,7.68819,0.3463,0.3687
1411,25156,248,0.0205,0.0399,0.9164,23725,0.9634,5058,0.4934,0.0398,0.0372
1412,19457,845,0.1126,0.0283,0.9403,23511,1.2688,14339,0.34067,0.0951,0.1116
1413,16127,753,0.6795,0.0487,0.6184,19132,1.2271,17113,0.57867,0.1636,0.2036
1414,38356,292,0.2731,0.0715,0.4615,31029,0.7859,19678,5.35267,0.2913,0.313
1415,24254,733,0.0275,0.1974,0.5882,27642,1.2302,5413,3.09528,0.0545,0.05
1416,28694,1119,0.0553,0.0106,0.5074,40229,1.504,4456,11.50725,0.0555,0.0642
1417,15443,1184,0.221,0.1007,0.4004,22514,1.5788,16486,0.92946,0.2621,0.2976
1418,29624,821,0.0915,0.0147,0.2183,38333,1.3679,2758,10.2302,0.0777,0.0919
1419,18733,715,0.1131,0.059,0.1169,25983,1.4873,2695,2.11322,0.1564,0.1693
1420,20508,1066,0.9728,0.0451,0.6836,25127,1.2754,23622,1.418,0.2036,0.2552
1421,29164,917,0.6776,0.0272,0.1458,38670,1.4054,4549,10.45369,0.1815,0.233
1422,38361,577,0.6284,0.0509,0.2293,40317,1.0669,11843,11.54467,0.3281,0.3829
1423,37048,935,0.2869,0.2283,0.5483,24065,0.6539,35956,1.36298,0.4633,0.4682
1424,38172,396,0.0514,0.0975,0.6144,34703,0.9344,8749,7.802,0.1011,0.0933
1425,16006,555,0.5813,0.033,0.4634,19590,1.274,9016,0.27333,0.1143,0.1448
1426,24255,131,0.0853,0.0154,0.6591,23223,0.9502,5645,0.15329,0.056,0.0638
1427,31886,87,0.0438,0.0517,0.8377,25551,0.7911,9267,1.70067,0.081,0.0776
1428,32486,556,0.0286,0.1533,0.9407,30277,0.9825,8915,4.85133,0.0572,0.0525
1429,28660,317,0.343,0.5235,0.7236,3993,0.1153,36095,10.91053,0.3588,0.3554
1430,38564,1094,0.234,0.3033,0.5222,26973,0.7334,31533,2.73648,0.4358,0.417
1431,37911,317,0.0298,0.0162,0.1161,41160,1.1091,825,12.11892,0.0502,0.0498
1432,16756,285,0.0213,0.0964,0.1212,19447,1.2108,763,0.66318,0.0419,0.0386
1433,31797,981,0.704,0.4376,0.8274,5419,0.1583,57946,10.47753,0.4844,0.5113
1434,30340,781,0.239,0.237,0.5819,18414,0.6086,31387,1.28951,0.3825,0.3868
1435,22284,1050,0.4419,0.0557,0.2495,30994,1.4859,10795,5.36524,0.2649,0.3243
1436,32839,190,0.0497,0.1586,0.4677,28547,0.8837,6731,3.698,0.0979,0.09
1437,18825,837,0.1337,0.2223,0.3271,20805,1.1904,10986,0.0,0.2488,0.2393
1438,21611,786,0.0261,0.109,0.7969,25166,1.2698,6024,1.444,0.0518,0.0476
1439,30289,833,0.107,0.0466,0.6442,32306,1.1072,14313,6.204,0.1532,0.162
1440,33793,104,0.0954,0.043,0.6681,27385,0.7884,12382,2.92333,0.1305,0.1349
1441,34403,893,0.5196,0.217,0.433,23700,0.6719,37516,1.40082,0.5996,0.6322
1442,21564,1087,0.0952,0.249,0.335,26796,1.3739,8710,2.54262,0.1886,0.174
1443,38898,651,0.1935,0.0326,0.5058,40062,1.0464,14003,11.37467,0.1809,0.2042
1444,21385,438,0.0421,0.4198,0.7383,16116,0.8126,10601,2.58933,0.0842,0.0774
1445,31403,1081,0.0783,0.0106,0.5144,42317,1.4347,5340,12.88601,0.0639,0.076
1446,36561,827,0.0478,0.3742,0.2301,42060,1.2183,4425,12.70775,0.0945,0.0868
1447,19996,223,0.026,0.0175,0.4749,21172,1.0805,2553,0.36284,0.0369,0.0384
1448,20672,1048,0.1519,0.3625,0.1273,28794,1.5315,5139,3.94003,0.2988,0.2768
1449,33840,253,0.1344,0.0221,0.605,32409,0.952,9513,6.27267,0.1047,0.1175
1450,34351,422,0.1697,0.2816,0.8714,11656,0.3234,35259,5.80388,0.2881,0.2809
1451,22839,475,0.6555,0.5956,0.7391,2138,0.0861,36051,12.1384,0.3472,0.3561
1452,28521,648,0.0257,0.0204,0.2378,35229,1.2991,1541,8.16617,0.0459,0.0447
1453,24941,1082,0.4431,0.2006,0.8928,10652,0.4103,47951,6.75329,0.3616,0.395
1454,24333,7,0.5298,0.2939,0.6837,3596,0.0984,24240,11.11832,0.2773,0.2603
1455,19244,348,0.5576,0.018,0.2245,22395,1.2034,2920,0.32421,0.0752,0.0942
1456,26508,244,0.2246,0.0385,0.8614,20920,0.7553,17240,0.0,0.1328,0.1474
1457,33313,537,0.0852,0.1749,0.2146,34982,1.0931,5137,7.98852,0.1696,0.1563
1458,22980,304,0.0787,0.0718,0.2188,23955,1.0672,4056,0.66874,0.1329,0.1329
1459,15876,505,0.056,0.0644,0.8245,15475,1.0162,10339,3.01667,0.0883,0.0903
1460,16690,69,0.0764,0.2463,0.5214,9379,0.5404,9977,7.10061,0.1396,0.1336
1461,22710,573,0.3303,0.017,0.65,26532,1.2076,8682,2.35467,0.0798,0.0995
1462,20383,379,0.1271,0.0287,0.7678,20300,1.0017,10417,0.0,0.0883,0.1009
1463,23572,360,0.1899,0.1627,0.1974,22659,0.9766,8357,0.0,0.3029,0.3081
1464,30971,767,0.0327,0.0684,0.5361,35576,1.2179,4893,8.38481,0.064,0.0589
1465,33126,620,0.5845,0.0131,0.4787,37931,1.1812,7317,9.954,0.0902,0.113
1466,34913,618,0.2972,0.0842,0.3681,32550,0.9373,18586,6.36667,0.337,0.3678
1467,29908,519,0.2652,0.0135,0.1994,35114,1.2173,2785,8.08309,0.0834,0.1025
1468,38777,1024,0.0412,0.3704,0.1377,48563,1.3316,2503,17.0463,0.0826,0.0759
1469,29083,486,0.3461,0.0212,0.6089,30560,1.0619,11159,5.04,0.1126,0.1363
1470,24581,394,0.0218,0.3423,0.607,23222,0.9928,6087,0.148,0.0432,0.0396
1471,39221,218,0.0367,0.0381,0.1875,40337,1.0422,1790,11.56649,0.0709,0.0665
1472,29204,718,0.0391,0.4341,0.642,27198,1.005,10624,2.79867,0.0778,0.0714
1473,25241,510,0.5549,0.0271,0.4155,27943,1.134,9234,3.29533,0.1348,0.1657
1474,17303,1075,0.6224,0.3626,0.5601,9011,0.5164,39674,7.51204,0.4776,0.5202
1475,32063,151,0.1899,0.3648,0.7202,8784,0.2441,30786,7.65448,0.3067,0.2977
1476,34135,442,0.597,0.1315,0.2596,29200,0.8395,19877,4.13333,0.5194,0.5586
1477,32289,1069,0.0734,0.0134,0.106,44570,1.4761,1238,14.4007,0.0766,0.0886
1478,35488,1131,0.0854,0.3072,0.8956,26816,0.8405,22900,2.544,0.1702,0.1564
1479,39534,966,0.054,0.0214,0.6358,46432,1.2304,7771,15.62133,0.0862,0.0883
1480,32701,105,0.0558,0.0203,0.7446,29721,0.8982,7463,4.48067,0.0693,0.0733
1481,17276,330,0.2598,0.2574,0.1213,17333,1.028,6640,1.778,0.3815,0.3983
1482,21583,105,0.0391,0.0279,0.6878,19543,0.8984,5407,0.311,0.0555,0.0575
1483,37333,32,0.2066,0.0347,0.3051,33915,0.8916,7781,7.27667,0.1696,0.1877
1484,32873,628,0.1739,0.278,0.6371,18195,0.5647,27914,1.32119,0.3171,0.305
1485,26934,646,0.0841,0.1473,0.8484,19545,0.756,18648,0.30333,0.1597,0.1519
1486,16291,152,0.2417,0.0979,0.6824,9393,0.5237,15198,7.0957,0.1534,0.1632
1487,33612,283,0.7229,0.5138,0.6867,3978,0.0838,41117,11.00855,0.4443,0.434
1488,23680,1062,0.0636,0.0836,0.2284,33337,1.5302,3836,6.93766,0.1227,0.1156
1489,18073,39,0.3724,0.0531,0.3169,15333,0.8198,6912,3.11133,0.1395,0.1585
1490,19031,739,0.9668,0.2081,0.7213,8152,0.3929,35997,8.04841,0.3349,0.3691
1491,20456,402,0.077,0.0599,0.5284,20060,1.0034,8676,0.0,0.115,0.1194
1492,34103,278,0.2086,0.1387,0.1473,32571,0.9616,7289,6.38067,0.3472,0.3469
1493,29602,244,0.1449,0.0433,0.6288,25178,0.8337,13676,1.452,0.1476,0.1594
1494,37909,258,0.5716,0.0176,0.1725,39651,1.0579,3501,11.10378,0.1256,0.1528
1495,32819,170,0.0225,0.0346,0.8349,30527,0.9378,4973,5.01916,0.0433,0.0405
1496,20238,711,0.0837,0.0112,0.6908,26826,1.4051,5361,2.5755,0.0456,0.0567
1497,18347,659,0.1249,0.0549,0.4582,21545,1.2288,10034,0.0,0.1427,0.16
1498,34273,329,0.1081,0.0106,0.1973,37418,1.115,1964,9.62138,0.0624,0.0733
1499,17992,505,0.7178,0.1534,0.2359,17655,0.985,14318,1.56333,0.4015,0.4503
1500,34006,1117,0.203,0.233,0.4271,30331,0.9434,22249,4.88733,0.3799,0.3635
1501,31524,471,0.1052,0.2051,0.321,28807,0.9458,9325,3.87133,0.2073,0.1923
1502,35151,856,0.0941,0.3541,0.6874,26388,0.814,19609,2.25867,0.187,0.1719
1503,34097,1080,0.1308,0.1415,0.8402,26168,0.8069,27759,2.13187,0.2402,0.2321
1504,37846,97,0.0293,0.0686,0.4566,35231,0.9368,3907,8.15698,0.0584,0.0537
1505,30947,159,0.27,0.0368,0.6378,25604,0.7964,14895,1.736,0.1552,0.1736
1506,18345,39,0.0785,0.0181,0.4874,17118,0.9208,3705,1.93646,0.0491,0.0559
1507,39413,306,0.1205,0.1161,0.5948,29185,0.7359,17718,4.12333,0.2198,0.2114
1508,23989,1077,0.7995,0.3432,0.2153,25359,1.0896,24332,1.57267,0.8146,0.8297
1509,25348,82,0.2142,0.195,0.9035,5981,0.1868,25902,9.50174,0.2139,0.2079
1510,31908,688,0.3014,0.1657,0.7021,17010,0.5076,36947,2.44254,0.3658,0.3824
1511,36485,1025,0.1933,0.4356,0.1872,39459,1.1549,10118,10.97267,0.3835,0.3534
1512,34019,44,0.1274,0.0313,0.4873,29753,0.8521,9057,4.502,0.1261,0.1365
1513,29663,450,0.1129,0.1316,0.311,28042,0.9696,8983,3.36133,0.2096,0.2001
1514,31604,1038,0.0565,0.4743,0.8366,26317,0.9306,17773,2.21133,0.1128,0.1036
1515,16627,1156,0.2886,0.0245,0.8316,25652,1.666,15311,2.14812,0.1065,0.1366
1516,15723,452,0.0355,0.1789,0.2562,18622,1.2672,2621,0.98512,0.07,0.0643
1517,16695,375,0.0449,0.0337,0.1492,20402,1.2815,1449,0.47905,0.0653,0.0689
1518,35120,1071,0.0495,0.0609,0.7109,39977,1.2151,9264,11.318,0.0965,0.0898
1519,31694,614,0.0219,0.027,0.4325,36997,1.2201,2456,9.33879,0.0421,0.0393
1520,29730,426,0.3219,0.1199,0.9491,12639,0.3744,35015,5.13529,0.2608,0.2708
1521,28083,389,0.2578,0.0227,0.5783,28589,1.0259,10199,3.726,0.1106,0.131
1522,39318,232,0.0319,0.1089,0.8869,33466,0.8681,8699,6.97733,0.0627,0.0576
1523,15729,471,0.038,0.0196,0.7454,18910,1.2624,5092,0.73293,0.044,0.0491
1524,33414,305,0.0403,0.0405,0.1606,35764,1.0945,1658,8.5216,0.0756,0.0716
1525,17718,644,0.617,0.5992,0.3589,8169,0.4389,29358,7.94846,0.5628,0.5985
1526,20442,358,0.2198,0.0307,0.5476,20967,1.0333,9211,0.0,0.1065,0.125
1527,34480,986,0.1673,0.311,0.6074,23375,0.7204,27109,0.33434,0.3214,0.3016
1528,28072,880,0.2882,0.4241,0.4348,17566,0.6415,30196,1.72342,0.4944,0.4931
1529,25591,590,0.1951,0.0316,0.7157,26320,1.0423,14756,2.21333,0.1301,0.1515
1530,35704,324,0.1903,0.0681,0.5218,29332,0.8021,17857,4.22133,0.236,0.2493
1531,28772,490,0.0326,0.0197,0.4981,32273,1.1615,3691,6.18678,0.0524,0.053
1532,29258,92,0.1196,0.0147,0.6186,27574,0.9317,6251,3.04933,0.0656,0.0751
1533,27209,1046,0.3198,0.1234,0.2462,32021,1.2377,15528,6.014,0.4197,0.4578
1534,21241,603,0.1801,0.0106,0.3348,27483,1.3661,2975,3.01365,0.0511,0.0651
1535,16188,681,0.3859,0.019,0.5707,21938,1.4392,7379,0.46384,0.0746,0.096
1536,27840,33,0.4431,0.0546,0.3743,22752,0.7824,11490,0.0,0.2055,0.2304
1537,37708,784,0.3629,0.1004,0.7974,23980,0.6072,40884,1.82154,0.3517,0.3767
1538,15619,337,0.0715,0.0329,0.8048,15559,1.0087,8459,2.96067,0.0688,0.0772
1539,28063,172,0.0868,0.2803,0.4933,18837,0.6774,12082,0.77897,0.1712,0.1581
1540,23033,422,0.2394,0.3004,0.8195,5707,0.2266,31299,9.68118,0.2718,0.277
1541,17298,614,0.7818,0.0181,0.6616,21882,1.325,8511,0.08317,0.0745,0.0953
1542,17780,825,0.1583,0.035,0.1719,26330,1.6006,3597,2.4487,0.129,0.1553
1543,30922,396,0.0338,0.4827,0.2621,31074,1.0433,4600,5.38468,0.0671,0.0616
1544,22864,525,0.144,0.4656,0.8231,6611,0.2969,28968,9.03623,0.2479,0.244
1545,31371,201,0.0693,0.0294,0.7071,28300,0.8957,9355,3.53333,0.0915,0.0964
1546,30894,1197,0.0347,0.3056,0.2904,41315,1.4536,3943,12.22264,0.0686,0.063
1547,32173,239,0.0403,0.0108,0.4788,33437,1.0528,3133,6.96454,0.044,0.0482
1548,19265,428,0.5405,0.075,0.8505,12921,0.6292,23060,4.72523,0.1806,0.2013
1549,19640,843,0.5427,0.0286,0.2095,28104,1.5358,5135,3.49345,0.1409,0.1825
1550,25843,899,0.0751,0.0631,0.7733,27233,1.1145,14049,2.822,0.1302,0.1295
1551,37299,820,0.0421,0.1546,0.6894,38115,1.0865,9097,10.07667,0.0843,0.0774
1552,29982,837,0.4118,0.4022,0.1829,29581,1.011,17813,4.38733,0.6847,0.6957
1553,30026,579,0.1852,0.0714,0.1138,34725,1.2007,4236,7.81887,0.2556,0.2731
1554,17841,893,0.2721,0.4089,0.3073,15905,0.9523,19832,2.73,0.4516,0.4591
1555,17675,513,0.0442,0.1532,0.7647,15759,0.9543,9083,2.82733,0.0866,0.0803
1556,28409,878,0.0332,0.5831,0.1102,36895,1.3914,2050,9.27767,0.0656,0.0603
1557,22640,990,0.1706,0.1435,0.8447,16371,0.7429,30409,2.48543,0.2474,0.2596
1558,36815,914,0.0373,0.0759,0.7272,40362,1.1665,7746,11.57467,0.0745,0.0685
1559,37907,1172,0.1266,0.0114,0.4857,49394,1.3776,6795,17.5979,0.0852,0.1027
1560,21826,467,0.0308,0.2136,0.3858,23670,1.1479,3778,0.5042,0.0613,0.0563
1561,24600,668,0.0253,0.0132,0.284,31724,1.3648,1582,5.83856,0.0383,0.0401
1562,35375,502,0.0748,0.0319,0.7715,34255,0.9799,12138,7.50333,0.1088,0.1131
1563,20284,41,0.1,0.0498,0.861,13823,0.6379,11843,4.12319,0.0964,0.1012
1564,24889,344,0.1291,0.3112,0.695,10911,0.4342,22602,6.12374,0.2315,0.2241
1565,32463,135,0.0883,0.3538,0.1448,30269,0.9438,3870,4.85118,0.1749,0.1608
1566,24103,372,0.2021,0.2951,0.4928,12648,0.5127,22239,4.94093,0.3224,0.3222
1567,39115,350,0.257,0.1423,0.392,29118,0.7275,21580,4.07867,0.3907,0.3961
1568,23113,488,0.5907,0.0107,0.4475,27538,1.2385,4300,3.03062,0.0559,0.0708
1569,16797,1063,0.0219,0.044,0.5077,27087,1.7915,2916,3.19585,0.0426,0.0395
1570,28706,73,0.092,0.3456,0.4894,17302,0.6002,12989,1.82918,0.1808,0.167
1571,24292,551,0.931,0.5735,0.3656,10510,0.3698,34650,6.50152,0.6618,0.6894
1572,33626,110,0.2611,0.0875,0.7471,18832,0.5059,25830,1.01624,0.2446,0.2524
1573,38331,490,0.042,0.0201,0.7164,39781,1.0609,6776,11.18733,0.0682,0.0684
1574,37400,411,0.0843,0.0183,0.9216,36134,0.9686,12078,8.756,0.0878,0.0963
1575,27237,507,0.6458,0.3894,0.3987,12336,0.4108,34026,5.28559,0.5988,0.6295
1576,18540,37,0.1041,0.2787,0.2517,13405,0.7084,6820,4.39667,0.1942,0.1849
1577,16764,835,0.7572,0.2874,0.3901,12222,0.7193,28683,5.19981,0.5022,0.5428
1578,17301,626,0.0776,0.0121,0.1739,24349,1.5073,1351,1.23524,0.0459,0.0561
1579,22026,321,0.0764,0.366,0.5883,13759,0.6536,12893,4.16354,0.151,0.1394
1580,34340,729,0.0429,0.0484,0.3287,40010,1.2218,3683,11.34262,0.0839,0.0785
1581,16308,100,0.0214,0.1736,0.8443,12171,0.7613,5438,5.21967,0.0419,0.0386
1582,17461,1122,0.1227,0.0298,0.513,27443,1.7143,9152,3.26817,0.1112,0.1321
1583,34080,26,0.3123,0.4143,0.293,18769,0.5105,21107,1.03566,0.5162,0.5064
1584,35429,1129,0.0322,0.031,0.3315,46621,1.4072,2806,15.75497,0.0626,0.0585
1585,19181,513,0.2193,0.3785,0.1586,19031,1.0357,8836,0.646,0.395,0.3861
1586,29752,87,0.7715,0.0294,0.6501,24750,0.7973,13476,1.16667,0.1337,0.154
1587,24184,424,0.4196,0.0319,0.5512,24423,1.0149,12130,0.94867,0.1371,0.1634
1588,28781,460,0.2567,0.0181,0.7506,29773,1.0447,11387,4.51533,0.0937,0.1116
1589,19958,464,0.8886,0.0225,0.3514,23481,1.2189,5894,0.32086,0.0988,0.124
1590,29948,793,0.0224,0.013,0.5651,37620,1.3263,2953,9.75234,0.0372,0.0375
1591,17773,293,0.0281,0.0207,0.7424,18825,1.0866,4291,0.80372,0.0395,0.0417
1592,32186,64,0.9553,0.0614,0.9331,16973,0.4559,27337,2.18975,0.2084,0.2175
1593,28178,790,0.1148,0.0843,0.3541,31169,1.1592,9827,5.446,0.1981,0.1972
1594,26966,425,0.165,0.0107,0.332,30903,1.1833,3043,5.27785,0.0564,0.0685
1595,27058,583,0.465,0.2407,0.5632,12460,0.4224,35289,5.22465,0.4337,0.458
1596,16016,605,0.027,0.041,0.201,22350,1.5014,1285,0.83481,0.0497,0.0478
1597,18312,75,0.3315,0.0151,0.3844,17927,0.9746,3188,1.41334,0.0506,0.0609
1598,33218,968,0.2155,0.0105,0.3611,43272,1.3768,4731,13.51775,0.0781,0.0977
1599,16267,799,0.0221,0.0243,0.4913,24214,1.6202,2649,1.38518,0.0391,0.039
1600,25930,987,0.6787,0.0192,0.5039,34360,1.4031,10476,7.58112,0.1202,0.1545
1601,26359,451,0.0642,0.0196,0.3369,29945,1.174,3719,4.63622,0.0717,0.0795
1602,23851,504,0.0897,0.0339,0.9229,22889,0.9689,13740,0.0,0.0995,0.1089
1603,21776,443,0.297,0.0166,0.2917,25760,1.228,3709,1.85574,0.0749,0.0939
1604,23673,270,0.0406,0.3157,0.6464,18273,0.8045,8707,1.15133,0.081,0.0744
1605,32683,584,0.287,0.0157,0.5416,36345,1.14,8819,8.89667,0.0986,0.1202
1606,18854,1171,0.1607,0.0857,0.7426,21254,1.195,23348,0.0,0.2062,0.2275
1607,18425,1083,0.0621,0.1589,0.3707,25936,1.5653,6169,2.14786,0.1218,0.1124
1608,32523,561,0.3355,0.1175,0.3014,29556,0.9102,17879,4.37067,0.4046,0.436
1609,30079,665,0.1746,0.0129,0.1382,37369,1.303,1847,9.58931,0.08,0.0986
1610,31640,824,0.5187,0.4915,0.7479,5971,0.1709,52242,9.94014,0.4814,0.5018
1611,33048,976,0.0735,0.0791,0.2262,41112,1.3237,4405,12.07609,0.1417,0.1327
1612,31935,95,0.111,0.0741,0.5362,24471,0.7434,12859,0.98067,0.171,0.1726
1613,19103,315,0.0263,0.3473,0.4545,18367,1.0108,4518,1.09979,0.0518,0.0476
1614,21185,78,0.443,0.0551,0.3796,17665,0.8039,9608,1.55667,0.1645,0.187
1615,33923,1147,0.1413,0.1281,0.7474,28800,0.8918,26331,3.8692,0.2536,0.248
1616,28116,524,0.7249,0.0736,0.2327,29285,1.0549,12314,4.19,0.3436,0.3971
1617,32306,235,0.0399,0.0152,0.5601,32683,1.0205,4308,6.45779,0.0538,0.0566
1618,35052,620,0.1886,0.0587,0.6398,31125,0.8876,21112,5.41667,0.2242,0.2417
1619,16401,575,0.0603,0.0162,0.5996,21410,1.3842,4711,0.3117,0.0492,0.0579
1620,23019,530,0.0769,0.0122,0.3984,28059,1.2734,3377,3.38395,0.052,0.062
1621,37189,959,0.022,0.0346,0.4133,46347,1.3215,2509,15.56917,0.043,0.0396
1622,26968,1046,0.25,0.0249,0.4477,35629,1.4012,10582,8.42609,0.1408,0.1723
1623,18891,194,0.6795,0.5541,0.8407,742,0.0338,24531,13.02929,0.2178,0.2139
1624,16695,1034,0.1206,0.0656,0.6251,21862,1.4058,15125,0.3527,0.1576,0.1743
1625,29766,345,0.4084,0.0144,0.1242,33278,1.1471,1784,6.86636,0.0871,0.1078
1626,22227,678,0.0403,0.1274,0.6643,23454,1.1359,7389,0.30267,0.0791,0.0729
1627,33671,473,0.0336,0.0397,0.8377,33326,1.0185,7350,6.884,0.0645,0.0608
1628,36001,413,0.8858,0.1599,0.2154,30571,0.8294,20007,5.04733,0.655,0.6831
1629,37999,477,0.0879,0.2364,0.6298,28359,0.775,16043,3.57267,0.1745,0.1607
1630,25078,514,0.9245,0.1626,0.4616,15815,0.5866,29497,2.85498,0.428,0.4713
1631,26135,461,0.0751,0.0473,0.391,27746,1.0914,6613,3.164,0.1177,0.1212
1632,25426,828,0.6167,0.0923,0.3418,26806,1.0759,19944,2.53733,0.3771,0.4279
1633,35350,312,0.039,0.2177,0.8653,27565,0.8057,11561,3.04333,0.0778,0.0714
1634,36494,377,0.182,0.0495,0.1407,38605,1.0762,4647,10.40431,0.2232,0.2414
1635,33891,423,0.4364,0.056,0.3824,31673,0.925,16252,5.782,0.2765,0.3154
1636,16196,426,0.5424,0.0283,0.1358,20507,1.3319,2398,0.39376,0.1039,0.1337
1637,36844,743,0.2093,0.0539,0.4472,37379,1.0319,16485,9.586,0.2446,0.2671
1638,17692,642,0.0386,0.0109,0.2143,24876,1.5084,1289,1.51418,0.0359,0.0421
1639,31146,43,0.0403,0.0528,0.2265,29689,0.9525,2378,4.4756,0.0761,0.0717
1640,27739,642,0.0247,0.3183,0.2333,32890,1.2551,2553,6.60331,0.0493,0.0453
1641,34228,786,0.0481,0.2121,0.3018,38908,1.2052,4769,10.60612,0.0962,0.0884
1642,27644,488,0.0912,0.0125,0.648,30962,1.1506,6201,5.308,0.0597,0.0703
1643,31386,438,0.0544,0.4693,0.2333,31899,1.0582,4744,5.93414,0.1071,0.0984
1644,19319,1151,0.8877,0.0819,0.7448,19780,1.0354,34017,0.96042,0.2806,0.3382
1645,31389,848,0.0428,0.0122,0.4394,39749,1.3359,3587,11.16953,0.0542,0.0593
1646,23140,489,0.0545,0.0528,0.4834,24623,1.1027,6435,1.082,0.095,0.0941
1647,33193,1166,0.1436,0.0164,0.1603,46079,1.4849,2902,15.4018,0.1116,0.1335
1648,32204,51,0.0402,0.3184,0.1107,31089,0.9701,1727,5.41139,0.0794,0.0729
1649,38141,885,0.3418,0.0486,0.7932,34277,0.8924,31068,7.54509,0.2554,0.2888
1650,32866,344,0.1224,0.0677,0.7213,25368,0.7574,18274,1.57867,0.1779,0.1824
1651,16158,236,0.0766,0.0663,0.7857,12443,0.7549,11035,5.038,0.0969,0.1021
1652,37386,1083,0.1344,0.1486,0.1561,45778,1.3017,5464,15.18544,0.2607,0.2429
1653,16326,487,0.1408,0.1917,0.3766,14383,0.9044,12147,3.74467,0.2271,0.2308
1654,39747,1169,0.0473,0.1434,0.6009,45114,1.2222,8724,14.74267,0.0945,0.0868
1655,27760,723,0.0266,0.0171,0.446,34654,1.3171,2783,7.77692,0.0455,0.0455
1656,22003,259,0.0338,0.0257,0.5761,22483,1.0404,4233,0.186,0.0519,0.0531
1657,27025,50,0.0832,0.0453,0.3332,24312,0.8859,5505,0.87622,0.1159,0.1196
1658,19116,976,0.3728,0.0551,0.4362,25182,1.3908,15558,1.4858,0.2154,0.2643
1659,35245,971,0.6787,0.1144,0.3727,32754,0.9303,28863,6.51537,0.5315,0.5696
1660,16714,1149,0.4154,0.0319,0.2046,28960,1.908,5472,4.46076,0.1522,0.2017
1661,32161,724,0.9511,0.1813,0.8166,10809,0.2924,48181,6.73379,0.4137,0.435
1662,36399,1144,0.4918,0.2672,0.8403,11862,0.3078,60626,6.72356,0.4964,0.5259
1663,38672,645,0.4473,0.4358,0.9468,4464,0.1005,55470,11.02517,0.4152,0.4193
1664,16229,336,0.2386,0.2448,0.3658,10984,0.6581,15592,6.01229,0.2972,0.3129
1665,27991,442,0.1125,0.5462,0.8969,7932,0.2968,28752,8.16635,0.2139,0.2021
1666,24340,655,0.0603,0.0102,0.3278,31224,1.353,2432,5.49835,0.0463,0.0544
1667,33280,1019,0.0564,0.1205,0.7771,33957,1.1008,12286,7.30467,0.1124,0.1035
1668,15398,415,0.2028,0.0649,0.1074,19141,1.3045,2941,0.65716,0.1693,0.1989
1669,21144,327,0.1064,0.0551,0.3346,21549,1.0354,6614,0.0,0.1342,0.1441
1670,32446,915,0.1922,0.5549,0.2466,30996,1.0225,13574,5.33067,0.3794,0.3501
1671,32352,833,0.1267,0.0729,0.1381,39717,1.293,4124,11.14642,0.2156,0.2156
1672,28362,465,0.0206,0.2218,0.4656,30050,1.1087,3892,4.70524,0.0408,0.0375
1673,19399,218,0.0704,0.0294,0.2481,20689,1.0864,2735,0.34368,0.0758,0.0831
1674,36775,1177,0.1119,0.3861,0.6824,28971,0.872,22690,3.98067,0.223,0.205
1675,20075,766,0.0217,0.2663,0.3885,26120,1.4156,3148,2.13658,0.0432,0.0396
1676,37572,913,0.0302,0.0609,0.315,45954,1.2944,2684,15.30665,0.0598,0.055
1677,38087,978,0.0699,0.2495,0.2518,44262,1.2389,5581,14.17474,0.139,0.1277
1678,38416,404,0.2981,0.105,0.2101,36265,0.9465,12196,8.84333,0.4022,0.4244
1679,18467,470,0.6591,0.069,0.7442,14484,0.7548,21091,3.67733,0.1829,0.21
1680,36274,358,0.0332,0.0333,0.2556,38743,1.0935,2244,10.50278,0.063,0.0595
1681,25977,168,0.8724,0.0186,0.5245,25020,0.9542,7527,1.34667,0.0882,0.1056
1682,30203,1199,0.7945,0.472,0.8671,4908,0.1564,63166,10.98423,0.4956,0.5325
1683,21289,920,0.2026,0.3994,0.4088,16956,0.8527,20996,2.02933,0.372,0.3605
1684,15185,625,0.0246,0.2844,0.8112,16122,1.1839,6585,2.58533,0.0493,0.0453
1685,26225,1151,0.0684,0.0118,0.6987,37307,1.5295,6796,9.56863,0.0604,0.0716
1686,15001,487,0.5398,0.0639,0.1295,19301,1.3558,4446,0.52779,0.2014,0.2527
1687,24093,1092,0.0253,0.1599,0.5566,32671,1.4916,4538,6.48073,0.0505,0.0464
1688,31549,917,0.0576,0.0499,0.4835,37306,1.251,7117,9.53733,0.1072,0.1031
1689,30309,26,0.6208,0.0882,0.4864,19354,0.5789,20490,0.59026,0.2911,0.3111
1690,27101,1119,0.5673,0.3946,0.2672,25475,0.9575,28999,1.70285,0.7634,0.7827
1691,35468,1148,0.6261,0.0759,0.184,43637,1.2886,13032,13.758,0.4763,0.519
1692,28500,950,0.2072,0.3258,0.8584,10920,0.3955,40972,6.36395,0.334,0.3378
1693,18988,480,0.1425,0.0382,0.3299,22122,1.2087,6255,0.0,0.1195,0.1386
1694,36884,897,0.038,0.1121,0.6792,40156,1.16,7594,11.43733,0.0746,0.0686
1695,18648,1180,0.8061,0.2975,0.5744,10827,0.5756,42087,6.38782,0.5026,0.5431
1696,30742,1002,0.3993,0.4504,0.742,8461,0.266,52407,8.34224,0.4851,0.5085
1697,23871,114,0.3614,0.3687,0.9048,1508,0.0439,26928,12.5221,0.2264,0.2158
1698,35385,896,0.413,0.0286,0.4732,40586,1.1832,14757,11.724,0.1911,0.2304
1699,33203,531,0.258,0.3827,0.6726,11131,0.3187,38271,6.20697,0.4013,0.4004
1700,23411,579,0.3599,0.0389,0.8727,21812,0.9236,20146,0.0,0.1462,0.1707
1701,26738,1038,0.3129,0.447,0.7192,9100,0.3471,46057,7.68771,0.4398,0.4588
1702,36030,1045,0.1623,0.4228,0.9044,14814,0.4478,39902,3.88853,0.3087,0.2917
1703,27120,309,0.0851,0.3515,0.1186,27951,1.0635,2935,3.3164,0.1678,0.1542
1704,39263,931,0.0251,0.0805,0.5964,45808,1.2375,4644,15.206,0.0493,0.0453
1705,19908,350,0.109,0.0421,0.9195,16889,0.8371,13993,2.074,0.1009,0.1111
1706,19630,687,0.0719,0.1912,0.2061,24291,1.3336,3973,0.89377,0.142,0.1314
1707,20464,356,0.0927,0.0236,0.5779,21722,1.0818,6820,0.0,0.0748,0.0859
1708,29406,421,0.0555,0.055,0.3402,30959,1.0843,4685,5.30781,0.1025,0.0987
1709,30600,820,0.642,0.1183,0.2188,32396,1.0832,16729,6.264,0.5251,0.5638
1710,15606,711,0.0715,0.135,0.4579,17980,1.2444,8374,1.34667,0.1331,0.1275
1711,20771,260,0.0447,0.4307,0.8307,11575,0.5904,12487,5.62854,0.0893,0.082
1712,16075,1105,0.0287,0.2469,0.8183,21990,1.5719,7392,0.90627,0.0572,0.0525
1713,21112,1052,0.1084,0.0342,0.7956,27205,1.3714,14630,2.81343,0.1179,0.1344
1714,39885,44,0.543,0.0344,0.6401,31654,0.7524,18452,5.76933,0.191,0.2133
1715,18899,267,0.1447,0.2031,0.4683,12080,0.6239,14785,5.28609,0.2218,0.2248
1716,37790,545,0.3294,0.0359,0.2877,40058,1.0772,10085,11.372,0.221,0.257
1717,17734,1100,0.48,0.0137,0.3198,29760,1.8424,4253,4.85928,0.0729,0.0993
1718,38112,963,0.0627,0.4888,0.8197,29503,0.8496,20184,4.33533,0.1245,0.1144
1719,22173,133,0.9693,0.1787,0.5508,8788,0.3269,23115,7.57741,0.3063,0.3114
1720,31019,922,0.7228,0.0208,0.4679,38264,1.2878,11396,10.176,0.1424,0.1809
1721,25898,1035,0.2426,0.0289,0.1807,36601,1.5168,4738,9.09707,0.1604,0.1963
1722,32519,192,0.1774,0.2499,0.5631,16348,0.4783,23640,2.54435,0.3058,0.2968
1723,32778,376,0.2255,0.02,0.1217,36320,1.1354,2385,8.88815,0.1182,0.1403
1724,29117,85,0.0255,0.1689,0.6037,24877,0.863,5267,1.25371,0.0505,0.0464
1725,27512,46,0.8792,0.2836,0.7691,2964,0.0688,28600,11.55679,0.2913,0.2735
1726,21415,491,0.0354,0.1662,0.7797,19566,0.9759,7987,0.28933,0.07,0.0643
1727,30385,1093,0.6825,0.0227,0.2645,41009,1.4354,7597,12.01449,0.1651,0.2125
1728,29763,264,0.3135,0.0187,0.3771,30522,1.0321,6099,5.01467,0.101,0.12
1729,23294,946,0.05,0.0977,0.1499,32937,1.532,1910,6.68354,0.099,0.0916
1730,21273,497,0.0331,0.3461,0.2629,24160,1.2055,3084,0.83202,0.0656,0.0603
1731,28913,469,0.0325,0.0166,0.7124,31607,1.1259,4925,5.73912,0.0488,0.0502
1732,26984,316,0.4832,0.0123,0.5968,28401,1.0665,6352,3.60067,0.0644,0.0798
1733,17144,887,0.1043,0.0122,0.6657,25836,1.6313,5759,2.18971,0.0501,0.0638
1734,24777,933,0.023,0.2664,0.3284,33001,1.4449,2972,6.6924,0.0456,0.0418
1735,36597,967,0.1133,0.0218,0.776,41581,1.1783,14190,12.38733,0.1182,0.1334
1736,31360,743,0.64,0.0509,0.5044,31409,1.0077,21621,5.606,0.2682,0.3183
1737,17153,809,0.2894,0.0167,0.1874,26142,1.6517,2466,2.42901,0.0763,0.0998
1738,18658,1070,0.259,0.1308,0.8945,13868,0.7553,34937,4.2197,0.2556,0.2863
1739,15320,583,0.0729,0.037,0.2898,20508,1.4293,3848,0.48693,0.0873,0.0979
1740,21302,1015,0.099,0.069,0.5747,25965,1.3003,13049,1.97667,0.158,0.1635
1741,30240,21,0.3124,0.0106,0.3464,29179,0.9574,3234,4.12961,0.0572,0.0681
1742,19778,238,0.8576,0.1855,0.6932,6358,0.2652,24517,9.2094,0.2564,0.2619
1743,23191,93,0.3602,0.4152,0.6311,3476,0.1122,25072,11.18887,0.2982,0.2864
1744,38926,957,0.1754,0.0913,0.3781,40177,1.0698,15809,11.45133,0.2935,0.2948
1745,16294,764,0.1392,0.0825,0.3448,20834,1.3584,9534,0.19471,0.1839,0.2012
1746,27139,878,0.0227,0.044,0.7459,33429,1.3212,4709,6.95435,0.0452,0.0418
1747,29194,698,0.0412,0.0299,0.4951,34233,1.2294,5066,7.48931,0.0727,0.072
1748,19036,809,0.0673,0.1322,0.2438,25139,1.434,4303,1.50498,0.1301,0.1214
1749,37153,6,0.2245,0.0523,0.253,32822,0.8623,8377,6.548,0.2267,0.2445
1750,38703,858,0.1039,0.0359,0.4222,43623,1.1713,9485,13.74867,0.1542,0.1613
1751,28619,1189,0.398,0.0133,0.3959,40817,1.5292,6613,11.90254,0.0967,0.1251
1752,23207,980,0.0553,0.0606,0.131,33599,1.568,1805,7.13591,0.1042,0.0988
1753,18461,511,0.86,0.0229,0.3329,22777,1.289,5582,0.044,0.0963,0.1229
1754,16841,908,0.0396,0.1691,0.4888,22629,1.4968,5349,0.65965,0.0778,0.0714
1755,21257,1017,0.6923,0.4926,0.2481,19535,0.9313,27528,0.40855,0.7891,0.8063
1756,36550,1032,0.1586,0.1558,0.9055,23195,0.6542,35255,1.09793,0.2791,0.2744
1757,35002,519,0.0264,0.1353,0.7279,34866,1.0404,6374,7.91067,0.0518,0.0476
1758,19798,662,0.6563,0.0772,0.3904,21055,1.0835,16945,0.0,0.2681,0.3215
1759,20197,414,0.8705,0.2672,0.4532,9103,0.4016,27311,7.33648,0.4171,0.4464
1760,29326,508,0.1246,0.1109,0.4369,26262,0.9121,13096,2.17467,0.2156,0.2132
1761,25095,479,0.0394,0.0244,0.9043,26204,1.0758,7698,2.136,0.0592,0.0613
1762,18592,46,0.0663,0.0362,0.1342,18293,0.9837,1583,1.22932,0.0782,0.0838
1763,33497,439,0.6959,0.0284,0.1344,37255,1.1407,4092,9.50546,0.1839,0.2268
1764,32203,972,0.0711,0.1339,0.6682,32055,1.0685,13030,6.03667,0.1401,0.1295
1765,24088,365,0.182,0.3724,0.6518,8429,0.3378,26574,7.80969,0.2893,0.2872
1766,20717,1023,0.1202,0.1859,0.6289,19241,1.0027,19126,0.506,0.2211,0.2144
1767,32924,255,0.1822,0.1422,0.8099,15721,0.4408,28842,3.00792,0.2556,0.2571
1768,28720,749,0.5096,0.0826,0.7442,21296,0.7131,33323,0.87611,0.2937,0.33
1769,29562,371,0.0714,0.0339,0.7025,28059,0.9557,10208,3.37267,0.0997,0.1047
1770,19212,647,0.09,0.0544,0.6733,20534,1.1097,12140,0.0,0.1213,0.1307
1771,26953,1062,0.8692,0.1858,0.2101,29893,1.1514,20719,4.59533,0.6959,0.7207
1772,19527,1163,0.2342,0.0599,0.6767,24371,1.3197,22012,0.91636,0.204,0.24
1773,24179,1062,0.2494,0.4729,0.6903,10008,0.4367,39841,6.89814,0.3995,0.4082
1774,22331,967,0.0277,0.2126,0.9219,25676,1.2791,8274,1.784,0.0545,0.05
1775,19087,325,0.0572,0.4195,0.7555,10653,0.5965,12885,6.24087,0.1124,0.1035
1776,32299,556,0.2442,0.0522,0.3201,33564,1.056,11485,7.04267,0.2341,0.2635
1777,22161,1024,0.0662,0.5983,0.4557,24458,1.2411,10028,0.972,0.1306,0.12
1778,27217,892,0.9614,0.4586,0.3301,19629,0.6793,36874,1.276,0.8026,0.8187
1779,38998,23,0.326,0.0252,0.6172,33034,0.8167,13240,6.68933,0.141,0.1593
1780,18524,747,0.0842,0.0257,0.557,24508,1.4017,7175,1.06095,0.0822,0.0953
1781,33790,765,0.0925,0.0116,0.7208,39752,1.2203,8016,11.168,0.069,0.0814
1782,38403,437,0.0259,0.0492,0.1967,42256,1.1338,1430,12.84634,0.0517,0.0476
1783,37838,1012,0.9283,0.0408,0.1959,46230,1.2758,10014,15.48667,0.3179,0.3735
1784,17985,321,0.0329,0.0176,0.3259,20800,1.1992,2013,0.41968,0.0415,0.0448
1785,33211,431,0.5722,0.0215,0.6579,32952,0.9922,13737,6.63467,0.1297,0.1549
1786,38887,383,0.1367,0.3091,0.4344,28161,0.7398,16608,3.44067,0.2689,0.2487
1787,21460,1102,0.0822,0.0159,0.6396,31906,1.6074,7362,6.02511,0.0717,0.0852
1788,31228,180,0.0212,0.3455,0.5991,26138,0.8543,7250,2.092,0.042,0.0386
1789,34868,248,0.058,0.455,0.8258,19855,0.5895,18047,0.38069,0.1147,0.1053
1790,24262,1152,0.2197,0.0217,0.4674,34750,1.5386,9530,7.8736,0.1209,0.1497
1791,19975,501,0.3191,0.0345,0.1427,24789,1.3,3284,1.22645,0.1401,0.1731
1792,20926,103,0.3798,0.2221,0.1062,18448,0.8658,6833,1.03467,0.4402,0.4714
1793,16406,1147,0.3935,0.2794,0.4256,15242,0.9686,29694,3.21025,0.4672,0.5106
1794,18815,413,0.0518,0.0204,0.7732,20727,1.1362,6385,0.0,0.0538,0.0604
1795,31295,630,0.4699,0.0246,0.6294,33204,1.0768,14737,6.80267,0.1435,0.1736
1796,24782,1122,0.1331,0.2693,0.6641,19641,0.8686,23202,0.23933,0.2556,0.2415
1797,19652,577,0.0529,0.0248,0.2306,25396,1.3682,2384,1.6577,0.0691,0.0751
1798,22528,260,0.0357,0.1899,0.7153,18152,0.8366,7676,1.232,0.0715,0.0657
1799,24470,972,0.7976,0.0247,0.5128,32000,1.3783,12745,6.00567,0.1428,0.1836
1800,31047,14,0.8655,0.1694,0.2644,20056,0.5874,19906,0.37523,0.5171,0.5501
1801,25686,479,0.0226,0.1097,0.3847,28736,1.1743,2714,3.83961,0.0444,0.0407
1802,21180,448,0.7394,0.1573,0.2552,18585,0.8591,16833,0.94333,0.4367,0.4826
1803,15357,271,0.699,0.1178,0.1963,14960,0.9727,8824,3.36,0.2801,0.3296
1804,24363,623,0.0685,0.0694,0.4941,25992,1.1146,8422,1.99467,0.1226,0.1204
1805,27659,349,0.1912,0.4491,0.3015,19106,0.6994,15206,0.596,0.3621,0.342
1806,18925,1185,0.1003,0.0714,0.2812,29345,1.7024,6636,4.43758,0.1668,0.1707
1807,22047,42,0.0201,0.1139,0.447,19772,0.9018,2814,0.36821,0.0397,0.0365
1808,28150,689,0.0262,0.0505,0.8368,30992,1.1658,5978,5.328,0.0513,0.0475
1809,27533,1075,0.0395,0.3739,0.849,27888,1.13,12554,3.25867,0.0778,0.0714
1810,34274,1027,0.2262,0.4941,0.1431,38684,1.2045,8889,10.456,0.4445,0.4105
1811,24174,484,0.4117,0.0971,0.1666,26123,1.106,8888,2.082,0.3469,0.3981
1812,22253,1130,0.1359,0.0486,0.6492,28200,1.3498,16221,3.47065,0.163,0.1819
1813,36441,350,0.0262,0.0106,0.632,38627,1.0799,3432,10.42151,0.0384,0.0399
1814,31058,283,0.1434,0.0712,0.8494,20819,0.6395,21910,0.20173,0.1802,0.1869
1815,23260,407,0.3529,0.2567,0.2527,18006,0.7616,17075,1.32933,0.4667,0.4893
1816,32725,14,0.0518,0.0525,0.4615,28215,0.8512,6012,3.47667,0.0949,0.0913
1817,19847,610,0.476,0.0122,0.228,26432,1.4122,2324,2.35044,0.0581,0.0756
1818,32092,674,0.0558,0.145,0.3779,34406,1.1314,5986,7.604,0.1107,0.1018
1819,28239,1080,0.0739,0.0249,0.3976,38298,1.4491,5915,10.21077,0.1009,0.1096
1820,35539,336,0.7379,0.0703,0.8487,21206,0.5359,33884,1.08331,0.275,0.296
1821,16517,346,0.0653,0.0599,0.9429,13401,0.812,12249,4.39933,0.0896,0.0939
1822,17250,598,0.5038,0.055,0.7911,16312,0.9372,19986,2.45867,0.1581,0.1877
1823,18141,29,0.3254,0.5635,0.6767,1089,0.0382,18890,12.79888,0.2154,0.2014
1824,29151,21,0.1279,0.0697,0.764,18516,0.5891,16970,1.0561,0.1584,0.162
1825,18836,700,0.0422,0.196,0.3159,23481,1.3544,3871,0.43116,0.0842,0.0774
1826,34441,750,0.0412,0.0113,0.8017,40383,1.219,6190,11.58867,0.0513,0.0562
1827,32314,898,0.8049,0.1619,0.5977,19007,0.5493,44186,2.18389,0.5048,0.5452
1828,32921,877,0.072,0.0164,0.4079,41088,1.3122,5118,12.05909,0.082,0.0919
1829,17058,1047,0.02,0.3999,0.3986,26194,1.7197,3428,2.56218,0.0397,0.0365
1830,16694,466,0.6463,0.0296,0.5902,18754,1.1508,10072,0.83067,0.1002,0.1256
1831,26828,511,0.026,0.0133,0.5167,31243,1.2116,2934,5.5048,0.0387,0.0405
1832,29420,1106,0.3306,0.0411,0.4129,36582,1.3054,15411,9.05468,0.2272,0.2722
1833,33085,721,0.0517,0.0148,0.48,39329,1.2401,4707,10.88685,0.0658,0.0716
1834,29237,341,0.0242,0.1845,0.6285,27775,0.9848,5559,3.18367,0.048,0.0441
1835,21494,878,0.1464,0.0121,0.3725,30719,1.5339,4004,5.20895,0.0618,0.0782
1836,18163,345,0.0265,0.0427,0.6945,18852,1.0751,4668,0.77807,0.0487,0.0472
1837,30348,27,0.0329,0.0141,0.454,28997,0.9501,2842,4.0118,0.044,0.0461
1838,33998,83,0.4093,0.013,0.4733,32639,0.951,5868,6.42602,0.0783,0.0931
1839,37783,230,0.4919,0.0506,0.1554,37426,0.99,7158,9.61733,0.2952,0.341
1840,15565,794,0.0216,0.0921,0.7066,21000,1.4948,4317,0.67295,0.0431,0.0396
1841,27273,791,0.0703,0.1782,0.5694,26635,1.05,10928,2.42333,0.1384,0.1276
1842,15968,332,0.0438,0.0399,0.8667,15387,0.9801,7828,3.07533,0.0621,0.0651
1843,15542,1043,0.0737,0.0151,0.1774,27492,1.9578,1791,3.73791,0.0584,0.0722
1844,22428,1016,0.5294,0.0913,0.2958,27587,1.2919,16873,3.058,0.3693,0.4207
1845,24180,721,0.4549,0.0258,0.4486,29225,1.26,10059,4.15,0.1324,0.1655
1846,24991,493,0.0201,0.159,0.1925,29519,1.2403,1389,4.37302,0.0397,0.0365
1847,24872,156,0.2556,0.1628,0.2201,20190,0.7929,10911,0.0,0.3404,0.3548
1848,19933,1181,0.0386,0.2368,0.8389,24419,1.3983,9830,1.00112,0.0762,0.07
1849,33964,1045,0.0654,0.5638,0.1334,42998,1.3583,3507,13.336,0.1306,0.12
1850,24914,1132,0.8674,0.0325,0.5863,32204,1.3549,18871,6.13872,0.1869,0.2377
1851,15172,358,0.4527,0.0603,0.7774,12228,0.7788,16008,5.18133,0.1335,0.1534
1852,26880,554,0.0242,0.0749,0.7074,28753,1.1275,4953,3.83692,0.0479,0.0441
1853,26090,736,0.4966,0.5591,0.9047,2660,0.0992,46599,11.95046,0.3557,0.3721
1854,17835,898,0.1312,0.315,0.2352,21864,1.3457,8189,0.15242,0.2543,0.2375
1855,16929,461,0.0762,0.0114,0.7891,20614,1.2711,4863,0.11968,0.0375,0.0456
1856,17230,545,0.1433,0.5931,0.4682,9634,0.5954,17612,6.91946,0.2673,0.2555
1857,33889,210,0.0485,0.0159,0.1276,35740,1.0696,1214,8.50826,0.0619,0.0661
1858,18787,149,0.0365,0.203,0.8874,11705,0.6346,9366,5.53429,0.0726,0.067
1859,24188,1098,0.0262,0.135,0.7905,31036,1.4181,6363,5.37179,0.0518,0.0476
1860,37221,482,0.0616,0.0393,0.8731,34122,0.9277,12866,7.41467,0.105,0.1045
1861,28927,685,0.2288,0.0716,0.3303,30585,1.0839,13327,5.05667,0.2653,0.2916
1862,29658,380,0.0242,0.0952,0.2604,32288,1.1267,1952,6.20664,0.048,0.0441
1863,15925,729,0.2179,0.3917,0.3249,13662,0.91,16834,4.22533,0.3665,0.3697
1864,26514,488,0.7536,0.0422,0.1796,29898,1.1626,6559,4.59867,0.2194,0.271
1865,37504,1181,0.119,0.1407,0.4547,39683,1.1295,14216,11.122,0.232,0.2166
1866,34108,334,0.2763,0.1107,0.5585,22875,0.6359,25436,0.21857,0.3206,0.3354
1867,24817,220,0.1209,0.0388,0.6561,21613,0.8564,11228,0.0,0.1153,0.1257
1868,24429,424,0.808,0.0981,0.1971,24597,1.0114,11448,1.06467,0.3777,0.4284
1869,38752,663,0.0616,0.0232,0.8613,40111,1.0587,11376,11.40733,0.0911,0.0953
1870,35723,763,0.1595,0.4401,0.8188,14261,0.4203,35824,4.0995,0.3049,0.2883
1871,26963,417,0.0202,0.0208,0.7357,29212,1.1193,3689,4.14847,0.0364,0.0352
1872,26662,1098,0.2668,0.0119,0.2711,38594,1.5591,3794,10.43441,0.0792,0.1035
1873,25376,464,0.0267,0.4807,0.8026,19953,0.8411,10993,0.03133,0.0531,0.0488
1874,18359,539,0.0953,0.0302,0.5544,21518,1.2196,7714,0.0,0.0888,0.102
1875,20107,877,0.0625,0.1047,0.9152,19488,1.0429,14773,0.34133,0.1173,0.1124
1876,21527,891,0.0225,0.1137,0.8103,26864,1.3698,5415,2.58722,0.0444,0.0407
1877,29011,1004,0.2695,0.0186,0.5594,37116,1.3497,11055,9.41212,0.1176,0.1456
1878,24610,489,0.0723,0.1574,0.4517,22782,0.9664,8807,0.0,0.1407,0.1311
1879,21750,865,0.3899,0.0753,0.4709,23916,1.1276,20104,0.61067,0.2687,0.316
1880,21726,541,0.1482,0.0431,0.5548,22848,1.0759,11629,0.0,0.1354,0.1541
1881,38228,374,0.729,0.1549,0.95,9914,0.209,45966,7.26368,0.3556,0.3565
1882,22478,1007,0.0272,0.109,0.1024,33757,1.6359,818,7.27867,0.0545,0.05
1883,28623,297,0.7898,0.1971,0.4571,14183,0.4382,30011,4.00984,0.4627,0.4853
1884,34016,161,0.0572,0.0711,0.2171,33148,0.9835,3278,6.7714,0.1092,0.1025
1885,26926,615,0.46,0.035,0.6118,27662,1.0382,16569,3.108,0.1667,0.1991
1886,34292,1071,0.0682,0.0194,0.7236,42168,1.2952,9879,12.77867,0.0906,0.098
1887,23072,298,0.2138,0.065,0.5509,19070,0.8052,14802,0.62,0.1788,0.1977
1888,33846,736,0.305,0.0327,0.3769,37872,1.1511,11861,9.91467,0.1929,0.2296
1889,24249,851,0.2892,0.0432,0.8194,25003,1.0482,22683,1.33533,0.1737,0.2041
1890,18790,808,0.2427,0.0359,0.9033,21224,1.1662,18659,0.0,0.1267,0.1524
1891,34462,1131,0.3499,0.0826,0.659,30750,0.8966,34693,5.26645,0.346,0.3855
1892,31998,50,0.0491,0.1827,0.9023,19724,0.6153,13284,0.33694,0.0977,0.09
1893,31387,1186,0.0377,0.2383,0.1091,44240,1.5229,1379,14.18781,0.0746,0.0686
1894,39570,890,0.21,0.1298,0.4666,34609,0.8941,23205,7.73933,0.3537,0.3543
1895,27312,416,0.0607,0.2551,0.3767,25577,0.9785,6893,1.718,0.1205,0.1107
1896,28044,691,0.9751,0.0111,0.3762,34707,1.2967,4857,7.80559,0.0721,0.0933
1897,23056,860,0.2891,0.0947,0.1659,29534,1.3571,8464,4.36015,0.3283,0.3701
1898,38308,887,0.1824,0.1292,0.5729,31461,0.8395,25139,5.64069,0.3131,0.3103
1899,28772,356,0.2476,0.032,0.8997,24660,0.836,18064,1.10667,0.1308,0.1483
1900,17457,1124,0.1035,0.452,0.6629,14805,0.9848,18490,3.46333,0.2031,0.188
1901,24698,489,0.709,0.3215,0.3822,12578,0.4651,30694,5.04532,0.5562,0.5912
1902,31678,537,0.027,0.4343,0.5813,29311,0.9761,8811,4.20733,0.0531,0.0488
1903,19063,412,0.0691,0.0116,0.1768,23514,1.2922,1233,0.60763,0.0421,0.0509
1904,19977,755,0.1793,0.1818,0.4046,18838,0.9848,16624,0.77467,0.2872,0.2946
1905,39322,594,0.1961,0.2916,0.7126,18372,0.465,35216,1.71692,0.3532,0.3411
1906,25865,393,0.8009,0.1356,0.718,11708,0.3955,31807,5.66589,0.3083,0.3264
1907,24900,555,0.2682,0.1944,0.124,26992,1.1249,7556,2.66133,0.4238,0.4346
1908,15735,838,0.1455,0.022,0.7835,22224,1.5097,10329,0.69897,0.0781,0.0974
1909,15299,83,0.2964,0.0373,0.1288,15429,1.0115,2058,3.07545,0.0976,0.1164
1910,23452,86,0.0754,0.0213,0.2601,23144,0.9858,2704,0.35998,0.0679,0.0753
1911,24636,299,0.0439,0.2239,0.7661,18305,0.7741,10173,1.13,0.0875,0.0805
1912,32589,141,0.0252,0.1179,0.406,30919,0.9615,3377,5.28655,0.0505,0.0464
1913,37869,37,0.9783,0.021,0.4852,33989,0.8747,10280,7.326,0.1336,0.1558
1914,32785,1011,0.2537,0.076,0.4599,34168,1.0731,21217,7.44533,0.3084,0.3369
1915,39471,1075,0.8016,0.2752,0.4238,28760,0.6939,46174,4.44002,0.7773,0.7954
1916,28529,754,0.1996,0.4649,0.6393,12473,0.4542,32445,5.14449,0.3589,0.3491
1917,32255,267,0.1845,0.2029,0.2422,26845,0.8318,11417,2.56333,0.3346,0.3232
1918,18232,649,0.1206,0.1545,0.1219,23474,1.3755,3707,0.47067,0.2182,0.2133
1919,24404,986,0.2321,0.1742,0.1688,30517,1.3329,9401,5.01254,0.3883,0.3933
1920,16056,78,0.1319,0.297,0.7192,4098,0.2167,16440,10.72302,0.1685,0.1648
1921,18622,189,0.1533,0.0398,0.1756,19496,1.0603,3146,0.45072,0.1133,0.1302
1922,23868,574,0.6873,0.0534,0.5811,22692,0.9448,19588,0.0,0.2104,0.2487
1923,35923,465,0.023,0.2332,0.8321,32772,0.9511,8733,6.51467,0.0456,0.0418
1924,15353,322,0.0212,0.0246,0.4355,17823,1.2106,2182,1.50595,0.0349,0.0351
1925,29491,1101,0.1402,0.0104,0.1398,42099,1.5338,1700,12.76451,0.0708,0.0887
1926,30745,726,0.0839,0.0825,0.8248,26737,0.8987,17329,2.49133,0.15,0.1462
1927,25356,997,0.4858,0.3417,0.1991,26481,1.0879,20032,2.32067,0.6997,0.7242
1928,34514,1186,0.0295,0.0816,0.9418,40718,1.2799,8175,11.812,0.0585,0.0537
1929,16849,1073,0.0565,0.1424,0.3271,25389,1.6807,4992,2.03915,0.1119,0.1035
1930,23542,1153,0.1615,0.2603,0.5014,21776,1.0056,20792,0.0,0.3028,0.2902
1931,39915,18,0.2035,0.0176,0.753,34651,0.8411,11761,7.76733,0.1029,0.1161
1932,17229,1144,0.1081,0.0824,0.1302,29026,1.8612,3439,4.43974,0.1822,0.1855
1933,29422,1100,0.0772,0.0947,0.6912,31442,1.148,14039,5.628,0.1487,0.1406
1934,21371,415,0.43,0.1684,0.9365,6490,0.2593,30501,9.14404,0.2315,0.2402
1935,18218,634,0.1705,0.4012,0.6899,7472,0.4229,26552,8.40452,0.2693,0.2736
1936,26006,995,0.0816,0.3946,0.3158,30283,1.2766,7766,4.85533,0.161,0.1479
1937,34269,785,0.3184,0.0139,0.1899,42545,1.3007,3259,13.03319,0.101,0.1266
1938,21936,580,0.0897,0.0384,0.4735,24942,1.1823,7935,1.29467,0.1102,0.1211
1939,17526,981,0.0926,0.061,0.3452,25444,1.5766,7206,1.87216,0.1425,0.15
1940,20637,32,0.095,0.5045,0.8543,3319,0.1366,19868,11.27815,0.1606,0.1525
1941,39223,27,0.0205,0.0265,0.8888,35249,0.8946,4920,8.16679,0.0398,0.0372
1942,15397,452,0.082,0.1579,0.6283,12093,0.815,12455,5.27133,0.1423,0.1409
1943,16035,456,0.3324,0.0717,0.9052,11656,0.6965,20382,5.56268,0.1476,0.1666
1944,22762,275,0.1287,0.5304,0.6839,6836,0.2942,22954,8.87962,0.234,0.2251
1945,28412,984,0.4494,0.1261,0.4328,26292,0.9337,28417,2.22395,0.4369,0.4828
1946,21232,780,0.0918,0.027,0.1031,29942,1.513,1582,4.70521,0.0988,0.1139
1947,30861,1163,0.1741,0.338,0.1639,37746,1.3246,7872,9.83101,0.345,0.3185
1948,39283,1025,0.1064,0.0209,0.6698,45848,1.2147,12125,15.232,0.1186,0.1321
1949,26936,717,0.2528,0.0702,0.4212,27794,1.0557,16475,3.196,0.2547,0.2862
1950,30459,781,0.0284,0.5019,0.3904,33375,1.1727,6456,6.91667,0.0558,0.0512
1951,33573,84,0.0541,0.052,0.3289,31143,0.9255,4462,5.43108,0.0994,0.0951
1952,32007,710,0.1311,0.1043,0.5475,28613,0.9151,17413,3.742,0.226,0.2241
1953,21494,686,0.2908,0.5153,0.1646,21133,1.0355,11950,0.0,0.5277,0.5138
1954,37667,343,0.4768,0.0271,0.7499,33518,0.8697,18721,7.012,0.1605,0.1852
1955,26085,584,0.3515,0.0199,0.6657,28900,1.1351,11099,3.93333,0.1007,0.1235
1956,26115,176,0.311,0.019,0.4818,25542,0.9729,6634,1.69467,0.0865,0.1033
1957,24737,744,0.0438,0.4999,0.8685,19044,0.8587,14663,0.63733,0.0876,0.0805
1958,24911,134,0.0217,0.1837,0.4486,23046,0.9412,3474,0.26766,0.0432,0.0396
1959,18233,677,0.9606,0.2984,0.2085,17001,0.9365,19193,1.99933,0.6447,0.6737
1960,38826,1096,0.7157,0.3763,0.3653,31446,0.7812,43112,5.94468,0.8425,0.8553
1961,26195,502,0.0321,0.207,0.5982,25952,1.0475,6292,1.968,0.0642,0.0589
1962,15884,116,0.6107,0.0897,0.3997,11835,0.6965,11277,5.44335,0.188,0.2084
1963,35790,510,0.6999,0.2436,0.4971,16631,0.4136,41170,2.9754,0.5789,0.6068
1964,37864,456,0.1702,0.1364,0.2396,35886,0.9636,10086,8.59067,0.3066,0.2976
1965,17355,1030,0.3521,0.0378,0.6515,23959,1.4655,16608,0.84447,0.149,0.1876
1966,17789,756,0.0473,0.3022,0.9296,14529,0.9278,12888,3.64733,0.0943,0.0868
1967,23579,964,0.2119,0.205,0.8835,11912,0.5118,37314,5.58098,0.2907,0.3056
1968,16037,37,0.2256,0.5277,0.3835,4899,0.2598,14882,10.17369,0.2845,0.2791
1969,22467,237,0.9514,0.0172,0.1343,24733,1.1252,1725,1.23988,0.078,0.0984
1970,20480,858,0.2168,0.0101,0.3452,29706,1.5604,3402,4.56235,0.0534,0.0693
1971,21463,184,0.9537,0.0428,0.8316,15807,0.6896,16525,2.79555,0.131,0.1469
1972,27677,210,0.0364,0.5326,0.3266,24474,0.907,5723,0.9831,0.0716,0.0657
1973,32497,39,0.8588,0.1688,0.3021,20102,0.5589,22617,0.47019,0.5232,0.5537
1974,21053,653,0.2752,0.4529,0.37,13347,0.6458,23214,4.43902,0.4442,0.4507
1975,38252,1060,0.6375,0.0191,0.9367,42509,1.1376,22799,13.006,0.1469,0.1804
1976,34041,1012,0.5185,0.5524,0.6849,8640,0.2306,57493,8.45591,0.5769,0.6048
1977,31255,628,0.7178,0.1976,0.7953,9874,0.2746,44814,7.2064,0.3972,0.4147
1978,36646,130,0.527,0.0847,0.8042,18608,0.4408,32070,1.47014,0.283,0.2938
1979,15346,355,0.142,0.2689,0.628,7232,0.4588,18333,8.54988,0.2057,0.21
1980,34233,880,0.1512,0.4342,0.9184,12694,0.4002,37871,5.15343,0.2862,0.271
1981,28107,1040,0.4129,0.3425,0.6825,10806,0.3749,48149,6.68437,0.4844,0.5136
1982,26517,1047,0.0363,0.0348,0.3632,36516,1.4844,3463,9.03555,0.068,0.0649
1983,27082,79,0.3554,0.0267,0.8146,22058,0.7752,12962,0.0,0.1049,0.1187
1984,26432,59,0.0223,0.105,0.5058,23759,0.9046,3425,0.57403,0.0443,0.0407
1985,37475,415,0.0509,0.4246,0.8926,23952,0.672,18519,0.64147,0.1016,0.0933
1986,39172,124,0.1539,0.0353,0.93,29425,0.7137,20143,4.28333,0.1483,0.1584
1987,25935,1016,0.1333,0.0467,0.4232,32725,1.3394,11039,6.48466,0.1735,0.1901
1988,17917,152,0.0924,0.3783,0.7572,5477,0.2907,17225,9.77767,0.162,0.1564
1989,24354,855,0.031,0.039,0.1051,33959,1.4976,825,7.35582,0.0591,0.0558
1990,16707,29,0.2825,0.011,0.8109,15359,0.9032,4004,3.10113,0.0315,0.0372
1991,38875,360,0.0402,0.0159,0.1686,42293,1.1125,1477,12.87081,0.0613,0.063
1992,34321,777,0.041,0.0194,0.6328,40013,1.217,5997,11.342,0.0657,0.067
1993,16230,907,0.3052,0.1418,0.458,17106,1.0947,21766,1.92933,0.3062,0.3478
1994,17041,896,0.0234,0.0437,0.9274,23209,1.4964,5740,0.67005,0.0456,0.0428
1995,29614,1114,0.2396,0.1825,0.2734,32525,1.1616,15907,6.35,0.4148,0.413
1996,25295,1115,0.5241,0.1346,0.4646,23675,0.9513,31129,0.78659,0.446,0.4912
1997,35889,662,0.3765,0.5622,0.6236,10029,0.2509,47421,7.21095,0.5282,0.5351
1998,15885,695,0.8319,0.2189,0.5776,8855,0.5299,30190,7.47161,0.3415,0.384
1999,33094,1007,0.1322,0.0385,0.7102,36266,1.1369,17448,8.844,0.1652,0.18
2000,38651,1174,0.065,0.069,0.2556,48944,1.3514,4370,17.2977,0.1269,0.1179
2001,36038,987,0.2947,0.1345,0.6097,27065,0.7505,35316,2.91946,0.3999,0.4212
2002,35561,366,0.1688,0.268,0.9107,11384,0.303,35866,6.00439,0.2822,0.2751
2003,26253,214,0.4774,0.0915,0.1326,25703,0.9778,6948,1.802,0.3392,0.3865
2004,38310,961,0.0404,0.0145,0.3805,47856,1.3156,3438,16.57294,0.0617,0.0642
2005,22192,158,0.0494,0.143,0.295,20446,0.9367,3998,0.21074,0.0971,0.0898
2006,24862,273,0.034,0.0359,0.8524,23185,0.9446,6941,0.12333,0.0595,0.058
2007,31588,1086,0.1176,0.0716,0.6066,33871,1.1264,16991,7.24733,0.1963,0.1988
2008,27730,297,0.1884,0.4092,0.5125,12198,0.4254,24019,5.28129,0.333,0.3226
2009,30888,698,0.0288,0.3775,0.1853,36605,1.2529,2659,9.07682,0.0572,0.0525
2010,37001,631,0.9653,0.0478,0.9149,28304,0.7247,35221,3.69606,0.251,0.2856
2011,25249,656,0.8849,0.3956,0.112,26877,1.0902,13698,2.58467,0.884,0.8934
2012,19142,392,0.0581,0.0396,0.5579,20157,1.0829,6610,0.0,0.0813,0.0858
2013,38486,121,0.5633,0.0308,0.6949,31392,0.7792,18317,5.59467,0.1736,0.1957
2014,22525,715,0.0403,0.1834,0.263,28070,1.34,3080,3.39656,0.0793,0.0729
2015,16651,131,0.0631,0.0105,0.1204,17981,1.0998,610,1.46069,0.0306,0.036
2016,23227,1094,0.216,0.0723,0.8993,22131,0.9724,29972,0.52337,0.2167,0.2439
2017,15878,352,0.0415,0.2189,0.3038,16658,1.1103,3611,2.24215,0.0824,0.0759
2018,38465,866,0.8209,0.2817,0.889,7736,0.1697,60497,9.16153,0.4815,0.4997
2019,17885,989,0.0936,0.014,0.1206,29347,1.7989,1255,4.57373,0.0624,0.0777
2020,18491,333,0.191,0.018,0.3679,20987,1.1688,3956,0.21516,0.0651,0.0786
2021,33208,463,0.5646,0.4595,0.4155,15360,0.3969,37966,3.52876,0.6423,0.6647
2022,24073,1021,0.8499,0.1944,0.5708,15365,0.6143,40603,3.51101,0.4832,0.5253
2023,26920,54,0.0234,0.0208,0.4563,25838,0.9582,2476,1.92802,0.04,0.0394
2024,22386,398,0.09,0.0139,0.7622,24484,1.1203,6497,0.98933,0.0536,0.0632
2025,27826,716,0.9936,0.1009,0.3879,25307,0.9002,24551,1.538,0.42,0.4673
2026,36866,541,0.037,0.0907,0.8932,34274,0.9697,9384,7.516,0.073,0.0671
2027,23613,675,0.1157,0.4644,0.4335,18656,0.8564,14094,0.896,0.2274,0.2098
2028,38253,110,0.1605,0.0238,0.2331,37365,0.9732,4598,9.5778,0.1286,0.1446
2029,27093,457,0.0506,0.0116,0.7427,30073,1.1418,5389,4.71577,0.0474,0.0531
2030,31286,1076,0.0875,0.05,0.9438,32515,1.0868,18994,6.34333,0.1408,0.1443
2031,28640,862,0.7522,0.0957,0.6336,22438,0.7571,35381,1.09274,0.363,0.4116
2032,17078,771,0.6315,0.0367,0.714,20529,1.2482,16289,0.0,0.1347,0.1685
2033,37015,477,0.022,0.0256,0.6761,39399,1.0968,3896,10.93491,0.0421,0.0394
2034,36507,954,0.2384,0.0143,0.8046,42915,1.2177,13501,13.27667,0.1029,0.1249
2035,24037,1059,0.1975,0.0188,0.7845,32141,1.417,13105,6.10647,0.0982,0.1221
2036,32665,1113,0.2675,0.012,0.7297,42294,1.366,11027,12.86455,0.0878,0.1113
2037,30427,521,0.7441,0.0691,0.5607,24785,0.7885,25534,1.19133,0.2965,0.3394
2038,32140,838,0.0955,0.3796,0.651,24227,0.8216,18565,0.818,0.1894,0.1741
2039,35134,1150,0.0584,0.0681,0.5261,41890,1.2767,8292,12.59333,0.1146,0.1068
2040,36562,1180,0.0381,0.0497,0.487,46209,1.3542,5052,15.47404,0.0754,0.0699
2041,37005,852,0.0372,0.0569,0.7861,39974,1.1408,7942,11.316,0.0726,0.0671
2042,24106,466,0.0901,0.1347,0.404,22450,0.9635,9323,0.0,0.1694,0.1618
2043,26266,796,0.8965,0.0184,0.4512,32988,1.3155,8788,6.65887,0.1135,0.1458
2044,38885,681,0.6299,0.1748,0.2097,36197,0.9344,20574,8.798,0.6879,0.7133
2045,19058,1068,0.0481,0.0246,0.6707,28356,1.6198,6935,3.72644,0.0691,0.0749
2046,33333,41,0.0431,0.3344,0.6733,22998,0.6935,10838,0.02181,0.0859,0.0789
2047,37930,297,0.428,0.0845,0.8632,20184,0.4745,35619,1.34706,0.291,0.3049
2048,19341,717,0.0503,0.0561,0.8688,20935,1.1452,10605,0.0,0.087,0.0868
2049,38198,461,0.1545,0.0299,0.5544,37425,0.9818,12843,9.61667,0.1526,0.169
2050,18317,719,0.0389,0.0816,0.5042,22575,1.3327,5226,0.13607,0.0761,0.0712
2051,31056,1070,0.0484,0.0157,0.8018,39915,1.3628,7861,11.27861,0.066,0.0709
2052,15876,359,0.77,0.1616,0.1238,16912,1.0847,7645,2.05867,0.3997,0.4486
2053,35164,217,0.1501,0.0102,0.404,36092,1.0339,4064,8.73038,0.0621,0.0738
2054,19625,1153,0.5548,0.0252,0.761,28240,1.5371,16714,3.58164,0.1257,0.1633
2055,31610,973,0.086,0.0267,0.1483,42030,1.4133,2561,12.69745,0.1181,0.1272
2056,18434,504,0.0327,0.0201,0.2554,23535,1.3499,1762,0.59488,0.0466,0.05
2057,28400,389,0.0309,0.3505,0.1136,31517,1.1508,1553,5.69726,0.0613,0.0563
2058,17262,735,0.0322,0.0271,0.6923,23044,1.4345,5196,0.45732,0.0514,0.0532
2059,39494,223,0.0542,0.4692,0.1663,38190,0.9839,3980,10.1289,0.1071,0.0984
2060,26054,233,0.1058,0.1309,0.7736,15225,0.5611,18757,3.21681,0.174,0.172
2061,15608,290,0.7003,0.1986,0.5214,7439,0.4224,20207,8.42497,0.2679,0.2871
2062,28221,830,0.0224,0.196,0.7927,31447,1.2025,6736,5.63133,0.0444,0.0407
2063,39706,425,0.0375,0.0803,0.8192,36273,0.9415,8852,8.84867,0.0745,0.0685
2064,38618,876,0.0458,0.0245,0.7502,43620,1.1791,8248,13.74667,0.0791,0.0787
2065,25841,467,0.2957,0.0998,0.935,13606,0.4835,30489,4.36176,0.2253,0.2404
2066,16320,161,0.1735,0.0259,0.7065,15078,0.9092,7388,3.28133,0.0668,0.078
2067,25381,461,0.022,0.4741,0.8153,20360,0.8567,10553,0.0,0.0444,0.0407
2068,37991,890,0.035,0.0249,0.354,46339,1.2835,3099,15.56233,0.0655,0.0628
2069,23511,515,0.8853,0.4757,0.6349,3875,0.1422,37104,10.98374,0.4151,0.4291
2070,36650,748,0.0244,0.4929,0.4888,36546,1.0584,9080,9.03067,0.048,0.0441
2071,21035,704,0.2511,0.2722,0.2523,20129,0.9947,14854,0.0,0.4103,0.4165
2072,36548,322,0.5669,0.1589,0.9492,9405,0.2066,42838,7.49141,0.3325,0.3318
2073,23441,86,0.5062,0.2049,0.2146,16767,0.674,13764,2.15707,0.4451,0.4746
2074,20574,972,0.0438,0.4854,0.3028,27429,1.4747,4814,3.01215,0.0876,0.0805
2075,35686,1135,0.0929,0.0441,0.8386,38364,1.1241,17879,10.24267,0.149,0.1527
2076,23009,1144,0.0844,0.1176,0.901,22277,1.0536,19549,0.0,0.1571,0.1515
2077,19248,352,0.7044,0.1504,0.7854,7617,0.3403,26103,8.34276,0.2347,0.2476
2078,36135,313,0.0502,0.0197,0.7182,35506,0.9914,7336,8.33733,0.0719,0.0747
2079,28489,218,0.0801,0.2932,0.5352,19557,0.699,12191,0.29535,0.158,0.1457
2080,34047,1026,0.0223,0.2835,0.1356,44784,1.4058,1575,14.53441,0.0444,0.0407
2081,28278,1007,0.5484,0.1198,0.7683,18653,0.6369,42718,2.08064,0.3654,0.408
2082,36997,325,0.1579,0.2562,0.8508,14058,0.3641,33030,4.20238,0.2792,0.27
2083,25373,512,0.1057,0.2542,0.3117,23576,0.974,8949,0.384,0.2072,0.1923
2084,28834,374,0.1238,0.0198,0.2846,31520,1.1167,4185,5.68321,0.0929,0.1074
2085,25263,113,0.2803,0.1384,0.8348,8902,0.2945,25192,7.52117,0.2198,0.221
2086,29755,903,0.6503,0.1175,0.1777,34026,1.1836,14016,7.35067,0.5405,0.578
2087,36234,977,0.4932,0.0331,0.7025,38116,1.0686,24455,10.07733,0.2156,0.257
2088,19391,167,0.0543,0.0153,0.8264,18823,0.9702,5311,0.78801,0.0424,0.0472
2089,28830,811,0.2341,0.0329,0.4686,33516,1.2052,12437,7.01067,0.1657,0.1953
2090,23137,496,0.1932,0.2112,0.5503,14203,0.6034,22561,3.87806,0.2907,0.2971
2091,30245,251,0.0292,0.0378,0.7074,28822,0.9667,5426,3.8818,0.0557,0.0528
2092,15211,339,0.0629,0.1306,0.7235,11406,0.7661,10972,5.72933,0.1095,0.108
2093,23972,15,0.1551,0.0185,0.4683,21973,0.8975,4981,0.10726,0.069,0.0795
2094,33726,669,0.975,0.1296,0.5824,20702,0.567,39925,1.63245,0.4619,0.5054
2095,32447,20,0.4585,0.3933,0.5322,7850,0.1841,31368,8.30763,0.4452,0.4279
2096,26414,373,0.1162,0.1003,0.7401,18550,0.6888,18674,0.96739,0.1793,0.1819
2097,18617,411,0.3743,0.0551,0.1711,21519,1.1946,5297,0.074,0.1885,0.2268
2098,18372,728,0.211,0.0199,0.1847,26147,1.5291,2819,2.2576,0.0866,0.1106
2099,39006,900,0.3879,0.1676,0.7956,18637,0.4495,50052,2.91148,0.4344,0.4571
2100,19492,39,0.0348,0.0261,0.5217,17791,0.9024,3593,1.4943,0.0472,0.0491
2101,22190,963,0.0897,0.0118,0.374,32415,1.5756,3669,6.34829,0.0577,0.0708
2102,20439,1074,0.2654,0.2464,0.542,15715,0.7967,30512,2.91499,0.3815,0.4039
2103,18629,166,0.4451,0.1718,0.2098,14937,0.7716,11008,3.37533,0.3505,0.3849
2104,24522,273,0.329,0.2545,0.7311,6462,0.2249,29476,9.17535,0.2947,0.2964
2105,28139,396,0.2153,0.1511,0.1318,28805,1.0453,6446,3.87,0.3507,0.355
2106,28741,131,0.0355,0.2366,0.7932,20898,0.7398,9461,0.0,0.0701,0.0643
2107,25434,979,0.7469,0.0647,0.1252,34571,1.4457,6919,7.72928,0.3553,0.4078
2108,29993,243,0.1769,0.0553,0.901,20579,0.6456,21656,0.18128,0.1648,0.1763
2109,20486,1001,0.2135,0.253,0.7438,11879,0.602,33894,5.50405,0.3119,0.3282
2110,39746,935,0.0434,0.4347,0.3592,43561,1.1666,7405,13.70733,0.0859,0.0789
2111,17475,557,0.0771,0.3474,0.3492,17284,1.0692,7408,1.81067,0.1513,0.1395
2112,29589,1173,0.0278,0.0146,0.741,40673,1.4781,4960,11.79746,0.0471,0.0477
2113,35217,456,0.615,0.3874,0.821,4535,0.1025,47123,10.75571,0.4184,0.4178
2114,36723,945,0.3682,0.0708,0.9073,27133,0.7187,40777,3.21713,0.2982,0.3306
2115,37782,864,0.8575,0.5353,0.6592,10660,0.2032,59879,7.41572,0.6315,0.6576
2116,28977,763,0.188,0.4735,0.1397,31655,1.1598,7196,5.77,0.3718,0.3435
2117,35844,718,0.4795,0.0115,0.3004,42802,1.2416,4746,13.20199,0.0916,0.1152
2118,39736,385,0.7825,0.0892,0.8993,19284,0.4231,42072,2.07587,0.3303,0.3465
2119,34545,908,0.0322,0.1504,0.6206,38862,1.2034,6598,10.57467,0.0642,0.0589
2120,15531,866,0.0584,0.1254,0.6027,18751,1.3313,9148,0.83919,0.1123,0.1062
2121,22658,615,0.0357,0.0109,0.219,29447,1.3753,1289,4.33379,0.0392,0.0442
2122,31791,724,0.1182,0.0526,0.2427,36942,1.2108,6223,9.29467,0.1804,0.187
2123,30137,300,0.1209,0.3506,0.5092,18508,0.6255,16796,1.02516,0.2356,0.2191
2124,20950,18,0.1638,0.0928,0.6267,12325,0.5346,14184,5.14628,0.1599,0.1663
2125,21051,25,0.8782,0.0778,0.4835,13982,0.6065,14124,4.02409,0.2012,0.2179
2126,36474,83,0.3344,0.1179,0.1251,32981,0.8929,7783,6.654,0.4241,0.448
2127,31670,955,0.0369,0.0145,0.5396,40742,1.3642,4274,11.83133,0.0549,0.0577
2128,26528,34,0.0428,0.0378,0.5981,22877,0.849,5903,0.01021,0.0705,0.0698
2129,19523,501,0.0316,0.0341,0.319,23895,1.2901,2435,0.70486,0.0556,0.0549
2130,15085,434,0.6613,0.0136,0.1753,19815,1.3916,1554,0.57221,0.0497,0.0656
2131,18117,196,0.0781,0.0193,0.8993,17172,0.943,7209,1.88533,0.052,0.0591
2132,28281,312,0.2057,0.0399,0.1288,30425,1.0958,3590,4.9565,0.1714,0.1967
2133,32276,815,0.0621,0.0308,0.9252,34277,1.1012,12835,7.518,0.0972,0.0996
2134,34805,526,0.1665,0.0338,0.5977,34055,0.9837,14446,7.37,0.1583,0.1766
2135,35027,331,0.0313,0.0276,0.4712,36149,1.0533,3779,8.76912,0.0582,0.0559
2136,19887,369,0.0483,0.1735,0.5052,18031,0.9501,6795,1.31267,0.0957,0.0883
2137,16895,136,0.1585,0.0682,0.6776,11755,0.6542,12308,5.49879,0.1236,0.1332
2138,32158,236,0.0412,0.2832,0.4964,27691,0.8829,7309,3.12733,0.081,0.0744
2139,39471,573,0.9004,0.01,0.46,44029,1.1443,6414,14.01933,0.0829,0.1042
2140,36386,898,0.0434,0.0126,0.8465,43235,1.2442,7340,13.49,0.059,0.0628
2141,23768,783,0.0319,0.1959,0.669,26491,1.2122,6705,2.32733,0.0627,0.0576
2142,17751,1069,0.3734,0.0149,0.4108,28958,1.7819,5654,4.28464,0.0771,0.1024
2143,28652,533,0.0478,0.0117,0.6698,32684,1.1791,5048,6.45678,0.0488,0.055
2144,29813,1136,0.047,0.0215,0.1799,42311,1.5259,2006,12.90286,0.0754,0.0778
2145,29983,827,0.0286,0.0307,0.7133,35664,1.2591,5400,8.4429,0.0549,0.052
2146,19408,1018,0.0365,0.2564,0.7827,22915,1.3351,8790,0.11707,0.0731,0.0671
2147,20853,1077,0.5398,0.0135,0.7507,30781,1.587,10164,5.27482,0.0753,0.1008
2148,26335,213,0.0424,0.2559,0.8014,18213,0.7135,10783,1.19133,0.0842,0.0774
2149,37625,667,0.0765,0.1784,0.4833,35459,0.9894,10604,8.306,0.1518,0.1396
2150,32413,427,0.2121,0.0185,0.2458,35799,1.1307,4332,8.53447,0.1081,0.1289
2151,22019,279,0.0953,0.0627,0.1937,23117,1.0709,3849,0.23948,0.14,0.1453
2152,30136,734,0.2431,0.0216,0.4768,35279,1.2127,9805,8.186,0.1246,0.151
2153,24775,341,0.0515,0.0229,0.4906,26228,1.0808,4837,2.15548,0.0667,0.0712
2154,30937,947,0.904,0.2279,0.8,10031,0.2926,53219,7.40522,0.4596,0.4925
2155,15300,327,0.893,0.0689,0.5253,13283,0.848,13941,4.478,0.1676,0.1964
2156,37470,728,0.7102,0.111,0.7422,21405,0.5256,44834,2.16717,0.4125,0.4455
2157,34125,555,0.0265,0.3172,0.9206,28787,0.8924,11998,3.858,0.0531,0.0488
2158,20253,128,0.0937,0.2681,0.7438,7888,0.3674,17091,8.15044,0.1641,0.1587
2159,34691,665,0.0977,0.0542,0.2599,38708,1.1567,6187,10.472,0.1646,0.1655
2160,29560,910,0.0404,0.0121,0.9127,36985,1.3219,7044,9.32362,0.0509,0.0559
2161,35857,660,0.3849,0.095,0.1088,40128,1.1543,7414,11.41867,0.4456,0.4886
2162,25274,406,0.1288,0.5384,0.3414,18571,0.768,12501,0.95267,0.2549,0.2355
2163,15007,1158,0.0563,0.0272,0.723,25289,1.8601,8103,2.41138,0.0734,0.0815
2164,21257,269,0.4072,0.1136,0.3864,16280,0.733,16241,2.48,0.277,0.306
2165,35253,987,0.6788,0.083,0.2318,39732,1.1621,16423,11.15467,0.4801,0.5225
2166,23970,575,0.0494,0.0251,0.862,26169,1.1296,8682,2.11267,0.0687,0.0731
2167,35489,493,0.1934,0.0128,0.1656,40506,1.1762,2341,11.67702,0.0851,0.1037
2168,24969,1139,0.025,0.5231,0.3334,33854,1.4927,4783,7.26558,0.0493,0.0453
2169,28017,388,0.0411,0.2613,0.3367,28082,1.0437,4600,3.3912,0.081,0.0744
2170,22259,28,0.4733,0.0588,0.4265,17158,0.7247,11235,1.89467,0.1744,0.1942
2171,31066,375,0.0588,0.5084,0.646,21233,0.7189,14376,0.0,0.1166,0.1071
2172,16048,54,0.1935,0.1223,0.8935,5617,0.2849,15785,9.68799,0.1312,0.1307
2173,36490,993,0.1204,0.0116,0.6046,45393,1.304,7816,14.92867,0.0808,0.0959
2174,39760,552,0.0348,0.0105,0.4329,44683,1.1578,3084,14.45859,0.0485,0.0511
2175,35417,556,0.0239,0.1813,0.9238,33356,0.9889,8733,6.904,0.048,0.0441
2176,29017,70,0.5948,0.071,0.8604,15106,0.4497,24886,3.36765,0.205,0.2133
2177,29680,295,0.0244,0.0247,0.4834,31019,1.0681,2909,5.35589,0.0443,0.0427
2178,17256,306,0.0609,0.0108,0.1276,20638,1.2455,710,0.55684,0.0344,0.0416
2179,34947,1141,0.3654,0.0525,0.9108,31761,0.9119,36804,5.97137,0.2593,0.2977
2180,37661,358,0.0407,0.173,0.906,30089,0.8265,11929,4.726,0.081,0.0744
2181,16788,1176,0.0347,0.0475,0.8458,25467,1.6869,7506,2.08993,0.0652,0.0622
2182,37024,864,0.1788,0.5115,0.8743,12023,0.3418,42572,5.75568,0.3337,0.319
2183,24079,727,0.0773,0.0383,0.1387,31587,1.3928,2267,5.74647,0.1156,0.1215
2184,19403,14,0.7482,0.3823,0.8273,706,0.0188,19782,13.06154,0.1907,0.1763
2185,23398,608,0.068,0.0706,0.855,21108,0.934,13850,0.0,0.1168,0.1156
2186,15493,742,0.0259,0.0222,0.8485,21569,1.5024,5018,0.68261,0.0409,0.0425
2187,24990,1174,0.0994,0.4942,0.4367,26475,1.1916,12950,2.31667,0.197,0.181
2188,18002,1033,0.4442,0.2921,0.2288,20414,1.2031,19204,0.0,0.5743,0.609
2189,18433,1188,0.081,0.012,0.3837,31473,1.8828,3652,5.97852,0.0558,0.07
2190,30767,190,0.0816,0.0186,0.2848,31401,1.0276,3459,5.60705,0.0778,0.0869
2191,18744,1032,0.0989,0.0563,0.2278,28622,1.6645,4928,3.94161,0.1489,0.1581
2192,24872,688,0.125,0.0159,0.6888,29781,1.2502,8434,4.52067,0.0746,0.09
2193,38208,1157,0.425,0.0987,0.762,27987,0.7204,45691,3.97456,0.4007,0.4398
2194,35382,1090,0.1949,0.1298,0.917,23040,0.6584,39440,1.52654,0.3004,0.3088
2195,27387,959,0.2936,0.597,0.2243,25914,0.9981,17013,1.94267,0.5563,0.5284
2196,29719,83,0.1339,0.2863,0.7782,9718,0.2974,25184,6.98481,0.2309,0.2218
2197,35876,971,0.1289,0.0893,0.8514,29699,0.8514,26231,4.46788,0.219,0.2186
2198,26223,82,0.1822,0.0218,0.9229,21781,0.7983,11366,0.0,0.0814,0.0912
2199,19098,98,0.0612,0.022,0.8341,16945,0.8699,6630,2.03667,0.0531,0.0583
2200,25693,1144,0.6303,0.0182,0.2797,37536,1.573,6084,9.7333,0.1233,0.1617
2201,38088,972,0.0301,0.0867,0.2198,47758,1.3302,2007,16.51099,0.0599,0.055
2202,22949,949,0.1179,0.0518,0.1265,32800,1.5393,3036,6.58925,0.1687,0.1811
2203,31201,186,0.1241,0.0902,0.2084,29416,0.9466,5942,4.27734,0.2076,0.2062
2204,34405,884,0.0202,0.535,0.6365,33233,1.043,11780,6.822,0.0397,0.0365
2205,15313,43,0.1817,0.0157,0.6707,14011,0.8973,4201,3.99715,0.0397,0.0464
2206,26795,770,0.0227,0.0269,0.8501,32103,1.2712,5050,6.06949,0.0433,0.0412
2207,35428,376,0.1911,0.0402,0.8914,28401,0.7774,21989,3.60067,0.1658,0.1817
2208,15708,991,0.2263,0.026,0.654,23952,1.6451,11360,1.31394,0.1021,0.129
2209,18274,394,0.1214,0.2934,0.6234,9464,0.5212,18120,7.04925,0.2077,0.2049
2210,39557,623,0.3619,0.0946,0.3871,34515,0.8674,23285,7.67667,0.4047,0.4389
2211,33829,754,0.202,0.0461,0.6761,32584,0.9694,20871,6.38933,0.2034,0.2253
2212,34093,982,0.0449,0.0332,0.1021,45029,1.4046,1154,14.69899,0.0836,0.0803
2213,39395,1148,0.5753,0.0165,0.4973,48950,1.3011,12173,17.3,0.1436,0.1817
2214,30633,538,0.6336,0.0114,0.279,35837,1.212,3666,8.56153,0.0759,0.0969
2215,35294,419,0.1145,0.0164,0.4437,37593,1.0842,6174,9.72867,0.0905,0.1037
2216,17568,420,0.0226,0.0661,0.6882,18909,1.1383,4144,0.75312,0.0438,0.0406
2217,20212,536,0.0237,0.4212,0.8438,17722,0.9564,8922,1.51867,0.0468,0.043
2218,39402,578,0.1186,0.4931,0.3033,35037,0.9308,11440,8.02467,0.234,0.215
2219,37788,472,0.1183,0.128,0.619,28540,0.762,18696,3.69333,0.2189,0.2093
2220,36656,674,0.0457,0.0644,0.4015,40173,1.1455,5052,11.4491,0.0901,0.0835
2221,27049,665,0.0225,0.1433,0.1839,33641,1.3175,1390,7.11082,0.0444,0.0407
2222,26244,1003,0.0665,0.3072,0.9149,20946,0.8986,17987,0.0,0.1326,0.1219
2223,17690,97,0.1533,0.0899,0.5612,11939,0.6285,11922,5.37928,0.149,0.1568
2224,20658,1180,0.5777,0.0223,0.3662,32464,1.7035,8209,6.4511,0.1271,0.1679
2225,38531,616,0.8479,0.0508,0.3537,38300,0.9966,18306,10.2,0.3275,0.3823
2226,35023,949,0.7625,0.0891,0.3325,35630,1.0308,23503,8.42,0.4804,0.5228
2227,28654,1177,0.7506,0.0365,0.372,37731,1.3897,15141,9.82522,0.2374,0.2995
2228,19291,731,0.4407,0.1619,0.2988,19326,1.0245,18572,0.44933,0.4047,0.4532
2229,35348,126,0.1855,0.0226,0.7633,30628,0.8415,13008,5.08533,0.1125,0.126
2230,18381,893,0.0372,0.0175,0.8803,25958,1.5213,6546,2.10545,0.0488,0.0534
2231,30398,407,0.0444,0.0475,0.8351,28080,0.9428,9330,3.38667,0.0816,0.0782
2232,38865,381,0.0796,0.1015,0.3083,37689,0.9906,6600,9.79267,0.1556,0.1451
2233,28008,290,0.24,0.0408,0.387,27045,0.9618,9823,2.69667,0.1665,0.1892
2234,26999,53,0.0593,0.2991,0.3637,21108,0.7856,6620,0.0,0.1185,0.1089
2235,20026,1167,0.5631,0.0748,0.4269,26096,1.3748,21049,2.07901,0.3059,0.3625
2236,30677,895,0.173,0.0479,0.7637,30697,1.0187,21743,5.13133,0.1887,0.2095
2237,29243,821,0.1625,0.0843,0.8028,23859,0.8249,26023,0.5827,0.2229,0.2354
2238,29748,95,0.2967,0.0513,0.1605,28393,0.9475,5351,3.59598,0.2159,0.2434
2239,16736,111,0.2781,0.1346,0.9239,5141,0.2496,18350,10.01913,0.1469,0.1469
2240,24841,751,0.4559,0.057,0.6699,23413,0.9411,23988,0.27533,0.2254,0.2622
2241,17606,934,0.0633,0.1447,0.9181,16701,1.0488,15229,2.19933,0.1217,0.1153
2242,38149,109,0.7159,0.0131,0.6218,35838,0.9262,8796,8.55867,0.0889,0.1054
2243,26941,908,0.1847,0.3434,0.1927,29704,1.1821,9572,4.46933,0.3605,0.3362
2244,37726,317,0.028,0.0216,0.3286,39830,1.0755,2308,11.22673,0.0514,0.0494
2245,22928,377,0.0543,0.0523,0.3661,24280,1.0911,4704,0.86417,0.0928,0.0919
2246,24152,308,0.2067,0.0341,0.2016,26075,1.1012,4277,2.05801,0.1337,0.1572
2247,31117,563,0.5119,0.0276,0.5076,32681,1.0641,13201,6.454,0.1586,0.1913
2248,24331,106,0.6677,0.1411,0.1816,19888,0.7847,11425,0.07467,0.4178,0.4616
2249,30989,1058,0.068,0.0195,0.1457,42746,1.4758,1899,13.18411,0.0909,0.0984
2250,38105,1002,0.1176,0.0127,0.7061,46158,1.2653,9823,15.43867,0.087,0.1025
2251,39172,539,0.0906,0.334,0.5225,31315,0.8374,14529,5.54333,0.1798,0.1652
2252,20111,13,0.3041,0.016,0.8824,17032,0.8146,7119,1.97867,0.0522,0.0599
2253,34218,366,0.4793,0.0477,0.6735,27627,0.7761,23177,3.08467,0.2239,0.2537
2254,33945,1086,0.1191,0.1291,0.1364,43526,1.3697,4185,13.68731,0.2317,0.2166
2255,29378,803,0.9537,0.1169,0.8851,14789,0.4559,44399,4.11101,0.3394,0.3713
2256,17742,78,0.1342,0.0257,0.1943,17740,1.0008,2216,1.55843,0.0737,0.0848
2257,21726,5,0.6376,0.0213,0.883,17421,0.7596,9691,1.71933,0.0711,0.0813
2258,20932,271,0.2159,0.0173,0.6643,21362,1.0297,6942,0.0,0.065,0.0776
2259,24204,132,0.0273,0.0267,0.107,25293,1.0592,692,1.62758,0.0473,0.0468
2260,23893,910,0.1394,0.1516,0.3728,25925,1.1517,12852,1.95,0.2516,0.2461
2261,38444,472,0.2388,0.4047,0.415,23343,0.6043,25746,0.40025,0.4475,0.4264
2262,22055,938,0.0609,0.1841,0.6776,22893,1.146,11305,0.0,0.1201,0.1107
2263,16553,1078,0.6204,0.1444,0.4092,18907,1.1854,24789,0.72867,0.3998,0.4488
2264,39771,628,0.0408,0.0895,0.5385,41114,1.0784,6380,12.076,0.0809,0.0744
2265,24205,979,0.326,0.1703,0.8514,12918,0.52,40955,5.04695,0.3234,0.3514
2266,22109,59,0.9911,0.2788,0.2473,12180,0.4862,17982,5.26181,0.5075,0.532
2267,37437,1084,0.0712,0.1112,0.6058,39558,1.1311,11928,11.03867,0.1403,0.1295
2268,31632,3,0.202,0.1863,0.5579,15105,0.4304,22618,3.38482,0.2938,0.2903
2269,15055,954,0.0229,0.0198,0.8873,23820,1.7415,4712,1.5757,0.0373,0.0383
2270,39563,774,0.0472,0.0137,0.7782,44816,1.1726,7434,14.544,0.0645,0.0691
2271,26406,1181,0.0551,0.0319,0.8244,34248,1.3923,10715,7.50498,0.0901,0.0924
2272,21268,1050,0.3836,0.0611,0.6185,24463,1.193,23528,0.97533,0.2351,0.2816
2273,32188,990,0.0307,0.1342,0.8822,35580,1.1966,8534,8.38667,0.0613,0.0563
2274,24895,456,0.6512,0.0512,0.542,22879,0.9077,17604,0.0,0.2078,0.2428
2275,22664,134,0.4434,0.0199,0.6397,21005,0.9095,7927,0.0,0.0781,0.0914
2276,36740,431,0.0729,0.2626,0.8802,23155,0.6577,19306,0.1748,0.1452,0.1335
2277,25708,413,0.7851,0.0264,0.2287,28700,1.1452,5362,3.80059,0.1382,0.1723
2278,33104,275,0.4302,0.5185,0.4648,10988,0.2797,35526,6.26792,0.5455,0.546
2279,25056,521,0.1884,0.0305,0.2119,29433,1.2197,4605,4.29118,0.1342,0.1586
2280,15881,798,0.1446,0.4804,0.3839,13842,0.9613,14614,4.10533,0.2757,0.2609
2281,30287,1052,0.361,0.0268,0.3045,39713,1.388,9014,11.14586,0.1756,0.217
2282,18089,309,0.2666,0.2186,0.8017,5409,0.2549,24229,9.83983,0.2148,0.2212
2283,22394,1001,0.3679,0.0996,0.5053,23052,1.0582,25044,0.03497,0.3193,0.3672
2284,23485,105,0.0619,0.1339,0.7652,14584,0.6083,12195,3.62359,0.1153,0.1095
2285,37913,542,0.3161,0.0594,0.136,41360,1.1162,6595,12.24,0.3156,0.3554
2286,16056,1048,0.1619,0.041,0.6226,23349,1.5663,13791,0.91775,0.1351,0.1625
2287,23999,786,0.3268,0.0137,0.1269,32878,1.4623,1693,6.62306,0.0787,0.1024
2288,34876,413,0.2484,0.0525,0.8703,25766,0.7073,26449,1.8503,0.205,0.2237
2289,27190,1140,0.1566,0.0273,0.8909,33175,1.2806,18656,6.78333,0.131,0.1533
2290,28231,1035,0.1185,0.0558,0.3824,34997,1.3158,10100,7.99817,0.1806,0.1886
2291,30042,585,0.1503,0.1158,0.7623,20507,0.6747,25047,0.0844,0.2318,0.2359
2292,23399,353,0.113,0.1982,0.3791,19069,0.8317,10851,0.62067,0.2092,0.1999
2293,24695,86,0.0986,0.0606,0.3307,21798,0.8696,6528,0.0,0.1376,0.1422
2294,15016,804,0.1414,0.4687,0.7663,6659,0.4905,26193,8.92226,0.239,0.2409
2295,39995,116,0.3328,0.0142,0.316,39324,0.9785,5087,10.88309,0.0998,0.1188
2296,29346,659,0.0946,0.024,0.625,32618,1.1453,9696,6.412,0.1009,0.1126
2297,31485,574,0.0935,0.0833,0.898,24112,0.7751,20044,0.74133,0.1604,0.158
2298,30565,488,0.9207,0.0511,0.3835,29864,0.9735,16296,4.576,0.2664,0.317
2299,27237,531,0.1691,0.0402,0.9486,23660,0.856,20333,0.44,0.1411,0.1571
2300,18991,54,0.3191,0.4997,0.4517,4293,0.1767,19304,10.61562,0.3148,0.305
2301,37825,1053,0.1746,0.0354,0.4552,44157,1.2153,13533,14.10467,0.195,0.218
2302,28387,948,0.6289,0.0677,0.6246,27011,0.9542,30046,2.72624,0.305,0.3577
2303,24084,1084,0.1223,0.0847,0.4775,28724,1.2745,13773,3.816,0.2,0.2046
2304,17795,630,0.4879,0.0377,0.9429,17999,1.0216,18797,1.334,0.1229,0.1481
2305,35518,168,0.7327,0.021,0.8455,30617,0.834,15972,5.078,0.1206,0.1403
2306,36982,1019,0.3578,0.012,0.8948,44243,1.2437,14300,14.162,0.0943,0.1185
2307,34313,318,0.0434,0.0161,0.2825,36736,1.0921,2417,9.1651,0.0601,0.0631
2308,35731,705,0.1414,0.0191,0.1529,43003,1.2546,2904,13.33931,0.1177,0.1369
2309,33215,41,0.0452,0.0379,0.6909,28240,0.8388,7403,3.49333,0.0778,0.0762
2310,33405,244,0.2137,0.059,0.8376,22717,0.6389,23864,0.20351,0.196,0.2092
2311,27124,608,0.0278,0.2906,0.178,32524,1.2663,1896,6.36401,0.0558,0.0512
2312,28114,9,0.0289,0.4121,0.9056,15820,0.5636,12404,2.82352,0.0572,0.0525
2313,20657,266,0.0208,0.0187,0.9208,21112,1.0439,4248,0.18442,0.0326,0.0332
2314,16664,2,0.0341,0.018,0.8782,14355,0.8377,4351,3.76733,0.0334,0.036
2315,38846,462,0.4178,0.0197,0.1557,42953,1.1315,3762,13.30409,0.1465,0.1775
2316,35875,455,0.1301,0.1958,0.6731,22384,0.6277,22906,0.24107,0.2455,0.2335
2317,16226,407,0.0627,0.571,0.2855,15704,1.0398,5501,2.86448,0.1245,0.1144
2318,29052,465,0.0201,0.0507,0.4126,32422,1.1623,2307,6.29335,0.0396,0.0365
2319,39414,1131,0.3694,0.0131,0.571,49154,1.3066,10935,17.43601,0.1126,0.141
2320,16866,421,0.0542,0.3545,0.7647,10787,0.6945,11862,6.14203,0.1065,0.0984
2321,15083,343,0.1862,0.1473,0.306,13641,0.9114,10293,4.23933,0.2251,0.2431
2322,31805,553,0.0553,0.2982,0.1424,35942,1.1821,2504,8.63584,0.109,0.1001
2323,36822,621,0.4328,0.1128,0.6373,23516,0.6044,36565,1.30456,0.3905,0.4212
2324,18472,507,0.3962,0.0247,0.3728,22423,1.2638,6130,0.0,0.0978,0.1222
2325,20480,815,0.0257,0.5437,0.9228,18541,1.0247,11719,0.97267,0.0505,0.0464
2326,24780,672,0.1205,0.0172,0.1835,31937,1.3601,2428,5.97321,0.0823,0.0982
2327,22579,460,0.0207,0.0649,0.3375,26180,1.2187,2005,2.16131,0.0407,0.0375
2328,25683,330,0.0719,0.0229,0.7431,25403,0.9952,8412,1.602,0.0753,0.083
2329,38341,47,0.8571,0.1157,0.7434,15076,0.3211,35308,3.68085,0.3501,0.3512
2330,25184,988,0.0507,0.0205,0.3506,35106,1.4971,3789,8.10072,0.0708,0.0767
2331,21703,760,0.0211,0.0328,0.5367,28422,1.4049,2948,3.64573,0.0406,0.0383
2332,19037,498,0.4176,0.0136,0.2559,24151,1.3353,2652,0.85257,0.0602,0.0775
2333,32735,89,0.5958,0.0117,0.3082,32455,0.9882,3549,6.30861,0.0724,0.0866
2334,29842,535,0.1572,0.1578,0.5834,21088,0.7073,21519,0.0,0.2654,0.2631
2335,29664,486,0.1289,0.0847,0.5797,24932,0.8416,16494,1.288,0.1997,0.2037
2336,33768,204,0.269,0.2595,0.4729,16792,0.4589,26979,2.2942,0.4083,0.4068
2337,26060,475,0.7511,0.0853,0.8495,15232,0.5301,31106,3.29209,0.2479,0.2718
2338,22406,197,0.1267,0.0808,0.5411,17282,0.7504,12480,1.812,0.1607,0.1681
2339,16694,571,0.2912,0.3873,0.5789,6426,0.3749,27461,9.11766,0.3241,0.3439
2340,22794,474,0.8683,0.0276,0.9399,21813,0.9485,16956,0.0,0.111,0.134
2341,21833,925,0.2707,0.0806,0.8138,19388,0.8908,28808,0.57196,0.2288,0.26
2342,24883,694,0.2081,0.3676,0.6225,11374,0.4641,30455,5.83253,0.345,0.3455
2343,20021,130,0.0577,0.1192,0.5355,15261,0.759,7854,3.15933,0.1071,0.1023
2344,28508,211,0.7905,0.0661,0.4558,22439,0.7469,18242,0.0,0.2606,0.2945
2345,30652,1157,0.3788,0.0175,0.5147,40822,1.4125,10852,11.88725,0.1233,0.1564
2346,27313,1085,0.1048,0.0379,0.6462,33586,1.2997,13500,7.05733,0.139,0.1514
2347,24326,246,0.3678,0.4972,0.2147,15881,0.6292,16962,2.75612,0.5613,0.5687
2348,38196,830,0.2957,0.0136,0.9415,42273,1.1336,15496,12.84867,0.1002,0.1222
2349,22925,1086,0.8634,0.0347,0.7176,28576,1.3032,21581,3.71735,0.177,0.2238
2350,33813,267,0.054,0.021,0.5468,33502,0.9985,5953,7.00134,0.0746,0.0783
2351,34316,342,0.0233,0.0105,0.3593,37344,1.1132,1817,9.5728,0.0356,0.0369
2352,35580,705,0.626,0.0389,0.2138,40600,1.177,9161,11.73333,0.261,0.3177
2353,34831,155,0.0673,0.0148,0.8327,32535,0.927,8023,6.35667,0.0652,0.0712
2354,28321,1135,0.6133,0.069,0.7189,26968,0.9546,35095,2.85078,0.3077,0.3605
2355,17018,564,0.0888,0.5122,0.5369,11665,0.752,13458,5.55667,0.1755,0.1628
2356,26389,71,0.3091,0.0264,0.2288,25541,0.9622,4064,1.70621,0.1146,0.1334
2357,32064,650,0.1041,0.0332,0.7568,32302,1.0248,14436,6.20133,0.1279,0.1386
2358,29762,392,0.0418,0.0509,0.7363,28137,0.9692,7895,3.42467,0.0785,0.0745
2359,19390,1077,0.0243,0.0699,0.3709,29969,1.7074,2504,4.85439,0.0479,0.0441
2360,30426,244,0.6016,0.2146,0.5443,12002,0.3389,32353,5.52068,0.428,0.437
2361,22557,305,0.0597,0.0248,0.2886,24616,1.1199,3130,1.11889,0.0717,0.0779
2362,38787,576,0.8417,0.0164,0.2176,43926,1.1656,4920,13.95113,0.1322,0.1661
2363,21421,469,0.0282,0.5856,0.6187,18276,0.9189,8773,1.14933,0.0558,0.0512
2364,30830,1022,0.9192,0.1056,0.6881,22591,0.7051,42710,1.86421,0.4106,0.4586
2365,24673,236,0.5395,0.012,0.1688,26898,1.113,1691,2.63795,0.0598,0.0747
2366,18809,680,0.0447,0.5993,0.1151,25022,1.4387,1948,1.48757,0.0893,0.082
2367,38544,880,0.098,0.105,0.8665,31418,0.847,22071,5.612,0.1854,0.1759
2368,21005,176,0.0635,0.0387,0.6593,18664,0.8792,7779,0.89067,0.0814,0.0861
2369,25620,534,0.8447,0.0516,0.2617,28111,1.1218,10667,3.40733,0.2478,0.3023
2370,31871,243,0.2043,0.0491,0.7354,24440,0.7355,19367,0.96,0.1785,0.1937
2371,28915,585,0.1483,0.0378,0.6634,28800,1.006,14855,3.86667,0.1459,0.1633
2372,29832,923,0.0212,0.2408,0.7331,34124,1.2366,6787,7.416,0.042,0.0386
2373,32862,280,0.5905,0.0865,0.5374,22677,0.6433,25794,0.20676,0.3232,0.353
2374,38450,59,0.267,0.164,0.7313,15038,0.3386,33026,3.62051,0.3289,0.3263
2375,20815,1037,0.361,0.0244,0.2385,31519,1.6393,5462,5.79113,0.1304,0.168
2376,38185,731,0.2908,0.3933,0.3643,26413,0.6973,27169,2.28678,0.5321,0.5143
2377,26128,955,0.4324,0.3181,0.2454,24784,0.9771,22662,1.18933,0.6414,0.6691
2378,28536,454,0.1509,0.1768,0.4012,22921,0.8136,14925,0.0,0.2688,0.2617
2379,19500,1096,0.3181,0.0213,0.9173,27330,1.4949,15961,2.95885,0.1015,0.129
2380,17077,390,0.2087,0.011,0.7266,20013,1.2149,4947,0.11084,0.0405,0.0508
2381,27107,153,0.1968,0.3401,0.7214,6848,0.2201,27810,8.91764,0.2796,0.2734
2382,38993,1108,0.872,0.1364,0.4788,30272,0.7568,42028,5.16874,0.6148,0.6462
2383,17742,903,0.0687,0.0197,0.6988,25636,1.5557,7429,1.95319,0.066,0.0774
2384,38189,517,0.1857,0.0825,0.5676,31017,0.8053,21720,5.34467,0.2652,0.2752
2385,22797,633,0.025,0.0475,0.6144,26897,1.2534,4046,2.60613,0.0485,0.0451
2386,33889,1065,0.0675,0.0218,0.7332,41291,1.2828,10224,12.194,0.0941,0.1008
2387,30381,902,0.029,0.1196,0.6466,35484,1.2562,5760,8.32271,0.0572,0.0525
2388,28834,976,0.7747,0.0195,0.8098,34625,1.246,17246,7.75,0.1253,0.1577
2389,19348,849,0.1354,0.015,0.224,28604,1.597,2663,3.88084,0.07,0.0867
2390,23518,483,0.6045,0.3887,0.6175,5385,0.2006,35037,9.94081,0.4035,0.4172
2391,23191,1064,0.6501,0.0308,0.2268,33754,1.5645,7047,7.22335,0.177,0.2307
2392,35539,578,0.1015,0.4331,0.2262,35231,1.0388,7314,8.154,0.2022,0.1857
2393,19419,49,0.1111,0.0318,0.3261,17988,0.9156,4196,1.35471,0.0837,0.0938
2394,32762,846,0.2365,0.0184,0.8378,36997,1.163,15347,9.33133,0.1119,0.1357
2395,35647,906,0.0511,0.0162,0.6673,42759,1.2571,7109,13.17267,0.0718,0.0767
2396,30549,919,0.3167,0.0754,0.3247,34081,1.1543,16427,7.38733,0.3283,0.3705
2397,39783,887,0.4143,0.2629,0.4248,26818,0.6588,37876,2.88696,0.6168,0.636
2398,19205,587,0.6186,0.4432,0.2159,15067,0.7796,20329,3.28867,0.661,0.6886
2399,27062,503,0.1002,0.0502,0.5792,26370,0.9915,11746,2.24667,0.14,0.1477
2400,19706,1068,0.0976,0.0159,0.6122,29900,1.6467,7055,4.74291,0.0709,0.0865
2401,36817,20,0.4344,0.4707,0.9275,1445,0.0211,37352,12.64233,0.3087,0.2853
2402,17309,40,0.2513,0.4751,0.6722,1705,0.0684,18192,12.37704,0.2059,0.1944
2403,32048,290,0.7313,0.0229,0.782,29058,0.8879,15383,4.03867,0.1239,0.145
2404,24407,575,0.1651,0.3637,0.2886,21065,0.9044,12339,0.0,0.3163,0.298
2405,28171,1059,0.0303,0.0111,0.6119,38869,1.4784,3864,10.59843,0.0429,0.0457
2406,23561,1063,0.27,0.3314,0.1626,28389,1.2997,11200,3.59267,0.4936,0.4797
2407,39138,60,0.9761,0.2612,0.5337,11966,0.2357,38392,5.7506,0.5408,0.53
2408,21082,928,0.116,0.0244,0.1192,31455,1.6147,1949,5.74931,0.1043,0.1242
2409,38111,263,0.4688,0.4322,0.275,25488,0.6144,27105,1.69754,0.6876,0.7043
2410,34012,969,0.3226,0.0277,0.452,40500,1.2389,13248,11.66667,0.1794,0.2166
2411,36750,1062,0.0624,0.0177,0.5639,45796,1.3133,7170,15.1974,0.0855,0.0918
2412,19695,37,0.0206,0.0194,0.7467,18041,0.9062,3306,1.33643,0.0311,0.0319
2413,24064,353,0.2088,0.0561,0.64,20226,0.8209,16197,0.0,0.1674,0.1855
2414,33227,615,0.049,0.0225,0.3012,38669,1.2092,3311,10.44983,0.0771,0.0792
2415,35105,286,0.204,0.033,0.4195,33644,0.9553,10250,7.096,0.1609,0.181
2416,29052,1061,0.0724,0.2253,0.1757,38261,1.4249,3589,10.18567,0.1432,0.1316
2417,34247,25,0.0289,0.0444,0.6295,30218,0.8785,4870,4.81347,0.0559,0.0521
2418,24586,312,0.0356,0.071,0.9316,20844,0.8678,8736,0.0,0.0682,0.0638
2419,36640,440,0.0983,0.1495,0.2,37148,1.0441,5287,9.4323,0.1924,0.1783
2420,27976,129,0.0777,0.057,0.8152,20676,0.7155,13363,0.0,0.1169,0.1182
2421,16473,1169,0.0362,0.0106,0.7825,28632,1.9194,4834,4.28673,0.0383,0.045
2422,30118,732,0.0357,0.0212,0.3869,36849,1.2862,3223,9.23729,0.06,0.0609
2423,39249,923,0.0499,0.1341,0.1473,48155,1.2969,2201,16.77477,0.0998,0.0917
2424,34500,204,0.3748,0.0157,0.7342,32432,0.9281,10928,6.288,0.0924,0.1091
2425,37464,1115,0.1243,0.1466,0.4554,38304,1.087,15031,10.20267,0.2422,0.2267
2426,15236,532,0.0781,0.0328,0.6852,17961,1.2299,8174,1.35933,0.0771,0.0879
2427,33219,47,0.0541,0.4878,0.1768,29893,0.9041,3891,4.60069,0.1071,0.0984
2428,37326,1147,0.0229,0.0406,0.6998,46755,1.3415,4545,15.83801,0.0455,0.0418
2429,18213,630,0.1786,0.3827,0.7358,6674,0.3712,28186,8.95765,0.2664,0.2735
2430,25440,553,0.1072,0.0205,0.773,27550,1.1103,10179,3.03333,0.0832,0.096
2431,23530,503,0.3007,0.023,0.539,26105,1.1353,9261,2.07,0.1043,0.1268
2432,24971,691,0.1853,0.3125,0.4523,17514,0.7278,20926,1.65733,0.3343,0.3254
2433,15468,36,0.2292,0.0102,0.5387,14959,0.9563,2443,3.38146,0.0283,0.034
2434,30754,1091,0.2054,0.0207,0.4258,40454,1.393,9216,11.64013,0.129,0.1568
2435,25532,85,0.6131,0.0933,0.406,17790,0.6436,16704,1.48527,0.2804,0.3064
2436,29087,926,0.3853,0.0468,0.3758,34244,1.2233,15038,7.496,0.2458,0.2932
2437,32442,1179,0.3835,0.0246,0.7769,38979,1.2491,20685,10.65267,0.161,0.197
2438,28211,395,0.349,0.0233,0.115,32028,1.1692,2376,6.03074,0.1266,0.1548
2439,23467,891,0.0227,0.4596,0.8799,23355,1.1091,10804,0.23667,0.0456,0.0418
2440,21853,325,0.0253,0.1289,0.4689,22276,1.0621,3539,0.25905,0.0505,0.0464
2441,34631,69,0.1938,0.1029,0.4386,24726,0.6797,16641,1.15266,0.2697,0.2749
2442,33280,1146,0.6114,0.0231,0.469,42344,1.3389,13620,12.89665,0.1706,0.2161
2443,38112,972,0.4797,0.2224,0.1196,43295,1.1785,12272,13.53,0.7197,0.7426
2444,27264,1036,0.1182,0.0423,0.2959,36128,1.4143,7083,8.76029,0.161,0.1745
2445,37862,796,0.5535,0.5822,0.3373,28023,0.6944,38746,3.64796,0.8004,0.8167
2446,28353,987,0.1377,0.0229,0.3912,37304,1.3951,7419,9.54127,0.1185,0.1398
2447,16932,268,0.9313,0.0252,0.4459,17876,1.0686,6147,1.416,0.0835,0.1033
2448,27140,357,0.1186,0.0165,0.6887,28032,1.044,7891,3.35467,0.0728,0.0847
2449,30061,768,0.1487,0.3487,0.7797,14216,0.4977,30482,3.95681,0.2794,0.2666
2450,20431,852,0.0229,0.0635,0.6964,26564,1.4168,4424,2.41338,0.0454,0.0418
2451,16716,857,0.0202,0.0297,0.2203,26128,1.7109,1146,2.54665,0.0379,0.036
2452,19668,524,0.3328,0.0856,0.3502,19775,1.0218,13609,0.15,0.2481,0.2864
2453,19012,223,0.2007,0.0138,0.6406,19701,1.0469,5189,0.21684,0.0491,0.0592
2454,21070,267,0.025,0.0818,0.2297,22809,1.1183,1554,0.468,0.0491,0.0452
2455,20307,685,0.088,0.0401,0.6194,23326,1.2036,10159,0.21733,0.1095,0.1194
2456,34429,842,0.0366,0.0152,0.1216,43931,1.3465,1022,13.96469,0.0579,0.0599
2457,32794,584,0.3541,0.021,0.6933,34186,1.0548,14193,7.45733,0.1262,0.1514
2458,18961,576,0.0235,0.4686,0.3959,21664,1.2337,4209,0.18853,0.0468,0.043
2459,30112,753,0.4152,0.1751,0.1193,33735,1.1641,10028,7.15667,0.5707,0.6051
2460,20824,99,0.3736,0.0866,0.4128,15248,0.689,13058,3.16821,0.2131,0.2325
2461,24380,969,0.0664,0.565,0.1761,32048,1.4337,3965,6.05224,0.1327,0.1219
2462,20196,466,0.0501,0.0162,0.1563,25194,1.3106,1325,1.54363,0.0531,0.0594
2463,30757,1187,0.8437,0.091,0.725,25183,0.8014,43015,2.3904,0.3899,0.4396
2464,35274,865,0.1868,0.0181,0.8393,39569,1.1533,15252,11.046,0.1122,0.1339
2465,35518,346,0.5245,0.2517,0.5599,13687,0.3353,38647,4.61027,0.4963,0.5072
2466,16573,25,0.1286,0.1923,0.6203,6794,0.3582,13850,8.8774,0.1625,0.1617
2467,31236,474,0.17,0.0421,0.4387,31154,1.0087,11563,5.436,0.1745,0.193
2468,39259,218,0.109,0.0396,0.4959,35523,0.8962,10657,8.34867,0.1496,0.1564
2469,25100,790,0.6554,0.0393,0.679,26790,1.0835,20608,2.52667,0.1857,0.2259
2470,18912,14,0.0388,0.0353,0.1236,18432,0.9722,1023,1.16927,0.0583,0.0597
2471,35853,303,0.3553,0.0196,0.1223,38460,1.0918,2590,10.31292,0.1291,0.1551
2472,36133,319,0.1313,0.0193,0.3525,37405,1.0464,5579,9.60344,0.1045,0.1182
2473,23936,617,0.0406,0.3376,0.6887,21894,0.9913,9473,0.0,0.081,0.0744
2474,27332,308,0.0722,0.0431,0.1636,29411,1.1019,2587,4.28907,0.1126,0.1149
2475,19007,607,0.8997,0.2931,0.433,10013,0.4877,29755,6.71418,0.4674,0.5108
2476,33287,149,0.7684,0.0837,0.559,21498,0.587,25520,0.38047,0.3142,0.339
2477,19562,931,0.3805,0.1037,0.3066,23806,1.2809,16228,0.53733,0.3335,0.3877
2478,20054,881,0.0477,0.2458,0.4461,24566,1.3523,6189,1.05848,0.0944,0.0868
2479,15443,666,0.0474,0.0481,0.9148,17612,1.2083,9873,1.592,0.0751,0.0777
2480,27945,312,0.3636,0.0857,0.8517,15369,0.498,28172,3.17751,0.229,0.2433
2481,20291,734,0.022,0.1703,0.3609,26513,1.415,2590,2.40016,0.0432,0.0396
2482,39820,841,0.4909,0.0395,0.6043,39596,0.9986,24522,11.064,0.255,0.2993
2483,19709,255,0.3863,0.0144,0.5804,20690,1.0639,5408,0.06232,0.0556,0.0681
2484,23718,1148,0.0764,0.0368,0.2976,34787,1.591,5132,7.91816,0.1176,0.1238
2485,20102,409,0.0312,0.0185,0.5485,23104,1.1937,3464,0.2758,0.0429,0.0457
2486,31294,339,0.0394,0.0217,0.5055,32628,1.0628,4426,6.4208,0.0617,0.0633
2487,32671,387,0.0785,0.0585,0.8077,27099,0.8294,14820,2.73267,0.1321,0.1316
2488,38817,592,0.0351,0.098,0.3093,42724,1.1456,3244,13.15253,0.07,0.0643
2489,19459,177,0.1673,0.1396,0.2701,16296,0.8264,8820,2.46933,0.2297,0.2389
2490,19919,86,0.0281,0.5358,0.348,16470,0.8398,4483,2.35874,0.0558,0.0512
2491,24322,381,0.6656,0.0284,0.5704,24476,1.0083,11490,0.984,0.1254,0.152
2492,37151,956,0.2264,0.2987,0.8475,14837,0.4029,45908,4.20381,0.3835,0.3808
2493,25485,17,0.0219,0.0906,0.7411,21052,0.8256,4752,0.13137,0.0431,0.0396
2494,35334,459,0.0271,0.0241,0.5527,37895,1.1042,3757,9.93281,0.0499,0.0476
2495,22425,115,0.0796,0.0761,0.4809,18060,0.791,8551,1.29333,0.1254,0.1266
2496,20805,438,0.1847,0.0138,0.9358,22901,1.125,8507,0.0,0.0553,0.0677
2497,18874,776,0.1015,0.0442,0.6308,22679,1.2651,11501,0.0,0.1201,0.1334
2498,16911,1055,0.0694,0.1939,0.1578,26942,1.7714,2918,3.07906,0.1363,0.1257
2499,33479,289,0.0904,0.1557,0.7101,22388,0.6708,16913,0.09721,0.1734,0.163
2500,38482,158,0.0814,0.066,0.3517,35091,0.9112,6994,8.06067,0.1474,0.1423
2501,22671,128,0.1824,0.0757,0.8252,13296,0.5335,18286,4.50364,0.1553,0.1624
2502,17758,1102,0.1603,0.5579,0.3442,18568,1.1801,14649,0.95467,0.313,0.291
2503,20021,904,0.08,0.145,0.543,21923,1.191,11307,0.0,0.1529,0.1446
2504,17420,497,0.1562,0.5713,0.2884,13486,0.8202,12039,4.34267,0.2994,0.283
2505,17966,162,0.6105,0.0957,0.8758,7941,0.3769,19594,8.11114,0.1597,0.1656
2506,30370,537,0.1609,0.0716,0.262,31765,1.0721,8864,5.84333,0.2305,0.2428
2507,32380,407,0.0424,0.593,0.1155,34713,1.1098,2551,7.8171,0.0843,0.0774
2508,20578,584,0.1725,0.1496,0.2001,22811,1.1582,7906,0.0,0.2794,0.2861
2509,31189,241,0.2009,0.3904,0.8333,6111,0.1735,34460,9.47667,0.2945,0.2879
2510,39765,515,0.0803,0.0744,0.1327,43789,1.136,2650,13.86382,0.1535,0.1446
2511,36181,123,0.1753,0.0987,0.905,18104,0.4531,28425,1.55089,0.2252,0.2273
2512,16473,332,0.0313,0.0588,0.2078,19150,1.2145,1703,0.72505,0.0594,0.0566
2513,25693,809,0.0239,0.0382,0.5668,32384,1.3475,3518,6.26346,0.046,0.0428
2514,18945,480,0.3909,0.3631,0.8173,3293,0.1589,31247,11.30225,0.2686,0.2796
2515,19685,1062,0.4172,0.0315,0.1794,30847,1.7035,5058,5.40236,0.1615,0.2091
2516,34837,1153,0.1682,0.3017,0.4546,30694,0.9502,20607,5.12933,0.3291,0.3058
2517,36023,1158,0.136,0.5307,0.3676,34906,1.0588,15374,7.93733,0.2711,0.2491
2518,18599,600,0.2714,0.0325,0.7417,20621,1.1331,13612,0.0,0.1127,0.1364
2519,32363,919,0.068,0.0315,0.5615,38242,1.2423,8656,10.16133,0.1079,0.1111
2520,15635,1179,0.045,0.0566,0.2059,28115,2.0082,2411,4.16454,0.0845,0.081
2521,27944,24,0.0463,0.0684,0.2416,25789,0.9197,2938,1.88706,0.089,0.0838
2522,29808,792,0.3657,0.0674,0.1083,36900,1.2986,5659,9.26674,0.3317,0.3845
2523,18255,1182,0.04,0.2851,0.1377,30720,1.8769,1724,5.51254,0.0794,0.0729
2524,29735,1180,0.2024,0.0386,0.7436,34565,1.2106,21540,7.71,0.1852,0.2133
2525,24499,536,0.0664,0.1043,0.3046,26566,1.136,5400,2.37817,0.1283,0.1207
2526,19992,753,0.0268,0.3728,0.853,20128,1.1194,8907,0.0,0.0531,0.0488
2527,31996,99,0.6871,0.0287,0.142,31725,0.9904,3697,5.82172,0.1611,0.193
2528,39230,231,0.4249,0.3832,0.1927,30875,0.7536,18881,5.25,0.6823,0.6915
2529,24018,734,0.0926,0.0418,0.3892,29034,1.27,7374,4.02267,0.1269,0.1368
2530,17813,630,0.2345,0.0226,0.2864,23870,1.4227,4416,0.72897,0.0912,0.115
2531,16877,993,0.0799,0.0151,0.5269,26940,1.7409,5244,3.0109,0.0594,0.0725
2532,38474,295,0.0218,0.0284,0.5705,39033,1.0339,3348,10.69231,0.0424,0.0394
2533,17270,69,0.1043,0.0365,0.5393,14884,0.8367,6550,3.41067,0.0802,0.0888
2534,18481,209,0.0323,0.0109,0.4635,19974,1.1045,2067,0.41436,0.0294,0.0331
2535,30919,775,0.8039,0.3414,0.8299,5376,0.1529,51315,10.29794,0.4368,0.4552
2536,16631,750,0.6593,0.0397,0.5096,21273,1.3395,12993,0.13182,0.1499,0.1899
2537,28704,1176,0.074,0.0471,0.3432,38764,1.4538,6273,10.52183,0.1301,0.1294
2538,31022,160,0.029,0.017,0.3745,31396,1.021,2372,5.61035,0.0455,0.0459
2539,26156,193,0.0495,0.0585,0.4622,24162,0.931,5687,0.77537,0.0897,0.0867
2540,18288,291,0.5187,0.0142,0.367,20550,1.1558,3402,0.27347,0.0543,0.0686
2541,29262,95,0.1628,0.0106,0.3011,29299,1.0026,2713,4.21356,0.0544,0.0644
2542,17399,1110,0.0329,0.0376,0.7806,26335,1.6702,6511,2.54284,0.0603,0.0588
2543,38602,783,0.5079,0.5415,0.4207,23689,0.5391,44274,2.14825,0.7243,0.7468
2544,19823,164,0.0948,0.0858,0.1359,19953,1.0182,2915,0.32624,0.1481,0.1512
2545,26546,1127,0.0352,0.1611,0.808,31429,1.309,8726,5.61941,0.07,0.0643
2546,28312,115,0.7072,0.2014,0.144,23083,0.7846,12405,0.05533,0.5938,0.627
2547,18503,836,0.0975,0.0166,0.2524,27550,1.6095,2797,3.22163,0.0685,0.0833
2548,27222,937,0.0201,0.3138,0.4782,33569,1.3364,4897,7.048,0.0397,0.0365
2549,33648,1190,0.1501,0.0287,0.6095,41312,1.2909,14832,12.208,0.155,0.1767
2550,23748,208,0.0204,0.045,0.9449,21668,0.9289,5214,0.08274,0.04,0.0373
2551,38162,675,0.2872,0.0103,0.1629,45433,1.2377,2289,14.96043,0.0831,0.1038
2552,25824,1109,0.0402,0.0253,0.1907,37985,1.5927,1873,10.04692,0.0688,0.069
2553,36789,717,0.3348,0.0216,0.401,41601,1.162,9909,12.40067,0.1491,0.1805
2554,26257,96,0.218,0.0351,0.8468,19945,0.7177,14803,0.03667,0.1162,0.1289
2555,20687,395,0.0315,0.0369,0.6399,22015,1.1027,4939,0.11168,0.0558,0.0547
2556,19317,296,0.0603,0.0209,0.2591,21747,1.1602,2376,0.38147,0.0593,0.067
2557,39372,1001,0.2881,0.2059,0.1084,45882,1.2237,7932,15.25467,0.5275,0.5119
2558,36500,919,0.281,0.0722,0.5221,35077,0.974,24542,8.05133,0.3161,0.3463
2559,38856,910,0.1959,0.0178,0.6299,44655,1.1888,12684,14.43667,0.1243,0.1474
2560,22922,216,0.2424,0.2636,0.3454,14068,0.587,17030,3.97255,0.3511,0.3567
2561,21816,885,0.3154,0.0357,0.9275,23945,1.1258,21643,0.63,0.1433,0.1724
2562,31044,754,0.6836,0.2639,0.7071,9900,0.284,47546,7.27277,0.4702,0.4956
2563,15514,106,0.6282,0.0167,0.3591,15709,1.0147,2869,2.87959,0.049,0.0603
2564,16414,463,0.1329,0.0168,0.2291,21205,1.3635,2192,0.45334,0.0578,0.0724
2565,16194,1186,0.1648,0.2641,0.7198,12848,0.8695,28219,4.78002,0.2745,0.2806
2566,25720,859,0.0394,0.285,0.5274,29062,1.2299,6972,4.04133,0.0778,0.0714
2567,27890,821,0.2269,0.194,0.928,11834,0.4145,39937,5.74585,0.2988,0.3116
2568,25697,781,0.1288,0.2181,0.7013,17394,0.713,22873,1.73733,0.2375,0.2293
2569,33873,819,0.0714,0.5845,0.1904,38514,1.2095,5189,10.34302,0.1411,0.1296
2570,22499,664,0.3498,0.3106,0.7279,7114,0.2994,36442,8.77687,0.3453,0.3651
2571,17430,143,0.3598,0.0144,0.2207,18446,1.0721,1848,1.12442,0.0494,0.0606
2572,22005,1120,0.0394,0.141,0.3057,32104,1.609,3433,6.16204,0.0778,0.0714
2573,20470,1183,0.8027,0.1992,0.5154,16334,0.8018,37607,2.78104,0.4983,0.5392
2574,35697,670,0.0436,0.574,0.4837,32511,0.9671,11226,6.34067,0.0859,0.0789
2575,26153,918,0.3585,0.0209,0.3763,34534,1.3991,7902,7.69643,0.1229,0.1567
2576,20719,967,0.3365,0.2803,0.4444,15777,0.7766,29458,2.85417,0.4503,0.482
2577,24423,897,0.1726,0.0155,0.8054,31373,1.3522,10673,5.58471,0.0794,0.0984
2578,23262,260,0.4255,0.3741,0.9413,1634,0.0591,30384,12.44189,0.2384,0.2351
2579,38649,641,0.3774,0.0151,0.5675,42360,1.121,10470,12.90667,0.1127,0.1372
2580,17105,997,0.0273,0.1149,0.8212,23082,1.5152,6261,0.71932,0.0544,0.05
2581,29115,878,0.0355,0.466,0.1951,36366,1.3395,3285,8.91622,0.0701,0.0643
2582,31106,206,0.0272,0.0108,0.742,31388,1.0169,3883,5.59644,0.0356,0.0378
2583,35932,162,0.3498,0.1067,0.1958,31565,0.8624,11527,5.71,0.4009,0.43
2584,34784,920,0.8895,0.0121,0.5842,42490,1.2772,9709,12.99333,0.0958,0.1222
2585,33010,190,0.0222,0.551,0.3714,28326,0.8754,6964,3.55067,0.0444,0.0407
2586,26994,194,0.0235,0.273,0.9319,20206,0.7701,9119,0.0,0.0468,0.043
2587,24334,800,0.0673,0.2781,0.7189,20817,0.9408,13720,0.0,0.1325,0.1219
2588,26880,1057,0.9942,0.0127,0.8632,35441,1.3922,12889,8.2997,0.0852,0.1105
2589,27603,1052,0.091,0.5154,0.1479,35894,1.4141,4354,8.60616,0.1798,0.1652
2590,24178,460,0.0395,0.1389,0.643,22913,0.9974,7114,0.0,0.0776,0.0714
2591,30737,1041,0.1135,0.1442,0.6459,28270,0.9779,18995,3.51333,0.2161,0.2051
2592,20144,328,0.0608,0.2996,0.3472,18193,0.9467,6107,1.20467,0.1203,0.1107
2593,25348,606,0.0961,0.0591,0.7437,23630,0.9508,15074,0.42,0.1408,0.1465
2594,27447,726,0.0315,0.046,0.5531,32186,1.2429,4658,6.12563,0.0613,0.0572
2595,35531,86,0.2189,0.0664,0.3873,28942,0.7875,13591,3.96133,0.2423,0.2578
2596,26743,238,0.1154,0.0186,0.3166,27893,1.056,3947,3.26915,0.0775,0.0904
2597,31689,261,0.8784,0.047,0.7426,23668,0.7008,23265,0.44533,0.2069,0.2321
2598,33744,887,0.2942,0.0307,0.3897,39747,1.2247,11679,11.16467,0.187,0.2242
2599,36735,781,0.0385,0.2271,0.1323,44322,1.2703,1786,14.22159,0.0762,0.07
2600,21178,1067,0.0347,0.0202,0.6053,31290,1.6042,4777,5.62037,0.0546,0.0568
2601,25878,160,0.0728,0.0219,0.9289,22890,0.8682,9489,0.0,0.069,0.0753
2602,17160,1144,0.2539,0.0134,0.7376,28320,1.808,8738,3.93023,0.0668,0.0886
2603,25093,299,0.3268,0.2426,0.2027,20446,0.806,13521,0.0,0.4619,0.4786
2604,30700,354,0.0824,0.0128,0.6593,32136,1.0624,6262,6.09067,0.0611,0.0705
2605,17554,381,0.0285,0.0797,0.6346,17967,1.0747,4830,1.36092,0.056,0.0523
2606,30053,106,0.0719,0.2513,0.3413,24398,0.8186,7169,0.932,0.1429,0.1315
2607,25881,477,0.0391,0.036,0.5622,27855,1.1152,5322,3.23745,0.0691,0.0679
2608,25391,633,0.0819,0.0177,0.9142,28507,1.1583,10317,3.67133,0.0718,0.0826
2609,32940,4,0.2627,0.0105,0.1492,32388,0.9799,1439,6.27705,0.0615,0.0741
2610,30001,79,0.8732,0.5462,0.1795,20946,0.6332,20142,0.22251,0.8058,0.8216
2611,39581,572,0.1063,0.4828,0.5276,28724,0.7653,17959,3.816,0.2099,0.1928
2612,38945,258,0.6922,0.0404,0.4798,33916,0.8468,18172,7.27733,0.241,0.2773
2613,35959,19,0.0394,0.1154,0.1591,34321,0.9554,1898,7.55967,0.0778,0.0714
2614,26084,584,0.6001,0.5866,0.5952,5148,0.17,40617,10.1912,0.4792,0.4951
2615,15370,372,0.5673,0.1703,0.939,4484,0.251,24194,10.45171,0.1813,0.1912
2616,18838,331,0.0372,0.0418,0.7459,18481,1.0053,6550,1.01267,0.0619,0.0625
2617,28552,911,0.4858,0.0156,0.4037,37192,1.3727,7230,9.46443,0.1038,0.1325
2618,25446,681,0.1754,0.0178,0.5543,30600,1.2508,8078,5.06667,0.0887,0.108
2619,29469,652,0.1319,0.2102,0.2803,29080,1.0347,9742,4.05333,0.2558,0.2395
2620,39660,1156,0.032,0.0421,0.7986,47226,1.2716,6905,16.15067,0.0624,0.0576
2621,31520,995,0.2967,0.0187,0.7723,37720,1.2432,15504,9.81333,0.1216,0.1484
2622,37941,135,0.872,0.0227,0.2967,36695,0.9604,7219,9.13,0.1523,0.1813
2623,23682,656,0.7843,0.3203,0.1993,21275,0.8994,20107,0.0,0.724,0.7465
2624,19004,1012,0.0326,0.0661,0.8246,25109,1.4572,7110,1.50043,0.0632,0.0587
2625,34920,1097,0.434,0.2184,0.3508,30262,0.8739,31421,4.88829,0.6165,0.6456
2626,38272,552,0.1483,0.1146,0.7639,25881,0.6718,26572,1.93007,0.2506,0.2481
2627,39994,1075,0.5281,0.1837,0.7249,19857,0.467,55637,3.31853,0.5253,0.5611
2628,26374,662,0.1117,0.1849,0.801,16869,0.6601,22558,2.09157,0.2034,0.1964
2629,27115,751,0.3436,0.1573,0.2724,26527,0.9991,17965,2.35133,0.4432,0.4765
2630,31307,590,0.1536,0.0401,0.7393,29565,0.9469,17659,4.37667,0.1578,0.1749
2631,34709,1137,0.192,0.0216,0.1579,46933,1.4402,3799,15.96386,0.1485,0.1775
2632,38077,230,0.0202,0.0108,0.5217,39227,1.0436,2408,10.82461,0.0332,0.033
2633,26988,949,0.0805,0.4142,0.73,21319,0.8844,17554,0.0,0.1587,0.1458
2634,39796,915,0.1457,0.2116,0.9418,21530,0.5642,35787,1.22237,0.2735,0.2605
2635,29648,208,0.1578,0.2333,0.6583,13375,0.4255,24206,4.51043,0.2652,0.2594
2636,16838,16,0.028,0.3351,0.7181,10297,0.6127,6783,6.47521,0.0558,0.0512
2637,18806,389,0.1897,0.1559,0.1592,19731,1.079,6461,0.17933,0.28,0.293
2638,32017,879,0.119,0.4165,0.8972,15220,0.5237,30387,3.28965,0.2337,0.217
2639,23267,713,0.0452,0.0261,0.3749,29596,1.3492,3777,4.40661,0.0691,0.0721
2640,16335,250,0.7083,0.0324,0.1423,18398,1.1578,2625,1.12554,0.108,0.1341
2641,25615,6,0.2491,0.0987,0.1604,22131,0.8423,6311,0.0,0.269,0.2882
2642,18759,758,0.7643,0.0133,0.9194,24698,1.3891,9989,1.17035,0.0621,0.0805
2643,33884,536,0.0613,0.0156,0.7056,36588,1.1072,7492,9.05867,0.0698,0.0772
2644,18563,677,0.0582,0.0258,0.3955,24648,1.4164,4286,1.17907,0.0718,0.0794
2645,17001,646,0.0331,0.3195,0.7647,16709,1.0941,8104,2.194,0.0656,0.0603
2646,18615,1016,0.1847,0.2254,0.2238,23949,1.3949,10456,0.70734,0.3306,0.3263
2647,37161,1045,0.0233,0.0156,0.1441,49069,1.4032,855,17.39117,0.0434,0.0421
2648,32570,260,0.0327,0.2847,0.7612,25850,0.8174,9849,1.9,0.0656,0.0603
2649,16305,1015,0.196,0.4654,0.3693,15289,1.0381,18311,3.14067,0.361,0.3499
2650,33905,1050,0.0945,0.2131,0.447,35332,1.1256,11801,8.22133,0.1867,0.1718
2651,23080,1070,0.7768,0.1893,0.718,12574,0.5183,45233,5.42327,0.4175,0.4646
2652,18791,540,0.0772,0.0241,0.5446,22558,1.2529,6267,0.0,0.0736,0.084
2653,25897,440,0.3501,0.029,0.709,25273,0.9727,14617,1.51533,0.1283,0.1521
2654,28753,80,0.8104,0.0457,0.25,26160,0.8907,8217,2.10667,0.2096,0.244
2655,16041,534,0.4897,0.201,0.6578,7691,0.445,26572,8.25157,0.2722,0.2968
2656,32377,296,0.0224,0.3137,0.1254,34445,1.0913,1484,7.64479,0.0444,0.0407
2657,20631,47,0.0371,0.0399,0.4103,18885,0.9075,3434,0.79089,0.0604,0.0606
2658,15424,193,0.0752,0.0731,0.9144,10250,0.6382,12287,6.50327,0.0928,0.0972
2659,33996,946,0.259,0.0289,0.7425,37079,1.1169,19923,9.386,0.1693,0.1981
2660,19271,531,0.1351,0.0376,0.5836,21083,1.1274,10256,0.0,0.1129,0.1297
2661,20880,909,0.4627,0.1432,0.9103,11272,0.5135,39061,6.03606,0.2854,0.3167
2662,27538,333,0.8909,0.0226,0.6576,26775,0.968,11927,2.51667,0.112,0.1349
2663,38547,634,0.1576,0.5379,0.7645,15014,0.4076,34714,3.61176,0.3043,0.2841
2664,17651,749,0.0489,0.0524,0.8506,20291,1.2235,9938,0.0,0.0828,0.083
2665,20300,767,0.0417,0.0972,0.1828,27611,1.4696,2076,3.1527,0.0822,0.0758
2666,37156,938,0.3175,0.0337,0.7177,38681,1.0559,23030,10.454,0.2037,0.2381
2667,31700,866,0.0689,0.0202,0.4372,39243,1.3019,5739,10.8287,0.0885,0.0964
2668,30410,9,0.274,0.123,0.7008,13679,0.3882,24834,4.34028,0.2577,0.2587
2669,35100,966,0.1948,0.2404,0.8564,16998,0.4973,40233,2.65201,0.3336,0.3295
2670,17635,319,0.0557,0.1541,0.2691,17939,1.059,4072,1.38891,0.1086,0.1013
2671,31818,874,0.8252,0.2364,0.3088,26088,0.8093,31393,2.16586,0.7215,0.7442
2672,20293,170,0.3647,0.0147,0.6263,20157,0.9946,5540,0.04842,0.0545,0.0654
2673,27287,156,0.0564,0.0325,0.5703,25081,0.9152,6688,1.38733,0.0819,0.0846
2674,17434,478,0.0578,0.1146,0.5495,16923,1.0204,8135,2.05133,0.1077,0.1033
2675,17625,743,0.914,0.0386,0.3501,23400,1.4023,9780,0.43281,0.1608,0.2079
2676,19739,1133,0.7133,0.0357,0.7468,26269,1.4006,21248,2.20497,0.1663,0.2118
2677,37208,264,0.028,0.0141,0.5814,37974,1.0332,3658,9.98571,0.0445,0.0452
2678,38617,614,0.1397,0.1439,0.3657,35400,0.9419,13116,8.26667,0.2645,0.2507
2679,35925,1075,0.9248,0.0804,0.9241,24286,0.6401,50191,2.79398,0.3573,0.4021
2680,36022,1088,0.1565,0.014,0.9241,43439,1.2581,14495,13.626,0.0963,0.1157
2681,39374,51,0.3789,0.0103,0.8906,36009,0.8954,9575,8.67267,0.0678,0.0798
2682,37685,1016,0.4544,0.0709,0.5262,35924,0.9596,29991,8.632,0.3729,0.4223
2683,22477,672,0.1624,0.0148,0.5445,28319,1.3221,6352,3.54677,0.0702,0.0865
2684,25504,288,0.1529,0.128,0.2998,22191,0.8689,10322,0.0,0.2444,0.2471
2685,18132,22,0.2294,0.0285,0.4002,16186,0.8716,5009,2.54481,0.08,0.0921
2686,33653,1088,0.8764,0.2295,0.7637,12337,0.3331,58056,6.3009,0.5207,0.5594
2687,34532,504,0.1097,0.185,0.8913,19303,0.5641,25535,0.65128,0.2068,0.1962
2688,21211,477,0.0515,0.0337,0.2564,25272,1.2458,2870,1.55009,0.0782,0.0813
2689,37205,25,0.1824,0.028,0.7577,30065,0.7737,14588,4.71,0.1291,0.1418
2690,27929,1011,0.942,0.0796,0.3833,30582,1.1212,22971,5.05467,0.3961,0.4453
2691,38630,613,0.4877,0.1532,0.4455,26608,0.6603,33871,2.58362,0.5211,0.5553
2692,18213,1189,0.0739,0.0151,0.5626,30318,1.829,5843,5.18761,0.0644,0.0776
2693,39835,386,0.0234,0.0292,0.2303,43100,1.1092,1527,13.40827,0.0462,0.0428
2694,30740,189,0.0283,0.2948,0.1661,30949,1.0252,2059,5.31555,0.0558,0.0512
2695,36828,1035,0.046,0.1001,0.6361,41229,1.1989,8310,12.15267,0.0909,0.0836
2696,21122,341,0.0314,0.0186,0.8322,22269,1.0793,5260,0.07789,0.0431,0.0457
2697,39594,862,0.1551,0.0348,0.9393,37610,0.9585,24185,9.74,0.1706,0.1879
2698,18798,649,0.0472,0.0375,0.3756,24186,1.3685,4031,0.84872,0.0751,0.0773
2699,29415,920,0.0669,0.0206,0.3701,38047,1.3703,4824,10.03484,0.0873,0.0948
2700,22748,582,0.124,0.176,0.332,22036,1.012,10254,0.0,0.227,0.2191
2701,22077,325,0.4878,0.1984,0.5546,10209,0.4083,25966,6.60012,0.3316,0.3478
2702,20983,766,0.2398,0.2035,0.7081,11813,0.557,30790,5.51256,0.2969,0.3162
2703,17475,607,0.2088,0.3973,0.9055,3814,0.2189,31579,10.93115,0.2395,0.2519
2704,25615,217,0.039,0.1287,0.4971,22924,0.9149,5559,0.04642,0.0776,0.0714
2705,16806,10,0.6191,0.2167,0.3483,8160,0.4152,14029,7.95021,0.2906,0.2968
2706,37939,1021,0.5159,0.0839,0.4482,36226,0.9608,29131,8.82805,0.4332,0.4794
2707,17663,1163,0.0317,0.0855,0.4357,28176,1.783,3772,3.81499,0.0625,0.0576
2708,20238,19,0.4297,0.0509,0.1258,19134,0.9333,3169,0.64971,0.1625,0.1889
2709,19770,875,0.2543,0.0155,0.3062,29013,1.5838,4011,4.12411,0.0773,0.1002
2710,23780,315,0.3515,0.0467,0.787,18782,0.755,18431,0.812,0.1526,0.1731
2711,33403,912,0.0387,0.3487,0.7618,32520,1.0554,11829,6.34667,0.0762,0.07
2712,22301,366,0.0289,0.0513,0.7782,21850,1.0113,5890,0.01158,0.0549,0.0519
2713,15790,636,0.3889,0.0376,0.1874,21924,1.4832,4477,0.63142,0.1399,0.178
2714,35768,697,0.4636,0.0227,0.2748,41403,1.1968,7387,12.26867,0.1604,0.1972
2715,23098,40,0.0321,0.5314,0.3875,17826,0.777,5752,1.44957,0.0642,0.0589
2716,25785,326,0.6458,0.0419,0.1649,27574,1.0867,5402,3.04998,0.1993,0.2409
2717,15924,308,0.4799,0.0574,0.4473,15201,0.9489,10737,3.19933,0.1504,0.1782
2718,15545,1129,0.4325,0.372,0.438,12171,0.816,32388,5.27695,0.4989,0.5397
2719,20669,43,0.5943,0.0284,0.4215,18377,0.8664,6509,1.082,0.0975,0.1132
2720,28446,631,0.8744,0.0135,0.3203,34437,1.2623,4703,7.62589,0.0859,0.11
2721,27889,384,0.1187,0.0227,0.5601,28729,1.0424,8251,3.81933,0.0953,0.1086
2722,21759,1108,0.0353,0.0433,0.8316,29309,1.4737,7589,4.24566,0.0668,0.0635
2723,23134,472,0.2382,0.2285,0.896,6794,0.2699,32151,8.95169,0.2532,0.2613
2724,15118,34,0.216,0.0175,0.665,13550,0.8723,4533,4.30277,0.0435,0.0506
2725,20404,260,0.4249,0.1474,0.9218,6215,0.2543,25565,9.3095,0.2006,0.2044
2726,17614,59,0.8764,0.0213,0.1411,17730,1.0074,1603,1.58253,0.0696,0.0852
2727,37876,572,0.0407,0.4137,0.8645,28546,0.7989,16197,3.69733,0.081,0.0744
2728,27960,881,0.9671,0.1228,0.2684,28896,1.0498,20892,3.93067,0.5389,0.5765
2729,18712,806,0.2155,0.0631,0.6825,19921,1.0936,19323,0.05267,0.1803,0.2082
2730,34656,41,0.0445,0.0183,0.932,30357,0.8589,7944,4.90467,0.0596,0.0618
2731,31758,1198,0.1639,0.0726,0.1128,43657,1.476,4202,13.78512,0.2644,0.2713
2732,23851,788,0.0795,0.1888,0.9267,16792,0.7579,19755,2.13867,0.1537,0.1446
2733,16733,969,0.1322,0.1537,0.7679,14566,0.9283,22961,3.62267,0.2078,0.2156
2734,33878,358,0.5852,0.0266,0.2053,35979,1.077,5797,8.65269,0.1694,0.2046
2735,16310,982,0.0377,0.1853,0.1018,27047,1.8377,1075,3.28032,0.0746,0.0686
2736,28367,356,0.671,0.4498,0.8733,1921,0.056,38348,12.3227,0.3223,0.32
2737,32890,899,0.3403,0.0629,0.5172,32825,1.0125,23522,6.55,0.2952,0.3348
2738,17708,630,0.0276,0.0233,0.5906,23082,1.388,3698,0.38442,0.0442,0.0454
2739,23023,1003,0.2749,0.0646,0.3784,28641,1.3095,15206,3.7608,0.2525,0.2936
2740,23349,431,0.8482,0.0374,0.5202,23335,1.0019,13371,0.22333,0.1582,0.191
2741,26653,797,0.1747,0.1833,0.9184,13176,0.4973,34465,4.7059,0.2612,0.269
2742,37152,1114,0.1025,0.0326,0.2353,47748,1.3609,5201,16.50013,0.1509,0.1602
2743,27035,895,0.1672,0.0195,0.3743,35270,1.3821,6580,8.18458,0.1062,0.1284
2744,33161,1065,0.0484,0.1417,0.1582,43726,1.4142,2247,13.82822,0.0962,0.0884
2745,19891,613,0.1248,0.0543,0.7649,19493,0.9985,15620,0.338,0.1359,0.1498
2746,31834,179,0.4754,0.1271,0.3829,21756,0.6391,21885,0.20312,0.3942,0.4217
2747,35465,120,0.0211,0.0153,0.1312,36423,1.0355,664,8.96628,0.037,0.0363
2748,23557,117,0.0261,0.5587,0.8477,12875,0.5614,12089,4.77241,0.0518,0.0476
2749,18412,623,0.1802,0.0204,0.8058,22184,1.2535,10143,0.0,0.0752,0.0929
2750,37269,992,0.0686,0.0472,0.7278,40225,1.1305,12568,11.48333,0.1247,0.1213
2751,37501,753,0.0279,0.0339,0.7292,41736,1.1662,5505,12.49078,0.0549,0.0511
2752,36708,382,0.1093,0.0205,0.3558,38486,1.0644,5799,10.32402,0.1062,0.1187
2753,21341,1000,0.3985,0.0484,0.5516,26356,1.2926,18809,2.23733,0.2068,0.2526
2754,23496,113,0.1329,0.1841,0.8816,7875,0.2972,22134,8.19409,0.1827,0.18
2755,37290,827,0.4134,0.4843,0.6459,11379,0.2802,52002,6.56267,0.5573,0.5707
2756,21092,378,0.8038,0.0533,0.3888,20628,0.9761,12243,0.0,0.1954,0.233
2757,37581,759,0.4498,0.0392,0.4747,38953,1.0506,18557,10.63533,0.2471,0.2904
2758,20349,953,0.5308,0.0371,0.8258,23826,1.213,21578,0.55067,0.1571,0.1936
2759,32732,887,0.1473,0.05,0.334,38047,1.2138,10090,10.03133,0.2017,0.2158
2760,27821,863,0.4248,0.1216,0.7873,17376,0.5953,38909,2.30774,0.3329,0.3648
2761,32292,908,0.1947,0.0219,0.1238,42116,1.3813,2755,12.75146,0.1379,0.1658
2762,25278,53,0.0248,0.0101,0.8216,24037,0.9439,3456,0.74139,0.0287,0.0305
2763,27505,126,0.2959,0.028,0.1142,28035,1.0248,2337,3.37874,0.1294,0.1534
2764,35632,61,0.1556,0.246,0.2868,26334,0.7275,11697,2.22267,0.2964,0.2786
2765,19305,8,0.4563,0.0566,0.6017,13135,0.6222,12150,4.58401,0.1352,0.1468
2766,21546,433,0.031,0.0205,0.9109,23296,1.1138,5977,0.19735,0.0453,0.0474
2767,18302,230,0.2002,0.0449,0.8753,14202,0.7433,14066,3.86533,0.1065,0.1191
2768,35190,203,0.1477,0.2116,0.7007,17036,0.4624,25647,2.1299,0.2625,0.2532
2769,17586,329,0.0765,0.5648,0.8537,5311,0.3217,18468,9.87351,0.1463,0.1379
2770,20718,1112,0.9804,0.0112,0.8192,31256,1.6269,9834,5.61086,0.0659,0.0885
2771,33072,434,0.0294,0.1552,0.1718,36539,1.1441,1744,9.03711,0.0585,0.0537
2772,26820,309,0.7747,0.1802,0.5851,11264,0.3618,30825,5.9637,0.3745,0.3881
2773,39660,50,0.387,0.0326,0.2611,36698,0.9102,7961,9.132,0.1949,0.2234
2774,36297,267,0.9434,0.5707,0.3792,18409,0.4053,39343,2.09033,0.7435,0.7612
2775,16477,420,0.1614,0.1082,0.4356,14885,0.9107,12516,3.41,0.1926,0.2084
2776,39557,732,0.022,0.0413,0.7903,43650,1.1566,4874,13.76718,0.0431,0.0396
2777,16736,64,0.3165,0.2764,0.6659,3391,0.1534,17827,11.22155,0.2033,0.1966
2778,37569,703,0.0329,0.0292,0.8164,40498,1.1208,6988,11.66533,0.0625,0.0593
2779,21636,588,0.5934,0.0408,0.5502,22993,1.0812,14837,0.0,0.1648,0.2005
2780,25106,365,0.5509,0.1841,0.4094,15342,0.5684,25045,3.13619,0.4193,0.4498
2781,29293,876,0.1344,0.0101,0.9112,36424,1.3037,9333,8.94934,0.0616,0.076
2782,27601,1071,0.826,0.2155,0.2372,28572,1.0685,24318,3.71467,0.7278,0.75
2783,23465,18,0.5618,0.0101,0.2209,23114,0.9803,1570,0.47247,0.0436,0.0533
2784,15910,1036,0.1807,0.1152,0.6533,17233,1.1426,22454,1.84467,0.2263,0.2496
2785,29135,601,0.441,0.2127,0.7255,11043,0.3409,39754,6.28501,0.3851,0.4026
2786,19097,494,0.1435,0.0433,0.1966,23202,1.2728,4201,0.23237,0.1351,0.1553
2787,26936,455,0.6934,0.0101,0.3152,31275,1.2015,3196,5.52456,0.0595,0.0756
2788,25534,713,0.0533,0.0213,0.5288,31133,1.2804,5739,5.42207,0.0721,0.0772
2789,21031,328,0.0369,0.1435,0.3378,21643,1.0727,3473,0.266,0.0729,0.0671
2790,20791,631,0.0875,0.0719,0.4394,22934,1.155,8749,0.0,0.1408,0.1434
2791,25808,775,0.0728,0.5954,0.4089,24954,1.0561,10193,1.30267,0.1454,0.1336
2792,28752,273,0.0226,0.5019,0.3221,27163,0.9732,4865,2.7779,0.0444,0.0407
2793,23982,766,0.0731,0.0157,0.8284,29599,1.296,8317,4.39933,0.0641,0.0743
2794,25517,993,0.2481,0.2769,0.6981,13289,0.5295,37463,4.69688,0.372,0.3846
2795,17246,330,0.1116,0.021,0.4801,19215,1.1439,4907,0.53583,0.0631,0.075
2796,28200,199,0.0411,0.0543,0.547,25985,0.9317,5677,1.99029,0.0771,0.073
2797,23098,52,0.1463,0.1555,0.3958,15364,0.6304,12197,3.09937,0.222,0.2227
2798,34477,1001,0.0254,0.3986,0.4526,39750,1.24,6739,11.16667,0.0505,0.0464
2799,30994,498,0.5569,0.0909,0.6513,21004,0.6339,30825,0.65155,0.3188,0.35
2800,16151,218,0.048,0.2077,0.4027,13964,0.8924,5258,4.02476,0.0937,0.0866
2801,37896,1018,0.0502,0.0208,0.9349,43654,1.2051,10702,13.76933,0.0803,0.0823
2802,25168,1102,0.3366,0.034,0.6384,31659,1.3207,18289,5.77308,0.1733,0.2123
2803,24071,293,0.3042,0.4548,0.1494,19951,0.8302,10900,0.03267,0.5246,0.5182
2804,22226,1085,0.5666,0.3952,0.1168,28772,1.38,13269,3.85722,0.7986,0.815
2805,25872,1129,0.0707,0.0333,0.6849,33640,1.3886,10803,7.09948,0.1069,0.1129
2806,23461,679,0.0771,0.0388,0.7634,25186,1.1132,11907,1.45733,0.1048,0.1125
2807,29259,1162,0.0336,0.0501,0.8147,36864,1.3654,7300,9.24524,0.0663,0.0615
2808,29961,315,0.0374,0.3501,0.8269,21677,0.7547,12074,0.0,0.0746,0.0686
2809,15283,564,0.1565,0.1735,0.2706,16426,1.1279,9588,2.38267,0.2433,0.2529
2810,27932,497,0.1162,0.1377,0.7614,18306,0.656,21277,1.13884,0.2009,0.1982
2811,30328,528,0.1822,0.0156,0.5766,33468,1.1306,8015,6.97867,0.0863,0.1027
2812,31988,954,0.3629,0.0162,0.6418,39222,1.2809,11886,10.81467,0.1112,0.1387
2813,29918,1084,0.0358,0.2497,0.8803,31918,1.1752,11022,5.94533,0.0716,0.0657
2814,27474,780,0.1378,0.1605,0.7484,19168,0.7148,25056,0.5547,0.2387,0.2368
2815,28290,156,0.0272,0.0408,0.9303,24663,0.8752,6559,1.10867,0.052,0.049
2816,19159,911,0.0665,0.161,0.8323,18010,1.0343,14675,1.32667,0.1293,0.1213
2817,21802,139,0.0563,0.0197,0.8643,19978,0.9041,6864,0.01467,0.0527,0.058
2818,18576,885,0.2353,0.0156,0.8869,25753,1.4745,10606,1.92528,0.0694,0.0887
2819,22036,780,0.1794,0.0155,0.4686,29357,1.4107,6020,4.25404,0.0757,0.0955
2820,18473,1119,0.0594,0.2828,0.3878,25399,1.5502,6686,1.80365,0.1186,0.1089
2821,16837,619,0.0347,0.1796,0.1578,22730,1.4593,1570,0.70666,0.0685,0.063
2822,26574,399,0.2093,0.1926,0.5232,16125,0.5867,22894,2.61079,0.3081,0.3136
2823,36673,1011,0.067,0.0583,0.4765,42477,1.2235,8146,12.98467,0.1273,0.1205
2824,16740,358,0.8431,0.585,0.2092,10136,0.5639,19218,6.59164,0.6447,0.6737
2825,36296,1060,0.0265,0.0107,0.8883,45906,1.3374,5335,15.27134,0.0422,0.0435
2826,39109,664,0.0442,0.026,0.4941,43364,1.1487,5338,13.57618,0.0781,0.0766
2827,22804,1190,0.067,0.0401,0.6764,31181,1.4773,10470,5.48594,0.1068,0.1109
2828,18054,143,0.0461,0.025,0.582,17329,0.96,4545,1.78724,0.0534,0.0573
2829,25043,315,0.0252,0.0645,0.6093,24876,1.026,4256,1.26407,0.0503,0.0464
2830,20371,536,0.1385,0.0169,0.8481,23234,1.1772,9267,0.156,0.0665,0.0802
2831,32607,40,0.1185,0.5334,0.2592,23887,0.7327,9447,0.59133,0.2336,0.2149
2832,27151,528,0.8017,0.0669,0.6784,21164,0.7456,26476,0.15537,0.2539,0.289
2833,18432,488,0.3949,0.1637,0.3873,14520,0.7735,19433,3.65333,0.33,0.3669
2834,17815,626,0.0208,0.0133,0.1504,24968,1.5032,684,1.57904,0.0301,0.032
2835,30663,787,0.0233,0.0692,0.5987,36221,1.2566,3965,8.8166,0.0456,0.0418
2836,25110,836,0.1346,0.1682,0.1777,30333,1.2897,6251,4.88867,0.255,0.2431
2837,32111,1033,0.0488,0.1007,0.6519,36242,1.2164,8807,8.828,0.096,0.0884
2838,36655,717,0.1958,0.0446,0.3972,38803,1.0829,13120,10.53533,0.2179,0.2409
2839,19880,74,0.4766,0.51,0.771,805,0.0281,21931,12.99117,0.2184,0.2065
2840,22606,189,0.0308,0.1154,0.6863,19173,0.8677,5988,0.55133,0.061,0.0563
2841,25897,365,0.0252,0.3434,0.8786,20579,0.8369,9699,0.0,0.0505,0.0464
2842,18028,175,0.1747,0.1842,0.5922,8818,0.4459,17171,7.50262,0.2062,0.2113
2843,27328,543,0.1002,0.1953,0.599,20501,0.7792,15776,0.0,0.1926,0.1816
2844,37578,1188,0.9928,0.0808,0.2344,43804,1.208,18477,13.86933,0.5486,0.5854
2845,34985,1123,0.1057,0.1138,0.7204,32958,0.9993,19615,6.63867,0.2009,0.1906
2846,19305,889,0.0617,0.115,0.8118,19747,1.1146,13073,0.16867,0.1171,0.1114
2847,19213,394,0.4005,0.0703,0.163,21462,1.148,6069,0.0,0.2317,0.2744
2848,37539,860,0.4456,0.0476,0.9143,31601,0.8217,35246,5.83455,0.2506,0.2848
2849,21232,1169,0.0205,0.4468,0.3228,31776,1.6618,3484,5.97953,0.0408,0.0375
2850,32359,649,0.7661,0.0201,0.5557,35804,1.1323,12001,8.536,0.1299,0.1606
2851,30123,508,0.2165,0.2815,0.1833,28530,0.9734,9933,3.68667,0.4029,0.3853
2852,23173,390,0.0202,0.0402,0.5518,25268,1.1343,2983,1.54499,0.039,0.0363
2853,16564,913,0.1359,0.1606,0.2246,22686,1.492,7515,0.6399,0.2392,0.2369
2854,16784,52,0.5198,0.0338,0.867,12275,0.6802,10550,5.15042,0.0808,0.0898
2855,21040,266,0.0213,0.1124,0.7704,19418,0.9583,4901,0.40488,0.042,0.0386
2856,38981,131,0.0513,0.0359,0.5047,36111,0.9241,6142,8.74067,0.0903,0.0883
2857,36897,1032,0.1205,0.0147,0.814,44146,1.2469,12404,14.09733,0.0951,0.1117
2858,24098,72,0.4757,0.0159,0.6837,22054,0.8949,7079,0.0,0.066,0.0768
2859,37268,556,0.706,0.1256,0.5022,24773,0.6233,35789,1.65898,0.4839,0.5249
2860,19241,404,0.2862,0.0397,0.5474,19395,1.0149,11386,0.40333,0.1303,0.1537
2861,31827,790,0.1219,0.0361,0.236,38497,1.2665,5552,10.33144,0.1565,0.1706
2862,29108,644,0.0854,0.309,0.5892,22911,0.8421,14610,0.0,0.1698,0.1563
2863,25640,763,0.0509,0.461,0.6159,23520,1.0061,11293,0.34667,0.1016,0.0933
2864,18123,885,0.2347,0.0132,0.6756,26563,1.5747,7220,2.54569,0.0612,0.0801
2865,32826,654,0.3081,0.1249,0.7489,19213,0.5545,36042,1.36432,0.3323,0.3515
2866,28263,1110,0.7632,0.3042,0.1662,32572,1.1991,19798,6.38133,0.8522,0.8642
2867,19054,1134,0.0215,0.0122,0.799,30629,1.765,3898,5.32158,0.0332,0.0351
2868,31833,709,0.1775,0.0714,0.8263,25385,0.7899,26574,1.59861,0.2193,0.2338
2869,19891,1019,0.02,0.0123,0.5307,30780,1.6892,2407,5.35982,0.0313,0.0327
2870,15090,937,0.1716,0.0418,0.4104,22899,1.6467,9159,1.15573,0.136,0.1656
2871,32840,764,0.0878,0.2174,0.1594,38240,1.2317,3919,10.16236,0.1748,0.1607
2872,18731,699,0.0268,0.3294,0.4556,22773,1.3276,4349,0.1967,0.0531,0.0488
2873,24890,961,0.0546,0.3581,0.6477,25270,1.1292,11217,1.51333,0.109,0.1001
2874,17010,737,0.3017,0.1087,0.7658,13194,0.7633,26273,4.53931,0.2234,0.2525
2875,22394,634,0.0311,0.0858,0.5176,25981,1.2385,4328,1.99511,0.0611,0.0563
2876,15528,550,0.6061,0.0155,0.4495,20634,1.4081,4772,0.38282,0.0603,0.0773
2877,30885,118,0.0289,0.1689,0.5342,27187,0.8915,5124,2.79286,0.0572,0.0525
2878,28585,116,0.0488,0.3399,0.6892,18725,0.6659,11323,0.85755,0.0962,0.0884
2879,18822,756,0.0369,0.5693,0.9424,14528,0.891,13399,3.648,0.0731,0.0671
2880,26759,1084,0.0281,0.065,0.5765,35519,1.4439,4514,8.36124,0.0557,0.0512
2881,31663,1148,0.0231,0.035,0.7039,41505,1.4136,4352,12.3437,0.0452,0.0418
2882,23811,104,0.3491,0.0218,0.6091,21542,0.8843,8176,0.0,0.0847,0.0989
2883,17997,280,0.435,0.0404,0.204,19596,1.1115,4545,0.30984,0.1359,0.1663
2884,22235,667,0.1011,0.021,0.8378,25719,1.2031,10571,1.81267,0.0793,0.0927
2885,39181,39,0.1722,0.0307,0.5917,32996,0.8141,12805,6.664,0.1461,0.1592
2886,36900,210,0.0331,0.1282,0.7463,31767,0.8768,7717,5.84467,0.0656,0.0603
2887,38884,530,0.2781,0.0177,0.7687,39307,1.0155,14479,10.87133,0.1178,0.1394
2888,32427,849,0.0723,0.0129,0.7373,39098,1.2597,8012,10.732,0.0696,0.0795
2889,32811,108,0.1047,0.073,0.7068,23112,0.6758,16006,0.10982,0.1617,0.1621
2890,31417,462,0.3153,0.0283,0.7315,29878,0.9462,16602,4.58533,0.1441,0.1682
2891,16631,736,0.3751,0.3772,0.2347,15544,0.974,17920,2.97067,0.5193,0.5534
2892,29172,608,0.1728,0.0468,0.1656,34211,1.218,4833,7.47501,0.1961,0.2181
2893,19740,70,0.3648,0.0115,0.8959,18270,0.9066,5676,1.15384,0.0397,0.0469
2894,23148,267,0.5079,0.0121,0.7405,23884,1.0393,6591,0.58933,0.0537,0.0661
2895,17006,200,0.1428,0.4029,0.7603,3532,0.1863,20399,11.11138,0.1929,0.191
2896,36589,295,0.4506,0.2513,0.2989,24265,0.6272,25579,0.87971,0.5966,0.617
2897,21103,951,0.3584,0.025,0.1154,31661,1.6218,2684,5.88316,0.1341,0.1729
2898,31306,729,0.1119,0.0169,0.7831,35386,1.1662,10973,8.25733,0.0892,0.1031
2899,29249,641,0.1269,0.1354,0.394,27512,0.9747,12729,3.008,0.2307,0.2236
2900,15503,61,0.2964,0.1222,0.486,9070,0.5266,12420,7.30955,0.1785,0.1883
2901,27684,79,0.8615,0.0169,0.423,26331,0.9399,5724,2.22086,0.0834,0.0993
2902,34126,123,0.0512,0.0179,0.577,32428,0.9463,5577,6.28549,0.0648,0.0688
2903,39190,1101,0.0206,0.0296,0.766,48382,1.3152,4315,16.92234,0.0406,0.0374
2904,32669,778,0.0465,0.2692,0.3578,36265,1.1812,5753,8.84337,0.0927,0.0852
2905,26782,1021,0.0387,0.0222,0.8602,34420,1.3726,7711,7.61718,0.0629,0.0642
2906,28822,705,0.352,0.0177,0.6504,33118,1.1849,11303,6.74533,0.1059,0.129
2907,36432,1198,0.5317,0.126,0.7236,24475,0.6498,49651,2.77995,0.46,0.504
2908,33723,4,0.9211,0.1494,0.4574,16559,0.4216,27514,2.48876,0.4345,0.4453
2909,29255,161,0.0956,0.1553,0.848,15100,0.4958,19994,3.33682,0.1704,0.1641
2910,38418,625,0.9439,0.0162,0.6884,40822,1.0758,14077,11.88133,0.1239,0.1526
2911,36788,279,0.6903,0.311,0.8267,4906,0.0973,43818,10.45067,0.3979,0.3877
2912,38870,205,0.1158,0.0139,0.3973,39033,1.0069,5080,10.68911,0.0822,0.0937
2913,27191,113,0.671,0.282,0.1608,20416,0.7135,14710,0.0,0.6411,0.6703
2914,27033,365,0.3224,0.0377,0.6018,24878,0.9074,14870,1.252,0.1575,0.182
2915,21072,644,0.0363,0.256,0.7545,20407,1.0581,8464,0.0,0.0716,0.0657
2916,19829,504,0.1206,0.0126,0.8575,23245,1.2147,6949,0.16333,0.0492,0.0604
2917,22322,1086,0.1159,0.09,0.3707,29042,1.4035,10375,4.04275,0.1979,0.2
2918,20178,55,0.2111,0.0581,0.6086,14406,0.6629,12084,3.73138,0.1345,0.1452
2919,15956,948,0.0274,0.064,0.631,23394,1.6269,4630,1.13015,0.0539,0.0499
2920,34793,1110,0.1181,0.0194,0.2948,45846,1.3975,5420,15.23425,0.1172,0.1354
2921,32887,620,0.0468,0.1231,0.7249,31034,0.9939,9675,5.356,0.0925,0.0851
2922,39624,773,0.1206,0.0114,0.4756,46429,1.2153,6236,15.61933,0.0806,0.0958
2923,28512,978,0.0428,0.0126,0.393,38738,1.4501,3204,10.50804,0.0537,0.0596
2924,23631,1140,0.0238,0.1189,0.6181,32858,1.5346,4472,6.6203,0.0468,0.043
2925,15486,925,0.0511,0.1048,0.8056,18409,1.3114,10656,1.06135,0.0974,0.0925
2926,38161,534,0.7175,0.0308,0.1929,41866,1.1215,6996,12.57733,0.2228,0.2726
2927,20980,124,0.134,0.2523,0.562,9816,0.4386,16705,6.84501,0.2159,0.2125
2928,36510,805,0.554,0.0656,0.8655,26899,0.7033,39155,2.9961,0.2989,0.334
2929,19203,362,0.6748,0.0156,0.6256,21228,1.1282,6589,0.0,0.0619,0.0778
2930,21328,560,0.0955,0.0229,0.7544,24061,1.1658,9337,0.70733,0.0791,0.0917
2931,21982,379,0.2932,0.0449,0.9263,17425,0.7637,19178,1.71667,0.1356,0.1532
2932,34517,3,0.0634,0.1179,0.6411,24659,0.703,11047,1.106,0.1238,0.1154
2933,21778,811,0.2091,0.0312,0.8861,24453,1.1587,17455,0.96867,0.1223,0.1453
2934,37450,489,0.3231,0.5406,0.7087,8269,0.195,46067,8.30146,0.4579,0.4559
2935,31702,890,0.0299,0.0336,0.2621,40720,1.364,2047,11.82259,0.0584,0.0547
2936,30752,858,0.0926,0.0204,0.7943,35735,1.2092,11633,8.49,0.0955,0.1081
2937,38225,23,0.5883,0.3164,0.2309,25365,0.6067,23015,1.60707,0.6941,0.7176
2938,32174,308,0.0346,0.584,0.7718,20303,0.6598,15567,0.13415,0.0686,0.063
2939,17702,105,0.6119,0.0294,0.8727,14145,0.7597,10595,3.90333,0.0788,0.09
2940,35383,1029,0.0962,0.5908,0.6957,25215,0.7947,22804,1.47667,0.1921,0.1764
2941,34044,2,0.7351,0.014,0.3549,32157,0.9312,4749,6.10609,0.0829,0.0994
2942,31831,90,0.3098,0.3791,0.2333,20781,0.6223,16830,0.25894,0.5186,0.5112
2943,21266,1123,0.4971,0.0127,0.1407,34182,1.7575,2023,7.62059,0.0791,0.1068
2944,32146,53,0.7933,0.4446,0.7402,2229,0.0398,33547,12.08352,0.3539,0.3305
2945,16134,1147,0.5205,0.0125,0.5239,28274,1.9321,6242,4.09894,0.064,0.0875
2946,17342,804,0.1781,0.5768,0.5635,8884,0.559,25159,7.42556,0.3147,0.3117
2947,21024,578,0.0364,0.0988,0.6653,22038,1.1184,6541,0.0,0.071,0.0656
2948,28936,930,0.0727,0.018,0.3466,38098,1.3969,4427,10.07187,0.0842,0.0939
2949,23753,507,0.0316,0.202,0.4181,25618,1.142,4237,1.75517,0.0627,0.0576
2950,16932,305,0.4546,0.1143,0.7812,8612,0.4548,21176,7.63588,0.1865,0.2001
2951,39426,961,0.2748,0.0272,0.3709,46404,1.2222,11317,15.60267,0.1898,0.2254
2952,33647,1197,0.2542,0.3477,0.7958,14071,0.4313,48199,4.73174,0.4228,0.4252
2953,23824,319,0.0413,0.2412,0.5327,20882,0.9141,6864,0.0,0.0826,0.0759
2954,32849,1183,0.2516,0.0706,0.2671,40741,1.3081,12996,11.82736,0.321,0.3523
2955,17845,923,0.1309,0.2901,0.299,20827,1.2796,10185,0.0,0.2514,0.2371
2956,18343,201,0.2656,0.5682,0.6573,2348,0.1095,23219,11.93149,0.2552,0.2529
2957,18558,1063,0.1566,0.2673,0.7819,12025,0.6985,29242,5.33539,0.2632,0.2669
2958,37875,1078,0.5704,0.322,0.6737,14375,0.3473,58749,5.29767,0.6048,0.6369
2959,31704,648,0.95,0.014,0.6244,35980,1.1669,9798,8.65333,0.0928,0.1165
2960,29020,526,0.6675,0.0277,0.5005,30591,1.0682,12573,5.06067,0.1516,0.185
2961,23808,915,0.9876,0.0222,0.6211,30415,1.3417,13315,4.94529,0.1238,0.1592
2962,28846,729,0.2926,0.027,0.7561,30884,1.0915,16867,5.256,0.1385,0.1656
2963,27915,270,0.3963,0.2241,0.1108,26159,0.9373,8665,2.106,0.5486,0.5747
2964,29164,779,0.1938,0.0261,0.904,30839,1.0782,18198,5.226,0.1269,0.1484
2965,32586,5,0.0314,0.0302,0.2946,30906,0.9448,2264,5.28532,0.0573,0.0551
2966,29077,80,0.0989,0.0181,0.7342,26208,0.883,7963,2.13867,0.0715,0.0803
2967,19561,228,0.4798,0.4741,0.2611,10176,0.4787,19223,6.59074,0.5136,0.5345
2968,37604,81,0.6856,0.0423,0.3524,32712,0.8439,13066,6.47467,0.2394,0.2737
2969,29729,592,0.8416,0.1541,0.8474,10698,0.3144,41904,6.57833,0.3491,0.3666
2970,28021,290,0.096,0.2114,0.8597,13684,0.484,21279,4.27176,0.1777,0.169
2971,29594,95,0.3292,0.343,0.3675,13863,0.4251,23521,4.1927,0.4603,0.4598
2972,24087,522,0.1371,0.118,0.3956,22330,0.948,12444,0.0,0.2212,0.2237
2973,19160,427,0.075,0.0164,0.6116,22042,1.1898,5353,0.06811,0.055,0.0642
2974,39989,537,0.197,0.2995,0.9165,12512,0.2987,43087,5.50767,0.3332,0.3261
2975,32872,862,0.105,0.0156,0.7056,39073,1.2372,9791,10.71533,0.088,0.1021
2976,25865,125,0.4355,0.1011,0.463,17202,0.6135,18766,1.88749,0.2775,0.2981
2977,26218,340,0.0574,0.1797,0.4478,23365,0.9225,7320,0.24333,0.1143,0.1053
2978,38611,706,0.1475,0.1598,0.3406,36262,0.973,13190,8.84133,0.2815,0.2657
2979,25600,1021,0.5318,0.0286,0.6947,31381,1.2787,18388,5.58733,0.157,0.196
2980,37733,596,0.8905,0.0195,0.4992,40361,1.0874,12088,11.574,0.1448,0.1785
2981,19614,483,0.0549,0.0541,0.1778,23814,1.2774,2403,0.6617,0.0942,0.0941
2982,35705,836,0.5193,0.0976,0.5897,27411,0.749,35977,3.15953,0.4068,0.4504
2983,29837,459,0.1937,0.553,0.8383,5470,0.1762,37622,9.93202,0.308,0.3048
2984,18460,469,0.1873,0.0604,0.8375,15346,0.8137,18008,3.10267,0.1422,0.1591
2985,33228,635,0.0362,0.2036,0.2464,37842,1.1962,3007,9.89968,0.0716,0.0657
2986,29736,74,0.067,0.2228,0.3315,24477,0.8269,6350,0.98467,0.1324,0.1218
2987,29717,532,0.167,0.0272,0.4373,32119,1.1068,9014,6.07933,0.1284,0.1495
2988,33942,219,0.2475,0.0123,0.2663,35220,1.0477,3329,8.15152,0.0773,0.0925
2989,37668,141,0.7269,0.4274,0.1985,28211,0.6974,22807,3.47401,0.8194,0.8341
2990,18349,777,0.0416,0.0217,0.6739,24830,1.4489,5683,1.31746,0.0561,0.0607
2991,32009,607,0.2778,0.4514,0.3737,19758,0.6158,26145,0.34537,0.4967,0.4839
2992,39494,966,0.168,0.0347,0.9015,38874,0.9992,24624,10.58267,0.1795,0.1987
2993,30939,387,0.0423,0.0959,0.7831,27089,0.904,9163,2.726,0.0836,0.0773
2994,31914,1048,0.9312,0.0759,0.9408,22890,0.6823,46042,2.21573,0.3184,0.3633
2995,17989,1107,0.0903,0.2776,0.5563,19394,1.2225,13643,0.404,0.1781,0.1649
2996,26308,645,0.1079,0.1829,0.2591,27880,1.1171,7301,3.25333,0.2099,0.1965
2997,35538,650,0.0413,0.2859,0.2075,40087,1.1828,3252,11.39501,0.0826,0.0759
2998,31181,476,0.1302,0.0232,0.4918,33038,1.0794,8438,6.692,0.1098,0.1257
2999,22517,788,0.1094,0.0551,0.666,24449,1.129,14396,0.966,0.1467,0.1581
