scenario,year,state,population,share_white,share_black,share_native,share_asian_pacific,share_two_or_more,share_hispanic,white_alone_or_mixed,white_incl_hispanic_white
low,2025,Alabama,5193088,62.47,25.38,0.48,1.78,3.42,6.47,65.69,70.88
low,2025,Alaska,737270,56.76,2.94,14.69,8.18,9.19,8.24,65.09,71.49
low,2025,Arizona,7623818,51.21,4.96,3.58,4.37,3.36,32.53,54.31,83.32
low,2025,Arkansas,3114791,67.58,14.72,0.74,2.67,4.31,9.97,71.72,80.26
low,2025,California,39355309,32.53,5.3,0.4,16.86,3.74,41.18,35.88,70.57
low,2025,Colorado,6012561,63.09,4.18,0.59,4.23,3.81,24.1,66.7,88.01
low,2025,Connecticut,3688496,60.89,10.81,0.19,5.37,2.85,19.89,63.52,79.11
low,2025,Delaware,1059952,56.55,22.45,0.26,4.96,3.85,11.92,59.99,69.32
low,2025,District of Columbia,693645,37.65,39.63,0.19,5.63,3.97,12.93,40.97,50.54
low,2025,Florida,23462518,49.86,14.54,0.21,3.37,2.82,29.19,52.44,78.88
low,2025,Georgia,11302748,47.85,31.07,0.2,5.37,3.35,12.15,50.85,60.52
low,2025,Hawaii,1432820,21.47,1.76,0.19,45.99,19.98,10.61,36.53,44.04
low,2025,Idaho,2029733,77.84,0.95,0.97,1.97,3.5,14.77,81.25,94.53
low,2025,Illinois,12719141,56.71,13.67,0.14,6.77,2.85,19.86,59.37,76.12
low,2025,Indiana,6973333,73.46,10.05,0.2,3.15,3.52,9.62,76.83,85.16
low,2025,Iowa,3238387,81.03,4.62,0.3,2.97,2.96,8.12,83.87,91.06
low,2025,Kansas,2977220,71.15,5.63,0.76,3.38,4.49,14.58,75.43,88.53
low,2025,Kentucky,4606864,79.59,8.27,0.19,2.22,3.65,6.08,83.1,88.34
low,2025,Louisiana,4618189,54.74,31.2,0.58,2.07,2.94,8.46,57.44,64.22
low,2025,Maine,1414874,89.26,2.71,0.54,1.57,3.15,2.75,92.36,94.76
low,2025,Maryland,6265347,45.28,29.36,0.2,7.41,3.97,13.79,48.76,58.96
low,2025,Massachusetts,7154084,66.31,7.85,0.15,8.32,2.89,14.47,69.02,80.03
low,2025,Michigan,10127884,71.93,13.43,0.49,3.97,3.81,6.37,75.54,81.06
low,2025,Minnesota,5830405,74.3,7.96,1.02,5.87,3.61,7.24,77.71,83.8
low,2025,Mississippi,2954160,54.72,36.2,0.5,1.39,2.58,4.61,57.09,60.72
low,2025,Missouri,6270541,75.41,11.16,0.41,2.7,4.4,5.92,79.61,84.74
low,2025,Montana,1144694,83.21,0.57,5.79,1.04,4.13,5.26,87.22,91.68
low,2025,Nebraska,2018006,73.27,5.1,0.79,3.12,3.33,14.4,76.43,88.62
low,2025,Nevada,3282188,42.32,9.84,0.74,10.64,5.22,31.23,46.87,73.39
low,2025,New Hampshire,1415342,86.92,1.65,0.18,3.05,2.89,5.31,89.74,94.32
low,2025,New Jersey,9548215,49.58,12.6,0.13,11.34,2.34,24.01,51.65,70.21
low,2025,New Mexico,2125498,35.15,2.02,9.0,1.97,2.43,49.42,37.38,82.9
low,2025,New York,20002427,51.53,13.79,0.31,10.65,2.74,20.98,53.91,68.24
low,2025,North Carolina,11197968,58.68,19.95,0.96,4.13,3.64,12.64,61.98,71.95
low,2025,North Dakota,799358,79.7,3.97,4.82,2.24,3.57,5.71,83.1,87.81
low,2025,Ohio,11900510,74.53,12.8,0.17,3.11,3.92,5.47,78.26,82.8
low,2025,Oklahoma,4123288,58.74,7.24,7.87,2.94,9.22,13.99,67.38,78.99
low,2025,Oregon,4273586,69.79,2.12,1.01,5.66,5.26,16.17,74.83,88.62
low,2025,Pennsylvania,13059432,71.83,10.62,0.13,4.54,2.96,9.92,74.6,82.07
low,2025,Rhode Island,1114521,66.47,6.54,0.34,3.85,3.11,19.69,69.29,83.45
low,2025,South Carolina,5570274,61.91,23.65,0.33,2.21,3.41,8.49,65.07,72.05
low,2025,South Dakota,935094,78.03,2.39,8.03,1.89,3.56,6.11,81.41,86.2
low,2025,Tennessee,7315076,69.97,15.16,0.25,2.4,3.59,8.63,73.39,80.67
low,2025,Texas,31709821,37.26,12.27,0.3,6.6,2.69,40.89,39.74,77.45
low,2025,Utah,3538904,72.91,1.3,0.85,3.98,3.34,17.62,76.08,91.72
low,2025,Vermont,644663,89.41,1.69,0.31,2.17,3.58,2.84,92.92,95.43
low,2025,Virginia,8880107,56.98,18.31,0.24,7.94,4.5,12.03,61.11,70.83
low,2025,Washington,8001020,60.82,4.2,1.16,12.36,5.97,15.5,66.35,79.47
low,2025,West Virginia,1766147,88.72,3.87,0.2,0.98,3.65,2.59,92.29,94.54
low,2025,Wisconsin,5972787,77.67,6.28,0.83,3.45,2.99,8.79,80.53,88.18
low,2025,Wyoming,588753,81.16,0.92,2.0,1.23,3.22,11.47,84.3,94.38
low,2025,United States,341784857,56.11,12.26,0.69,6.85,3.57,20.52,59.39,76.81
low,2030,Alabama,5209905,61.47,25.26,0.48,1.91,3.68,7.2,64.94,70.71
low,2030,Alaska,719294,54.41,2.91,14.76,9.08,9.65,9.18,63.16,70.3
low,2030,Arizona,8134173,49.54,5.36,3.44,4.58,3.54,33.54,52.8,82.78
low,2030,Arkansas,3138773,66.05,14.63,0.78,3.02,4.57,10.95,70.44,79.83
low,2030,California,39293004,30.42,5.22,0.38,17.91,3.95,42.13,33.95,69.49
low,2030,Colorado,6314994,61.38,4.32,0.59,4.57,4.0,25.14,65.17,87.41
low,2030,Connecticut,3642873,57.57,11.31,0.19,5.69,3.02,22.22,60.34,77.8
low,2030,Delaware,1093093,54.35,23.12,0.25,5.21,4.11,12.96,58.0,68.17
low,2030,District of Columbia,721211,38.9,37.41,0.18,5.91,4.08,13.53,42.31,52.3
low,2030,Florida,24814186,47.84,14.46,0.21,3.53,2.93,31.04,50.51,78.66
low,2030,Georgia,11729053,45.63,31.66,0.2,5.88,3.61,13.02,48.86,59.24
low,2030,Hawaii,1392404,20.59,1.86,0.2,45.77,20.47,11.12,35.96,43.83
low,2030,Idaho,2193712,76.44,1.04,0.93,2.11,3.66,15.82,80.01,94.23
low,2030,Illinois,12280481,55.03,13.53,0.14,7.35,3.1,20.85,57.92,75.52
low,2030,Indiana,7061538,71.16,10.5,0.21,3.64,3.82,10.67,74.82,84.06
low,2030,Iowa,3253706,78.68,5.31,0.31,3.35,3.25,9.09,81.79,89.85
low,2030,Kansas,2950822,69.67,5.55,0.75,3.6,4.73,15.71,74.17,88.28
low,2030,Kentucky,4614495,77.95,8.58,0.2,2.47,3.96,6.84,81.78,87.67
low,2030,Louisiana,4544030,53.47,31.4,0.6,2.16,3.16,9.21,56.37,63.78
low,2030,Maine,1414827,88.03,3.17,0.55,1.73,3.34,3.18,91.31,94.08
low,2030,Maryland,6275522,42.73,29.58,0.2,7.8,4.23,15.46,46.44,57.9
low,2030,Massachusetts,7196063,63.0,8.44,0.15,9.19,3.13,16.1,65.92,78.19
low,2030,Michigan,10027543,70.73,13.29,0.5,4.35,4.11,7.02,74.63,80.71
low,2030,Minnesota,5940347,71.69,9.12,1.0,6.36,3.89,7.94,75.37,82.05
low,2030,Mississippi,2893675,53.85,36.24,0.53,1.47,2.8,5.11,56.42,60.45
low,2030,Missouri,6280163,74.21,11.09,0.42,2.98,4.72,6.58,78.71,84.43
low,2030,Montana,1178365,82.25,0.6,5.59,1.2,4.37,6.0,86.48,91.58
low,2030,Nebraska,2050491,70.75,5.33,0.8,3.51,3.65,15.96,74.22,87.75
low,2030,Nevada,3516336,39.05,10.73,0.71,11.25,5.53,32.72,43.87,71.7
low,2030,New Hampshire,1425896,85.29,1.96,0.18,3.29,3.04,6.24,88.26,93.64
low,2030,New Jersey,9505345,47.14,12.54,0.14,12.01,2.49,25.69,49.33,69.25
low,2030,New Mexico,2105829,33.43,2.17,9.0,2.12,2.54,50.73,35.77,82.57
low,2030,New York,19443507,50.13,13.59,0.31,11.29,2.94,21.75,52.66,67.55
low,2030,North Carolina,11685627,57.03,19.81,0.93,4.6,3.94,13.69,60.6,71.43
low,2030,North Dakota,804722,76.97,4.95,4.76,2.55,3.94,6.83,80.73,86.37
low,2030,Ohio,11853729,72.58,13.16,0.17,3.56,4.28,6.25,76.65,81.84
low,2030,Oklahoma,4157187,56.51,7.27,7.81,3.13,9.65,15.64,65.54,78.55
low,2030,Oregon,4435540,67.28,2.25,0.98,6.23,5.54,17.72,72.6,87.73
low,2030,Pennsylvania,12942573,69.41,10.73,0.13,5.01,3.23,11.49,72.42,81.1
low,2030,Rhode Island,1104402,63.44,6.89,0.33,3.87,3.32,22.15,66.44,82.41
low,2030,South Carolina,5839865,61.33,22.87,0.33,2.47,3.68,9.31,64.74,72.41
low,2030,South Dakota,964168,76.08,2.98,7.62,2.29,3.85,7.18,79.74,85.39
low,2030,Tennessee,7563159,68.71,14.98,0.26,2.6,3.83,9.62,72.36,80.48
low,2030,Texas,33434247,35.26,12.68,0.3,7.09,2.83,41.84,37.87,76.49
low,2030,Utah,3781012,70.98,1.45,0.82,4.32,3.61,18.81,74.41,91.12
low,2030,Vermont,631920,88.31,1.9,0.32,2.49,3.74,3.25,91.98,94.85
low,2030,Virginia,9005522,54.86,18.25,0.24,8.53,4.88,13.24,59.32,70.04
low,2030,Washington,8450110,57.7,4.49,1.09,13.67,6.26,16.79,63.5,77.73
low,2030,West Virginia,1692257,87.78,3.94,0.2,1.02,4.03,3.03,91.72,94.36
low,2030,Wisconsin,5963300,76.08,6.35,0.83,3.79,3.26,9.69,79.2,87.65
low,2030,Wyoming,576228,79.96,0.89,1.99,1.37,3.46,12.33,83.32,94.18
low,2030,United States,347241226,54.09,12.38,0.68,7.31,3.8,21.73,57.59,76.07
low,2035,Alabama,5197481,60.45,25.09,0.49,2.04,3.94,8.0,64.15,70.58
low,2035,Alaska,698235,51.98,2.89,14.85,10.04,10.08,10.16,61.13,69.03
low,2035,Arizona,8600656,47.79,5.75,3.32,4.79,3.72,34.63,51.22,82.22
low,2035,Arkansas,3147093,64.47,14.5,0.82,3.38,4.81,12.02,69.09,79.41
low,2035,California,39024505,28.36,5.13,0.36,18.95,4.15,43.05,32.07,68.41
low,2035,Colorado,6588538,59.68,4.47,0.59,4.89,4.19,26.19,63.64,86.83
low,2035,Connecticut,3586864,54.16,11.79,0.19,6.01,3.18,24.67,57.07,76.5
low,2035,Delaware,1116297,52.0,23.82,0.25,5.47,4.37,14.09,55.88,66.96
low,2035,District of Columbia,746593,39.99,35.45,0.17,6.12,4.19,14.07,43.48,53.86
low,2035,Florida,26018596,45.82,14.39,0.21,3.68,3.04,32.87,48.58,78.43
low,2035,Georgia,12102977,43.46,32.19,0.21,6.37,3.85,13.93,46.9,58.02
low,2035,Hawaii,1344685,19.74,1.96,0.2,45.44,20.95,11.7,35.43,43.69
low,2035,Idaho,2349799,75.04,1.14,0.89,2.23,3.81,16.88,78.76,93.95
low,2035,Illinois,11784214,53.28,13.37,0.15,7.96,3.35,21.88,56.4,74.88
low,2035,Indiana,7117944,68.77,10.96,0.21,4.14,4.12,11.79,72.71,82.94
low,2035,Iowa,3255837,76.18,6.07,0.33,3.75,3.53,10.14,79.56,88.55
low,2035,Kansas,2905517,68.09,5.47,0.73,3.82,4.96,16.93,72.8,88.03
low,2035,Kentucky,4598243,76.23,8.89,0.2,2.72,4.28,7.68,80.36,86.98
low,2035,Louisiana,4439545,52.14,31.57,0.61,2.26,3.38,10.05,55.23,63.34
low,2035,Maine,1404451,86.71,3.66,0.56,1.9,3.53,3.64,90.17,93.35
low,2035,Maryland,6258699,40.19,29.7,0.2,8.18,4.48,17.25,44.1,56.92
low,2035,Massachusetts,7211452,59.6,9.02,0.15,10.06,3.36,17.8,62.73,76.31
low,2035,Michigan,9871557,69.45,13.16,0.5,4.76,4.41,7.72,73.63,80.33
low,2035,Minnesota,6022052,68.97,10.35,0.97,6.86,4.17,8.68,72.9,80.22
low,2035,Mississippi,2814443,52.97,36.23,0.55,1.56,3.01,5.68,55.74,60.22
low,2035,Missouri,6254723,72.94,11.02,0.43,3.27,5.04,7.31,77.75,84.1
low,2035,Montana,1204315,81.21,0.64,5.43,1.35,4.6,6.78,85.66,91.44
low,2035,Nebraska,2074024,68.12,5.57,0.8,3.91,3.97,17.63,71.88,86.85
low,2035,Nevada,3739301,35.96,11.57,0.68,11.76,5.82,34.21,41.02,70.16
low,2035,New Hampshire,1426282,83.55,2.28,0.18,3.53,3.19,7.26,86.67,92.93
low,2035,New Jersey,9423089,44.71,12.45,0.14,12.65,2.63,27.42,47.02,68.33
low,2035,New Mexico,2068389,31.57,2.32,9.02,2.28,2.65,52.15,34.02,82.18
low,2035,New York,18779369,48.72,13.38,0.31,11.94,3.14,22.53,51.42,66.87
low,2035,North Carolina,12117215,55.35,19.66,0.91,5.05,4.23,14.8,59.18,70.92
low,2035,North Dakota,807923,74.02,6.02,4.69,2.89,4.28,8.09,78.11,84.79
low,2035,Ohio,11750324,70.5,13.53,0.18,4.03,4.65,7.11,74.92,80.82
low,2035,Oklahoma,4172929,54.19,7.28,7.75,3.31,10.06,17.41,63.61,78.12
low,2035,Oregon,4575856,64.75,2.37,0.96,6.78,5.82,19.32,70.33,86.85
low,2035,Pennsylvania,12769419,66.82,10.83,0.14,5.5,3.49,13.22,70.08,80.07
low,2035,Rhode Island,1089835,60.25,7.25,0.32,3.89,3.52,24.77,63.42,81.34
low,2035,South Carolina,6072016,60.66,22.14,0.33,2.73,3.96,10.18,64.33,72.72
low,2035,South Dakota,989208,73.94,3.61,7.26,2.71,4.14,8.35,77.88,84.46
low,2035,Tennessee,7778690,67.42,14.8,0.27,2.79,4.07,10.65,71.3,80.3
low,2035,Texas,35051187,33.35,13.07,0.3,7.55,2.95,42.78,36.07,75.59
low,2035,Utah,4015371,69.1,1.6,0.79,4.64,3.87,20.0,72.77,90.55
low,2035,Vermont,614818,87.11,2.12,0.32,2.83,3.91,3.7,90.95,94.23
low,2035,Virginia,9084929,52.7,18.16,0.24,9.13,5.26,14.52,57.5,69.28
low,2035,Washington,8873750,54.66,4.76,1.04,14.9,6.55,18.08,60.73,76.08
low,2035,West Virginia,1608942,86.75,4.02,0.21,1.06,4.42,3.54,91.07,94.16
low,2035,Wisconsin,5914521,74.37,6.43,0.83,4.15,3.53,10.69,77.74,87.08
low,2035,Wyoming,558431,78.68,0.86,1.99,1.51,3.7,13.25,82.28,93.96
low,2035,United States,351021130,52.05,12.5,0.67,7.77,4.03,22.99,55.75,75.33
low,2040,Alabama,5164658,59.4,24.86,0.49,2.16,4.2,8.89,63.34,70.5
low,2040,Alaska,674697,49.44,2.87,14.91,11.05,10.46,11.26,58.94,67.7
low,2040,Arizona,9024197,46.06,6.13,3.2,4.97,3.89,35.75,49.64,81.69
low,2040,Arkansas,3144215,62.87,14.33,0.86,3.75,5.04,13.15,67.71,79.01
low,2040,California,38556899,26.39,5.04,0.34,19.99,4.35,43.9,30.27,67.36
low,2040,Colorado,6837272,57.98,4.61,0.58,5.2,4.36,27.26,62.1,86.26
low,2040,Connecticut,3522458,50.66,12.24,0.19,6.32,3.33,27.26,53.7,75.22
low,2040,Delaware,1130189,49.55,24.53,0.24,5.73,4.63,15.32,53.65,65.73
low,2040,District of Columbia,769870,40.98,33.7,0.16,6.29,4.29,14.58,44.55,55.29
low,2040,Florida,27076815,43.85,14.32,0.2,3.82,3.14,34.67,46.71,78.24
low,2040,Georgia,12431468,41.36,32.64,0.21,6.84,4.09,14.86,45.01,56.91
low,2040,Hawaii,1291305,18.99,2.06,0.2,45.02,21.41,12.32,34.96,43.63
low,2040,Idaho,2498506,73.63,1.23,0.86,2.34,3.95,17.98,77.48,93.67
low,2040,Illinois,11238880,51.48,13.2,0.15,8.61,3.61,22.95,54.83,74.22
low,2040,Indiana,7150935,66.3,11.43,0.21,4.65,4.41,12.99,70.52,81.79
low,2040,Iowa,3247887,73.53,6.89,0.34,4.15,3.81,11.27,77.18,87.19
low,2040,Kansas,2846151,66.43,5.39,0.71,4.05,5.18,18.24,71.35,87.76
low,2040,Kentucky,4565602,74.44,9.2,0.2,2.98,4.59,8.59,78.86,86.28
low,2040,Louisiana,4312353,50.77,31.7,0.62,2.35,3.58,10.98,54.05,62.93
low,2040,Maine,1385911,85.29,4.21,0.57,2.06,3.72,4.15,88.94,92.57
low,2040,Maryland,6218343,37.65,29.72,0.2,8.53,4.72,19.17,41.77,56.04
low,2040,Massachusetts,7207219,56.14,9.62,0.15,10.94,3.58,19.57,59.47,74.43
low,2040,Michigan,9663161,68.09,13.02,0.49,5.18,4.72,8.49,72.56,79.93
low,2040,Minnesota,6077539,66.14,11.65,0.95,7.35,4.43,9.47,70.32,78.32
low,2040,Mississippi,2723299,52.11,36.14,0.57,1.65,3.22,6.3,55.07,60.05
low,2040,Missouri,6200270,71.61,10.93,0.44,3.56,5.35,8.11,76.72,83.77
low,2040,Montana,1224422,80.12,0.67,5.26,1.51,4.82,7.63,84.79,91.3
low,2040,Nebraska,2090411,65.36,5.81,0.81,4.32,4.27,19.43,69.41,85.93
low,2040,Nevada,3952596,33.11,12.35,0.65,12.17,6.08,35.64,38.39,68.79
low,2040,New Hampshire,1418253,81.7,2.63,0.18,3.78,3.35,8.36,84.97,92.19
low,2040,New Jersey,9304183,42.3,12.33,0.14,13.27,2.77,29.19,44.72,67.45
low,2040,New Mexico,2017499,29.66,2.49,9.02,2.44,2.77,53.62,32.2,81.79
low,2040,New York,18034260,47.32,13.13,0.31,12.6,3.33,23.31,50.18,66.2
low,2040,North Carolina,12503305,53.66,19.49,0.88,5.5,4.51,15.97,57.73,70.43
low,2040,North Dakota,808516,70.86,7.2,4.6,3.24,4.61,9.5,75.24,83.1
low,2040,Ohio,11602119,68.32,13.9,0.18,4.53,5.01,8.05,73.08,79.77
low,2040,Oklahoma,4175816,51.79,7.26,7.69,3.49,10.45,19.33,61.57,77.72
low,2040,Oregon,4702836,62.23,2.5,0.93,7.31,6.07,20.97,68.04,86.01
low,2040,Pennsylvania,12548658,64.09,10.9,0.14,6.0,3.75,15.11,67.58,79.03
low,2040,Rhode Island,1071964,56.92,7.6,0.31,3.9,3.71,27.56,60.26,80.25
low,2040,South Carolina,6273943,59.94,21.43,0.33,2.98,4.22,11.09,63.85,73.01
low,2040,South Dakota,1010957,71.62,4.28,6.89,3.15,4.41,9.64,75.82,83.43
low,2040,Tennessee,7971331,66.13,14.58,0.28,2.97,4.29,11.75,70.21,80.16
low,2040,Texas,36559854,31.53,13.44,0.3,7.97,3.07,43.69,34.37,74.74
low,2040,Utah,4241490,67.23,1.74,0.75,4.93,4.11,21.23,71.13,90.01
low,2040,Vermont,594436,85.82,2.36,0.32,3.21,4.08,4.21,89.82,93.55
low,2040,Virginia,9124979,50.54,18.01,0.24,9.71,5.63,15.87,55.67,68.56
low,2040,Washington,9278467,51.74,5.02,0.98,16.05,6.81,19.41,58.05,74.54
low,2040,West Virginia,1521552,85.65,4.09,0.22,1.09,4.82,4.13,90.36,93.97
low,2040,Wisconsin,5831483,72.53,6.51,0.83,4.53,3.81,11.8,76.17,86.48
low,2040,Wyoming,536811,77.25,0.84,1.99,1.66,3.95,14.3,81.08,93.7
low,2040,United States,353360242,50.0,12.6,0.67,8.21,4.25,24.27,53.9,74.62
low,2045,Alabama,5119706,58.35,24.57,0.49,2.28,4.44,9.87,62.52,70.47
low,2045,Alaska,650333,46.79,2.85,14.94,12.11,10.8,12.5,56.6,66.33
low,2045,Arizona,9410557,44.38,6.49,3.09,5.14,4.05,36.85,48.11,81.19
low,2045,Arkansas,3134974,61.26,14.14,0.89,4.14,5.25,14.32,66.31,78.62
low,2045,California,37928776,24.57,4.93,0.32,21.01,4.53,44.63,28.61,66.35
low,2045,Colorado,7067708,56.35,4.74,0.58,5.49,4.52,28.32,60.62,85.73
low,2045,Connecticut,3453420,47.11,12.65,0.19,6.6,3.47,29.97,50.28,73.99
low,2045,Delaware,1137253,47.03,25.21,0.23,5.99,4.9,16.65,51.35,64.51
low,2045,District of Columbia,791438,41.87,32.11,0.15,6.44,4.38,15.05,45.52,56.61
low,2045,Florida,28005382,41.97,14.24,0.2,3.94,3.24,36.41,44.91,78.07
low,2045,Georgia,12723243,39.37,33.02,0.21,7.28,4.31,15.81,43.22,55.89
low,2045,Hawaii,1235534,18.39,2.18,0.2,44.46,21.81,12.96,34.61,43.72
low,2045,Idaho,2642353,72.24,1.33,0.82,2.44,4.08,19.09,76.21,93.41
low,2045,Illinois,10666666,49.67,13.01,0.15,9.29,3.85,24.02,53.25,73.54
low,2045,Indiana,7172477,63.79,11.9,0.21,5.16,4.69,14.24,68.27,80.64
low,2045,Iowa,3237359,70.81,7.76,0.35,4.55,4.08,12.45,74.71,85.77
low,2045,Kansas,2780409,64.74,5.3,0.69,4.27,5.39,19.61,69.86,87.51
low,2045,Kentucky,4525128,72.61,9.49,0.2,3.23,4.88,9.58,77.31,85.59
low,2045,Louisiana,4174265,49.37,31.81,0.62,2.44,3.78,11.98,52.83,62.54
low,2045,Maine,1363740,83.82,4.79,0.57,2.23,3.9,4.7,87.64,91.74
low,2045,Maryland,6164717,35.17,29.61,0.2,8.86,4.94,21.22,39.47,55.3
low,2045,Massachusetts,7194329,52.67,10.22,0.15,11.79,3.78,21.38,56.2,72.56
low,2045,Michigan,9423364,66.7,12.87,0.49,5.61,5.02,9.31,71.45,79.54
low,2045,Minnesota,6118854,63.24,13.02,0.93,7.83,4.69,10.29,67.66,76.37
low,2045,Mississippi,2625899,51.27,35.97,0.6,1.74,3.42,7.0,54.41,59.94
low,2045,Missouri,6127758,70.25,10.82,0.44,3.86,5.66,8.96,75.64,83.45
low,2045,Montana,1242744,79.01,0.7,5.1,1.66,5.02,8.52,83.88,91.15
low,2045,Nebraska,2105119,62.56,6.03,0.81,4.72,4.56,21.3,66.89,85.01
low,2045,Nevada,4157016,30.51,13.09,0.62,12.51,6.31,36.97,35.99,67.57
low,2045,New Hampshire,1404665,79.76,3.0,0.18,4.03,3.5,9.54,83.17,91.42
low,2045,New Jersey,9156986,39.94,12.17,0.14,13.87,2.9,30.98,42.47,66.64
low,2045,New Mexico,1959085,27.81,2.67,9.0,2.61,2.87,55.04,30.46,81.4
low,2045,New York,17240651,45.96,12.86,0.31,13.27,3.53,24.08,48.98,65.56
low,2045,North Carolina,12859678,51.99,19.28,0.85,5.92,4.77,17.18,56.3,69.99
low,2045,North Dakota,809043,67.53,8.46,4.49,3.6,4.9,11.02,72.2,81.33
low,2045,Ohio,11432973,66.08,14.27,0.18,5.04,5.36,9.08,71.16,78.71
low,2045,Oklahoma,4174264,49.34,7.21,7.61,3.65,10.81,21.38,59.47,77.36
low,2045,Oregon,4827101,59.79,2.61,0.9,7.79,6.29,22.62,65.82,85.23
low,2045,Pennsylvania,12310802,61.25,10.95,0.15,6.51,4.0,17.15,64.97,77.99
low,2045,Rhode Island,1052297,53.53,7.91,0.3,3.89,3.88,30.49,57.02,79.18
low,2045,South Carolina,6454566,59.19,20.76,0.33,3.22,4.47,12.04,63.31,73.28
low,2045,South Dakota,1032126,69.16,4.99,6.55,3.6,4.66,11.03,73.6,82.31
low,2045,Tennessee,8151270,64.84,14.33,0.28,3.14,4.49,12.91,69.12,80.06
low,2045,Texas,37978987,29.85,13.78,0.3,8.36,3.19,44.53,32.79,73.96
low,2045,Utah,4460870,65.4,1.88,0.72,5.2,4.34,22.46,69.51,89.49
low,2045,Vermont,573369,84.5,2.6,0.31,3.59,4.23,4.76,88.65,92.87
low,2045,Virginia,9138111,48.41,17.82,0.24,10.27,5.98,17.28,53.86,67.91
low,2045,Washington,9674008,48.99,5.24,0.92,17.08,7.04,20.72,55.51,73.15
low,2045,West Virginia,1435121,84.48,4.15,0.23,1.13,5.21,4.79,89.57,93.78
low,2045,Wisconsin,5728513,70.61,6.58,0.82,4.91,4.09,12.99,74.51,85.88
low,2045,Wyoming,513604,75.71,0.83,1.99,1.83,4.2,15.44,79.79,93.41
low,2045,United States,354748611,48.01,12.69,0.66,8.63,4.45,25.56,52.1,73.95
low,2050,Alabama,5070538,57.29,24.25,0.48,2.39,4.66,10.93,61.66,70.47
low,2050,Alaska,626725,44.14,2.84,14.95,13.17,11.09,13.8,54.22,64.97
low,2050,Arizona,9771117,42.83,6.83,2.98,5.28,4.2,37.87,46.7,80.74
low,2050,Arkansas,3123237,59.67,13.92,0.92,4.52,5.44,15.52,64.9,78.26
low,2050,California,37193543,22.92,4.82,0.3,22.02,4.71,45.22,27.12,65.38
low,2050,Colorado,7286882,54.84,4.87,0.57,5.76,4.65,29.31,59.24,85.24
low,2050,Connecticut,3388051,43.61,13.01,0.19,6.85,3.6,32.75,46.89,72.83
low,2050,Delaware,1141139,44.56,25.85,0.22,6.22,5.15,18.01,49.09,63.35
low,2050,District of Columbia,810691,42.61,30.73,0.14,6.56,4.47,15.49,46.33,57.74
low,2050,Florida,28839834,40.24,14.15,0.19,4.05,3.34,38.04,43.27,77.93
low,2050,Georgia,12985694,37.5,33.34,0.21,7.7,4.52,16.74,41.52,54.97
low,2050,Hawaii,1179765,17.96,2.29,0.2,43.8,22.14,13.61,34.39,43.93
low,2050,Idaho,2784127,70.9,1.41,0.78,2.53,4.19,20.19,74.98,93.18
low,2050,Illinois,10092813,47.93,12.79,0.16,10.0,4.1,25.03,51.72,72.88
low,2050,Indiana,7195896,61.31,12.36,0.21,5.66,4.94,15.52,66.03,79.51
low,2050,Iowa,3232284,68.08,8.66,0.36,4.94,4.32,13.65,72.21,84.34
low,2050,Kansas,2715234,63.09,5.2,0.67,4.47,5.59,20.98,68.4,87.3
low,2050,Kentucky,4484762,70.77,9.78,0.2,3.48,5.15,10.61,75.74,84.92
low,2050,Louisiana,4036725,47.96,31.87,0.62,2.52,3.97,13.06,51.59,62.19
low,2050,Maine,1341557,82.32,5.4,0.57,2.38,4.06,5.27,86.3,90.91
low,2050,Maryland,6107436,32.77,29.39,0.19,9.14,5.15,23.36,37.24,54.69
low,2050,Massachusetts,7182763,49.29,10.82,0.15,12.59,3.97,23.19,52.98,70.75
low,2050,Michigan,9179126,65.33,12.69,0.49,6.03,5.31,10.16,70.34,79.17
low,2050,Minnesota,6158736,60.35,14.42,0.9,8.28,4.93,11.12,65.0,74.42
low,2050,Mississippi,2527993,50.45,35.72,0.62,1.83,3.61,7.77,53.75,59.91
low,2050,Missouri,6050919,68.89,10.7,0.45,4.15,5.94,9.86,74.56,83.15
low,2050,Montana,1262391,77.94,0.72,4.92,1.8,5.19,9.42,82.98,91.03
low,2050,Nebraska,2122889,59.81,6.24,0.81,5.11,4.83,23.19,64.39,84.14
low,2050,Nevada,4354591,28.18,13.79,0.59,12.76,6.51,38.16,33.83,66.49
low,2050,New Hampshire,1389721,77.8,3.37,0.18,4.26,3.62,10.76,81.33,90.65
low,2050,New Jersey,8997681,37.68,11.97,0.14,14.43,3.02,32.75,40.32,65.9
low,2050,New Mexico,1899185,26.13,2.86,8.94,2.77,2.97,56.33,28.87,81.05
low,2050,New York,16432807,44.68,12.56,0.3,13.92,3.71,24.83,47.85,64.97
low,2050,North Carolina,13201343,50.38,19.07,0.82,6.33,5.01,18.39,54.9,69.59
low,2050,North Dakota,813401,64.21,9.75,4.35,3.92,5.15,12.62,69.11,79.58
low,2050,Ohio,11265366,63.8,14.62,0.18,5.54,5.69,10.16,69.19,77.65
low,2050,Oklahoma,4176143,46.92,7.13,7.51,3.78,11.13,23.52,57.35,77.05
low,2050,Oregon,4952705,57.51,2.71,0.86,8.22,6.48,24.21,63.73,84.53
low,2050,Pennsylvania,12085130,58.38,10.95,0.15,6.99,4.22,19.3,62.3,76.98
low,2050,Rhode Island,1033785,50.17,8.19,0.29,3.85,4.02,33.47,53.79,78.17
low,2050,South Carolina,6624353,58.4,20.12,0.33,3.44,4.7,13.0,62.74,73.52
low,2050,South Dakota,1055103,66.63,5.74,6.19,4.06,4.89,12.49,71.28,81.16
low,2050,Tennessee,8326428,63.58,14.06,0.29,3.29,4.68,14.11,68.03,79.99
low,2050,Texas,39328315,28.33,14.11,0.29,8.7,3.29,45.28,31.36,73.25
low,2050,Utah,4673996,63.63,2.02,0.68,5.46,4.55,23.67,67.93,89.01
low,2050,Vermont,553782,83.19,2.83,0.31,3.97,4.36,5.33,87.47,92.2
low,2050,Virginia,9138593,46.35,17.6,0.24,10.79,6.32,18.7,52.1,67.33
low,2050,Washington,10068594,46.46,5.44,0.87,18.0,7.24,21.99,53.16,71.91
low,2050,West Virginia,1353759,83.26,4.22,0.23,1.16,5.6,5.53,88.72,93.58
low,2050,Wisconsin,5623493,68.69,6.64,0.81,5.29,4.35,14.22,72.84,85.3
low,2050,Wyoming,491278,74.16,0.81,1.98,2.0,4.44,16.61,78.46,93.13
low,2050,United States,355732423,46.12,12.77,0.64,9.02,4.64,26.81,50.38,73.33
low,2055,Alabama,5024491,56.25,23.89,0.47,2.48,4.87,12.03,60.82,70.52
low,2055,Alaska,605475,41.53,2.82,14.91,14.23,11.31,15.19,51.81,63.64
low,2055,Arizona,10114067,41.45,7.15,2.88,5.4,4.34,38.78,45.44,80.36
low,2055,Arkansas,3112882,58.14,13.7,0.95,4.91,5.61,16.69,63.53,77.92
low,2055,California,36393193,21.47,4.71,0.29,23.02,4.87,45.64,25.81,64.46
low,2055,Colorado,7497281,53.44,4.98,0.57,6.01,4.77,30.23,57.95,84.79
low,2055,Connecticut,3331443,40.28,13.29,0.19,7.04,3.7,35.51,43.64,71.81
low,2055,Delaware,1145426,42.27,26.39,0.21,6.42,5.38,19.35,46.99,62.33
low,2055,District of Columbia,827784,43.21,29.55,0.13,6.68,4.54,15.89,46.98,58.69
low,2055,Florida,29641129,38.71,14.04,0.19,4.13,3.43,39.5,41.82,77.85
low,2055,Georgia,13229285,35.76,33.61,0.21,8.07,4.71,17.63,39.96,54.14
low,2055,Hawaii,1125669,17.69,2.41,0.21,43.06,22.38,14.25,34.27,44.24
low,2055,Idaho,2923886,69.61,1.5,0.75,2.6,4.28,21.26,73.79,92.96
low,2055,Illinois,9535088,46.3,12.55,0.16,10.71,4.33,25.94,50.3,72.24
low,2055,Indiana,7226283,58.9,12.8,0.21,6.13,5.18,16.78,63.84,78.43
low,2055,Iowa,3233971,65.39,9.58,0.37,5.3,4.54,14.83,69.73,82.92
low,2055,Kansas,2652492,61.52,5.09,0.65,4.65,5.76,22.32,66.99,87.11
low,2055,Kentucky,4450349,68.96,10.06,0.2,3.71,5.41,11.67,74.16,84.27
low,2055,Louisiana,3904652,46.58,31.88,0.62,2.59,4.15,14.18,50.38,61.91
low,2055,Maine,1322742,80.85,6.03,0.57,2.52,4.19,5.85,84.96,90.08
low,2055,Maryland,6057287,30.52,29.04,0.19,9.37,5.32,25.55,35.14,54.25
low,2055,Massachusetts,7182924,46.07,11.39,0.15,13.32,4.13,24.95,49.9,69.05
low,2055,Michigan,8941394,64.02,12.5,0.48,6.43,5.57,11.0,69.28,78.85
low,2055,Minnesota,6205773,57.57,15.83,0.87,8.68,5.14,11.92,62.4,72.52
low,2055,Mississippi,2433449,49.65,35.4,0.64,1.91,3.79,8.6,53.13,59.95
low,2055,Missouri,5978367,67.57,10.57,0.45,4.43,6.21,10.78,73.48,82.89
low,2055,Montana,1283485,76.94,0.74,4.73,1.92,5.34,10.32,82.12,90.95
low,2055,Nebraska,2144240,57.18,6.43,0.81,5.46,5.07,25.05,61.97,83.33
low,2055,Nevada,4547835,26.1,14.47,0.56,12.96,6.69,39.21,31.91,65.51
low,2055,New Hampshire,1377543,75.89,3.76,0.18,4.46,3.73,11.99,79.52,89.91
low,2055,New Jersey,8842378,35.6,11.74,0.14,14.92,3.13,34.47,38.33,65.29
low,2055,New Mexico,1839379,24.65,3.05,8.85,2.92,3.06,57.46,27.48,80.76
low,2055,New York,15646978,43.52,12.22,0.3,14.55,3.88,25.52,46.83,64.45
low,2055,North Carolina,13539671,48.87,18.83,0.8,6.7,5.22,19.57,53.59,69.25
low,2055,North Dakota,822068,60.91,11.06,4.2,4.22,5.35,14.26,66.0,77.84
low,2055,Ohio,11114861,61.53,14.96,0.18,6.04,6.0,11.29,67.21,76.62
low,2055,Oklahoma,4183258,44.57,7.04,7.38,3.9,11.4,25.72,55.24,76.82
low,2055,Oregon,5076953,55.38,2.8,0.83,8.62,6.65,25.74,61.75,83.9
low,2055,Pennsylvania,11889416,55.54,10.92,0.16,7.44,4.42,21.53,59.63,76.04
low,2055,Rhode Island,1018341,46.95,8.42,0.28,3.8,4.14,36.41,50.67,77.25
low,2055,South Carolina,6792730,57.66,19.51,0.32,3.65,4.91,13.95,62.19,73.77
low,2055,South Dakota,1081114,64.05,6.5,5.82,4.52,5.08,14.04,68.89,79.99
low,2055,Tennessee,8506171,62.36,13.77,0.29,3.42,4.84,15.32,66.96,79.97
low,2055,Texas,40623939,26.98,14.43,0.29,9.0,3.38,45.91,30.11,72.59
low,2055,Utah,4877021,61.9,2.15,0.65,5.69,4.74,24.88,66.39,88.55
low,2055,Vermont,536111,81.95,3.04,0.3,4.34,4.46,5.91,86.32,91.57
low,2055,Virginia,9140274,44.43,17.36,0.23,11.24,6.63,20.11,50.45,66.85
low,2055,Washington,10467178,44.15,5.6,0.82,18.81,7.4,23.22,51.0,70.82
low,2055,West Virginia,1277935,82.0,4.27,0.24,1.19,5.97,6.33,87.82,93.39
low,2055,Wisconsin,5526444,66.84,6.68,0.8,5.65,4.59,15.44,71.21,84.76
low,2055,Wyoming,470047,72.61,0.79,1.96,2.17,4.66,17.81,77.13,92.86
low,2055,United States,356722149,44.37,12.83,0.63,9.37,4.82,27.99,48.78,72.78
low,2060,Alabama,4979703,55.27,23.48,0.46,2.55,5.07,13.18,60.01,70.65
low,2060,Alaska,586423,38.97,2.81,14.8,15.29,11.45,16.69,49.37,62.36
low,2060,Arizona,10439246,40.22,7.46,2.77,5.49,4.47,39.6,44.33,80.03
low,2060,Arkansas,3101125,56.65,13.45,0.98,5.3,5.77,17.85,62.19,77.59
low,2060,California,35542206,20.2,4.6,0.27,24.0,5.02,45.91,24.66,63.57
low,2060,Colorado,7695162,52.11,5.1,0.56,6.24,4.87,31.13,56.71,84.36
low,2060,Connecticut,3286305,37.16,13.51,0.18,7.17,3.78,38.2,40.59,70.93
low,2060,Delaware,1151059,40.17,26.85,0.2,6.57,5.59,20.62,45.06,61.45
low,2060,District of Columbia,843303,43.73,28.52,0.13,6.77,4.6,16.26,47.54,59.52
low,2060,Florida,30413390,37.38,13.91,0.18,4.19,3.51,40.82,40.57,77.83
low,2060,Georgia,13456828,34.18,33.84,0.21,8.41,4.89,18.47,38.53,53.41
low,2060,Hawaii,1073483,17.55,2.53,0.21,42.3,22.53,14.87,34.22,44.6
low,2060,Idaho,3059508,68.35,1.58,0.71,2.66,4.37,22.33,72.6,92.75
low,2060,Illinois,8994596,44.79,12.3,0.16,11.44,4.56,26.75,48.99,71.62
low,2060,Indiana,7258767,56.57,13.23,0.21,6.58,5.39,18.02,61.71,77.39
low,2060,Iowa,3239982,62.74,10.51,0.37,5.64,4.74,15.99,67.28,81.51
low,2060,Kansas,2589358,60.02,4.99,0.63,4.82,5.91,23.64,65.62,86.94
low,2060,Kentucky,4419741,67.16,10.34,0.2,3.92,5.64,12.75,72.59,83.65
low,2060,Louisiana,3775436,45.24,31.83,0.62,2.64,4.32,15.35,49.19,61.7
low,2060,Maine,1306467,79.41,6.66,0.56,2.64,4.3,6.44,83.63,89.28
low,2060,Maryland,6015226,28.44,28.6,0.18,9.53,5.47,27.77,33.17,53.97
low,2060,Massachusetts,7199814,43.05,11.93,0.14,13.95,4.26,26.66,47.01,67.47
low,2060,Michigan,8713343,62.78,12.27,0.47,6.82,5.82,11.83,68.27,78.57
low,2060,Minnesota,6258598,54.88,17.24,0.84,9.04,5.31,12.69,59.88,70.67
low,2060,Mississippi,2340208,48.89,34.98,0.65,2.0,3.97,9.5,52.53,60.07
low,2060,Missouri,5906077,66.26,10.43,0.44,4.69,6.45,11.73,72.4,82.65
low,2060,Montana,1303841,75.96,0.76,4.54,2.04,5.46,11.24,81.26,90.89
low,2060,Nebraska,2167385,54.6,6.59,0.8,5.8,5.28,26.93,59.6,82.56
low,2060,Nevada,4735729,24.24,15.12,0.53,13.11,6.85,40.15,30.18,64.62
low,2060,New Hampshire,1369020,74.04,4.14,0.18,4.62,3.81,13.21,77.75,89.22
low,2060,New Jersey,8694995,33.72,11.47,0.14,15.34,3.23,36.1,36.52,64.79
low,2060,New Mexico,1778347,23.33,3.27,8.74,3.07,3.15,58.45,26.24,80.48
low,2060,New York,14892825,42.49,11.86,0.29,15.17,4.05,26.13,45.93,63.99
low,2060,North Carolina,13876749,47.48,18.58,0.77,7.04,5.43,20.7,52.37,68.97
low,2060,North Dakota,834052,57.65,12.39,4.02,4.49,5.5,15.96,62.88,76.14
low,2060,Ohio,10979536,59.29,15.27,0.18,6.52,6.27,12.46,65.23,75.62
low,2060,Oklahoma,4191431,42.25,6.94,7.22,3.99,11.61,27.98,53.14,76.64
low,2060,Oregon,5195386,53.33,2.87,0.79,8.97,6.79,27.25,59.83,83.31
low,2060,Pennsylvania,11726328,52.75,10.83,0.16,7.84,4.6,23.83,57.0,75.17
low,2060,Rhode Island,1006567,43.93,8.58,0.26,3.72,4.23,39.27,47.72,76.43
low,2060,South Carolina,6957839,56.96,18.9,0.32,3.83,5.11,14.88,61.68,74.04
low,2060,South Dakota,1109258,61.39,7.27,5.44,4.98,5.24,15.68,66.39,78.8
low,2060,Tennessee,8689026,61.18,13.47,0.29,3.52,5.0,16.53,65.94,79.98
low,2060,Texas,41852189,25.78,14.73,0.29,9.26,3.47,46.46,28.98,72.0
low,2060,Utah,5064583,60.16,2.27,0.61,5.92,4.91,26.12,64.81,88.09
low,2060,Vermont,520209,80.76,3.23,0.3,4.69,4.55,6.48,85.22,90.99
low,2060,Virginia,9141273,42.64,17.09,0.23,11.64,6.91,21.49,48.91,66.46
low,2060,Washington,10862268,42.02,5.74,0.76,19.54,7.54,24.4,48.99,69.85
low,2060,West Virginia,1206411,80.68,4.32,0.24,1.21,6.33,7.21,86.85,93.2
low,2060,Wisconsin,5436724,65.06,6.69,0.78,5.98,4.81,16.67,69.64,84.28
low,2060,Wyoming,448892,71.0,0.78,1.93,2.35,4.88,19.05,75.73,92.58
low,2060,United States,357686215,42.75,12.88,0.62,9.68,4.97,29.1,47.3,72.29
low,2065,Alabama,4937817,54.29,23.02,0.44,2.62,5.25,14.38,59.21,70.82
low,2065,Alaska,568820,36.43,2.79,14.6,16.35,11.54,18.3,46.91,61.16
low,2065,Arizona,10744192,39.09,7.74,2.67,5.55,4.59,40.36,43.32,79.74
low,2065,Arkansas,3087773,55.18,13.2,1.0,5.69,5.92,19.01,60.86,77.28
low,2065,California,34643615,19.03,4.49,0.26,24.98,5.15,46.1,23.6,62.7
low,2065,Colorado,7878215,50.78,5.21,0.55,6.45,4.96,32.05,55.47,83.94
low,2065,Connecticut,3250751,34.24,13.64,0.18,7.25,3.84,40.85,37.72,70.19
low,2065,Delaware,1156257,38.19,27.27,0.19,6.69,5.78,21.88,43.24,60.64
low,2065,District of Columbia,856296,44.2,27.6,0.12,6.83,4.65,16.6,48.04,60.27
low,2065,Florida,31144484,36.19,13.76,0.18,4.23,3.59,42.04,39.45,77.85
low,2065,Georgia,13667327,32.72,34.02,0.21,8.72,5.06,19.27,37.22,52.77
low,2065,Hawaii,1022816,17.51,2.66,0.22,41.51,22.62,15.48,34.21,45.01
low,2065,Idaho,3189714,67.05,1.67,0.67,2.72,4.45,23.45,71.38,92.55
low,2065,Illinois,8468628,43.34,12.05,0.16,12.18,4.77,27.51,47.73,71.01
low,2065,Indiana,7292190,54.29,13.65,0.21,7.01,5.58,19.26,59.61,76.39
low,2065,Iowa,3247320,60.1,11.47,0.38,5.95,4.92,17.18,64.81,80.1
low,2065,Kansas,2524938,58.51,4.88,0.61,4.98,6.04,24.98,64.23,86.77
low,2065,Kentucky,4391581,65.37,10.6,0.19,4.11,5.86,13.88,71.01,83.06
low,2065,Louisiana,3646961,43.91,31.72,0.61,2.69,4.48,16.59,48.0,61.53
low,2065,Maine,1291192,77.97,7.31,0.55,2.74,4.39,7.04,82.27,88.45
low,2065,Maryland,5976625,26.47,28.06,0.18,9.66,5.6,30.04,31.3,53.82
low,2065,Massachusetts,7226454,40.2,12.46,0.14,14.51,4.37,28.32,44.24,66.01
low,2065,Michigan,8486272,61.58,12.05,0.46,7.19,6.05,12.67,67.27,78.32
low,2065,Minnesota,6309405,52.25,18.66,0.8,9.35,5.46,13.47,57.38,68.85
low,2065,Mississippi,2249406,48.14,34.48,0.67,2.08,4.15,10.48,51.94,60.27
low,2065,Missouri,5829469,64.93,10.28,0.44,4.93,6.68,12.74,71.29,82.42
low,2065,Montana,1321509,74.95,0.77,4.33,2.15,5.58,12.21,80.36,90.84
low,2065,Nebraska,2190746,52.03,6.74,0.79,6.12,5.47,28.86,57.21,81.83
low,2065,Nevada,4916352,22.53,15.73,0.5,13.23,6.99,41.02,28.58,63.81
low,2065,New Hampshire,1362674,72.23,4.51,0.18,4.77,3.88,14.43,76.01,88.56
low,2065,New Jersey,8552027,31.98,11.18,0.14,15.7,3.32,37.68,34.85,64.38
low,2065,New Mexico,1714850,22.08,3.5,8.59,3.23,3.23,59.38,25.06,80.22
low,2065,New York,14161275,41.54,11.49,0.29,15.77,4.2,26.72,45.09,63.56
low,2065,North Carolina,14210947,46.18,18.31,0.75,7.34,5.61,21.81,51.23,68.74
low,2065,North Dakota,849022,54.36,13.75,3.81,4.75,5.61,17.72,59.7,74.44
low,2065,Ohio,10850210,57.06,15.56,0.18,6.99,6.53,13.69,63.22,74.65
low,2065,Oklahoma,4200511,39.94,6.82,7.04,4.07,11.79,30.35,50.98,76.5
low,2065,Oregon,5304674,51.29,2.93,0.76,9.31,6.91,28.81,57.91,82.75
low,2065,Pennsylvania,11583000,49.99,10.71,0.16,8.2,4.75,26.19,54.37,74.38
low,2065,Rhode Island,997519,41.06,8.69,0.25,3.62,4.3,42.08,44.9,75.69
low,2065,South Carolina,7118772,56.29,18.3,0.31,3.99,5.3,15.8,61.17,74.32
low,2065,South Dakota,1138939,58.64,8.07,5.06,5.43,5.38,17.43,63.76,77.56
low,2065,Tennessee,8873141,60.03,13.16,0.29,3.6,5.14,17.77,64.92,80.03
low,2065,Texas,43008490,24.67,15.03,0.28,9.48,3.56,46.98,27.95,71.46
low,2065,Utah,5235293,58.35,2.41,0.58,6.15,5.09,27.44,63.16,87.62
low,2065,Vermont,505105,79.61,3.39,0.29,5.04,4.61,7.05,84.14,90.42
low,2065,Virginia,9136915,40.95,16.8,0.23,11.99,7.17,22.86,47.45,66.14
low,2065,Washington,11244424,40.0,5.86,0.71,20.18,7.65,25.6,47.08,68.98
low,2065,West Virginia,1138880,79.3,4.36,0.25,1.23,6.68,8.18,85.81,93.02
low,2065,Wisconsin,5347106,63.29,6.7,0.76,6.3,5.02,17.93,68.07,83.82
low,2065,Wyoming,427501,69.29,0.77,1.9,2.55,5.1,20.39,74.23,92.26
low,2065,United States,358478399,41.21,12.93,0.6,9.96,5.11,30.2,45.89,71.84
low,2070,Alabama,4895475,53.29,22.52,0.43,2.66,5.43,15.67,58.38,71.04
low,2070,Alaska,552498,33.88,2.77,14.29,17.41,11.57,20.08,44.4,60.01
low,2070,Arizona,11021900,38.04,8.0,2.56,5.59,4.71,41.1,42.38,79.5
low,2070,Arkansas,3071364,53.7,12.94,1.03,6.08,6.06,20.19,59.52,76.98
low,2070,California,33686471,17.92,4.37,0.24,25.95,5.27,46.25,22.6,61.84
low,2070,Colorado,8041748,49.43,5.32,0.54,6.66,5.04,33.02,54.18,83.54
low,2070,Connecticut,3220872,31.44,13.72,0.17,7.3,3.87,43.49,34.96,69.54
low,2070,Delaware,1159903,36.25,27.65,0.18,6.78,5.97,23.17,41.46,59.9
low,2070,District of Columbia,866255,44.61,26.78,0.11,6.88,4.69,16.94,48.48,60.96
low,2070,Florida,31798923,35.08,13.61,0.17,4.27,3.67,43.2,38.41,77.88
low,2070,Georgia,13854349,31.35,34.17,0.21,8.98,5.23,20.06,35.99,52.2
low,2070,Hawaii,973566,17.57,2.8,0.23,40.68,22.64,16.09,34.26,45.48
low,2070,Idaho,3315032,65.71,1.75,0.63,2.77,4.53,24.61,70.12,92.35
low,2070,Illinois,7953800,41.89,11.78,0.16,12.95,4.98,28.24,46.47,70.38
low,2070,Indiana,7323195,52.04,14.06,0.21,7.41,5.76,20.53,57.53,75.42
low,2070,Iowa,3255036,57.44,12.46,0.38,6.24,5.09,18.39,62.3,78.68
low,2070,Kansas,2458828,56.96,4.77,0.59,5.14,6.15,26.38,62.8,86.6
low,2070,Kentucky,4364700,63.58,10.84,0.19,4.28,6.06,15.06,69.4,82.49
low,2070,Louisiana,3518004,42.56,31.56,0.6,2.74,4.64,17.91,46.79,61.41
low,2070,Maine,1274381,76.47,8.0,0.54,2.84,4.48,7.68,80.86,87.61
low,2070,Maryland,5937110,24.57,27.45,0.17,9.75,5.7,32.37,29.47,53.76
low,2070,Massachusetts,7254189,37.45,12.99,0.13,15.0,4.46,29.97,41.57,64.62
low,2070,Michigan,8250839,60.36,11.83,0.46,7.55,6.26,13.55,66.26,78.07
low,2070,Minnesota,6354107,49.64,20.1,0.77,9.63,5.59,14.27,54.89,67.05
low,2070,Mississippi,2160299,47.38,33.91,0.68,2.16,4.33,11.54,51.34,60.51
low,2070,Missouri,5745225,63.56,10.13,0.44,5.16,6.9,13.81,70.13,82.2
low,2070,Montana,1336084,73.89,0.79,4.13,2.26,5.68,13.25,79.41,90.79
low,2070,Nebraska,2213628,49.47,6.87,0.78,6.41,5.63,30.84,54.79,81.13
low,2070,Nevada,5086265,20.93,16.32,0.48,13.32,7.1,41.85,27.09,63.05
low,2070,New Hampshire,1355618,70.42,4.89,0.17,4.9,3.94,15.67,74.25,87.89
low,2070,New Jersey,8408537,30.33,10.88,0.14,16.02,3.39,39.24,33.26,64.02
low,2070,New Mexico,1648213,20.86,3.74,8.42,3.4,3.31,60.27,23.92,79.94
low,2070,New York,13441871,40.6,11.11,0.28,16.36,4.34,27.31,44.26,63.15
low,2070,North Carolina,14530657,44.91,18.04,0.73,7.6,5.79,22.93,50.13,68.56
low,2070,North Dakota,866323,51.07,15.12,3.59,4.98,5.69,19.55,56.48,72.75
low,2070,Ohio,10717233,54.8,15.84,0.18,7.43,6.76,14.99,61.18,73.7
low,2070,Oklahoma,4210998,37.59,6.68,6.83,4.13,11.92,32.86,48.76,76.39
low,2070,Oregon,5403881,49.23,2.99,0.72,9.62,7.01,30.43,55.95,82.21
low,2070,Pennsylvania,11444573,47.22,10.55,0.16,8.52,4.88,28.67,51.71,73.63
low,2070,Rhode Island,989498,38.29,8.75,0.23,3.51,4.34,44.87,42.17,75.02
low,2070,South Carolina,7269971,55.61,17.72,0.31,4.13,5.49,16.74,60.66,74.6
low,2070,South Dakota,1170368,55.78,8.89,4.68,5.87,5.5,19.29,61.02,76.29
low,2070,Tennessee,9052396,58.87,12.84,0.29,3.67,5.28,19.06,63.89,80.1
low,2070,Texas,44075864,23.62,15.32,0.28,9.65,3.64,47.49,26.98,70.97
low,2070,Utah,5395457,56.49,2.54,0.54,6.36,5.24,28.82,61.45,87.16
low,2070,Vermont,490104,78.49,3.53,0.28,5.39,4.67,7.64,83.07,89.88
low,2070,Virginia,9120171,39.33,16.49,0.22,12.31,7.4,24.25,46.02,65.87
low,2070,Washington,11605203,38.06,5.96,0.67,20.73,7.75,26.84,45.22,68.2
low,2070,West Virginia,1075225,77.85,4.39,0.25,1.24,7.02,9.25,84.69,92.85
low,2070,Wisconsin,5252780,61.51,6.69,0.74,6.6,5.21,19.25,66.46,83.38
low,2070,Wyoming,406181,67.42,0.76,1.86,2.75,5.33,21.87,72.58,91.91
low,2070,United States,358875168,39.71,12.96,0.58,10.21,5.23,31.31,44.5,71.43
low,2075,Alabama,4852086,52.26,21.99,0.41,2.7,5.6,17.03,57.5,71.27
low,2075,Alaska,537887,31.4,2.75,13.91,18.45,11.56,21.93,41.91,58.96
low,2075,Arizona,11272521,37.06,8.25,2.45,5.62,4.81,41.8,41.5,79.28
low,2075,Arkansas,3053201,52.23,12.67,1.05,6.47,6.19,21.38,58.17,76.68
low,2075,California,32691468,16.89,4.24,0.23,26.92,5.37,46.35,21.65,61.0
low,2075,Colorado,8184951,48.08,5.42,0.53,6.84,5.1,34.02,52.9,83.15
low,2075,Connecticut,3195104,28.76,13.75,0.16,7.32,3.89,46.11,32.29,68.98
low,2075,Delaware,1161913,34.36,27.99,0.17,6.84,6.14,24.49,39.72,59.22
low,2075,District of Columbia,873891,44.97,26.02,0.1,6.91,4.72,17.27,48.87,61.59
low,2075,Florida,32375675,34.05,13.45,0.17,4.29,3.75,44.29,37.44,77.93
low,2075,Georgia,14018404,30.05,34.29,0.21,9.23,5.38,20.85,34.83,51.68
low,2075,Hawaii,926480,17.73,2.94,0.23,39.81,22.61,16.68,34.39,46.02
low,2075,Idaho,3436364,64.38,1.83,0.6,2.81,4.6,25.79,68.86,92.16
low,2075,Illinois,7457772,40.47,11.49,0.17,13.74,5.17,28.96,45.22,69.74
low,2075,Indiana,7353293,49.82,14.46,0.2,7.78,5.92,21.83,55.46,74.48
low,2075,Iowa,3265375,54.79,13.47,0.39,6.51,5.23,19.61,59.8,77.27
low,2075,Kansas,2393760,55.41,4.66,0.57,5.28,6.25,27.82,61.34,86.45
low,2075,Kentucky,4339126,61.78,11.07,0.19,4.44,6.24,16.28,67.78,81.94
low,2075,Louisiana,3393400,41.22,31.34,0.59,2.78,4.79,19.29,45.58,61.34
low,2075,Maine,1255771,74.95,8.72,0.52,2.92,4.55,8.34,79.41,86.74
low,2075,Maryland,5900856,22.72,26.77,0.17,9.81,5.77,34.76,27.69,53.79
low,2075,Massachusetts,7280674,34.83,13.51,0.13,15.41,4.52,31.6,39.0,63.32
low,2075,Michigan,8007201,59.14,11.6,0.45,7.9,6.45,14.45,65.21,77.82
low,2075,Minnesota,6399503,47.09,21.54,0.73,9.87,5.7,15.08,52.44,65.29
low,2075,Mississippi,2074033,46.59,33.28,0.7,2.24,4.5,12.69,50.71,60.8
low,2075,Missouri,5657574,62.17,9.98,0.43,5.38,7.1,14.94,68.93,81.99
low,2075,Montana,1348675,72.82,0.79,3.93,2.35,5.78,14.33,78.43,90.74
low,2075,Nebraska,2238416,46.95,6.98,0.77,6.67,5.77,32.86,52.41,80.47
low,2075,Nevada,5246340,19.45,16.88,0.45,13.38,7.21,42.63,25.7,62.36
low,2075,New Hampshire,1347043,68.59,5.28,0.17,5.03,4.0,16.94,72.47,87.22
low,2075,New Jersey,8262439,28.73,10.56,0.14,16.31,3.45,40.81,31.7,63.71
low,2075,New Mexico,1580102,19.67,4.0,8.24,3.56,3.39,61.13,22.82,79.67
low,2075,New York,12736197,39.67,10.72,0.28,16.95,4.47,27.9,43.43,62.75
low,2075,North Carolina,14830694,43.68,17.75,0.71,7.84,5.96,24.07,49.04,68.41
low,2075,North Dakota,887213,47.83,16.46,3.37,5.2,5.74,21.4,53.28,71.1
low,2075,Ohio,10582604,52.54,16.09,0.17,7.86,6.96,16.37,59.1,72.78
low,2075,Oklahoma,4227010,35.26,6.53,6.6,4.17,12.0,35.45,46.51,76.33
low,2075,Oregon,5494538,47.21,3.03,0.69,9.9,7.09,32.08,54.0,81.72
low,2075,Pennsylvania,11312309,44.45,10.37,0.16,8.81,4.99,31.22,49.04,72.93
low,2075,Rhode Island,982236,35.62,8.77,0.22,3.39,4.37,47.63,39.51,74.42
low,2075,South Carolina,7411177,54.93,17.16,0.3,4.26,5.66,17.69,60.13,74.87
low,2075,South Dakota,1205322,52.89,9.71,4.31,6.28,5.59,21.22,58.21,75.01
low,2075,Tennessee,9224885,57.69,12.51,0.29,3.72,5.4,20.39,62.83,80.18
low,2075,Texas,45069321,22.64,15.59,0.28,9.78,3.71,48.0,26.06,70.53
low,2075,Utah,5548740,54.66,2.66,0.51,6.55,5.39,30.23,59.75,86.73
low,2075,Vermont,475297,77.38,3.66,0.27,5.74,4.73,8.22,82.02,89.36
low,2075,Virginia,9095885,37.75,16.17,0.22,12.6,7.6,25.67,44.62,65.64
low,2075,Washington,11945022,36.22,6.05,0.62,21.19,7.82,28.11,43.45,67.54
low,2075,West Virginia,1015065,76.31,4.42,0.25,1.25,7.35,10.41,83.48,92.68
low,2075,Wisconsin,5157298,59.71,6.68,0.72,6.88,5.39,20.63,64.83,82.97
low,2075,Wyoming,385689,65.47,0.76,1.82,2.97,5.55,23.43,70.84,91.56
low,2075,United States,358967800,38.26,13.0,0.56,10.42,5.35,32.42,43.15,71.05
high,2025,Alabama,5193088,62.47,25.38,0.48,1.78,3.42,6.47,65.69,70.88
high,2025,Alaska,737270,56.76,2.94,14.69,8.18,9.19,8.24,65.09,71.49
high,2025,Arizona,7623818,51.21,4.96,3.58,4.37,3.36,32.53,54.31,83.32
high,2025,Arkansas,3114791,67.58,14.72,0.74,2.67,4.31,9.97,71.72,80.26
high,2025,California,39355309,32.53,5.3,0.4,16.86,3.74,41.18,35.88,70.57
high,2025,Colorado,6012561,63.09,4.18,0.59,4.23,3.81,24.1,66.7,88.01
high,2025,Connecticut,3688496,60.89,10.81,0.19,5.37,2.85,19.89,63.52,79.11
high,2025,Delaware,1059952,56.55,22.45,0.26,4.96,3.85,11.92,59.99,69.32
high,2025,District of Columbia,693645,37.65,39.63,0.19,5.63,3.97,12.93,40.97,50.54
high,2025,Florida,23462518,49.86,14.54,0.21,3.37,2.82,29.19,52.44,78.88
high,2025,Georgia,11302748,47.85,31.07,0.2,5.37,3.35,12.15,50.85,60.52
high,2025,Hawaii,1432820,21.47,1.76,0.19,45.99,19.98,10.61,36.53,44.04
high,2025,Idaho,2029733,77.84,0.95,0.97,1.97,3.5,14.77,81.25,94.53
high,2025,Illinois,12719141,56.71,13.67,0.14,6.77,2.85,19.86,59.37,76.12
high,2025,Indiana,6973333,73.46,10.05,0.2,3.15,3.52,9.62,76.83,85.16
high,2025,Iowa,3238387,81.03,4.62,0.3,2.97,2.96,8.12,83.87,91.06
high,2025,Kansas,2977220,71.15,5.63,0.76,3.38,4.49,14.58,75.43,88.53
high,2025,Kentucky,4606864,79.59,8.27,0.19,2.22,3.65,6.08,83.1,88.34
high,2025,Louisiana,4618189,54.74,31.2,0.58,2.07,2.94,8.46,57.44,64.22
high,2025,Maine,1414874,89.26,2.71,0.54,1.57,3.15,2.75,92.36,94.76
high,2025,Maryland,6265347,45.28,29.36,0.2,7.41,3.97,13.79,48.76,58.96
high,2025,Massachusetts,7154084,66.31,7.85,0.15,8.32,2.89,14.47,69.02,80.03
high,2025,Michigan,10127884,71.93,13.43,0.49,3.97,3.81,6.37,75.54,81.06
high,2025,Minnesota,5830405,74.3,7.96,1.02,5.87,3.61,7.24,77.71,83.8
high,2025,Mississippi,2954160,54.72,36.2,0.5,1.39,2.58,4.61,57.09,60.72
high,2025,Missouri,6270541,75.41,11.16,0.41,2.7,4.4,5.92,79.61,84.74
high,2025,Montana,1144694,83.21,0.57,5.79,1.04,4.13,5.26,87.22,91.68
high,2025,Nebraska,2018006,73.27,5.1,0.79,3.12,3.33,14.4,76.43,88.62
high,2025,Nevada,3282188,42.32,9.84,0.74,10.64,5.22,31.23,46.87,73.39
high,2025,New Hampshire,1415342,86.92,1.65,0.18,3.05,2.89,5.31,89.74,94.32
high,2025,New Jersey,9548215,49.58,12.6,0.13,11.34,2.34,24.01,51.65,70.21
high,2025,New Mexico,2125498,35.15,2.02,9.0,1.97,2.43,49.42,37.38,82.9
high,2025,New York,20002427,51.53,13.79,0.31,10.65,2.74,20.98,53.91,68.24
high,2025,North Carolina,11197968,58.68,19.95,0.96,4.13,3.64,12.64,61.98,71.95
high,2025,North Dakota,799358,79.7,3.97,4.82,2.24,3.57,5.71,83.1,87.81
high,2025,Ohio,11900510,74.53,12.8,0.17,3.11,3.92,5.47,78.26,82.8
high,2025,Oklahoma,4123288,58.74,7.24,7.87,2.94,9.22,13.99,67.38,78.99
high,2025,Oregon,4273586,69.79,2.12,1.01,5.66,5.26,16.17,74.83,88.62
high,2025,Pennsylvania,13059432,71.83,10.62,0.13,4.54,2.96,9.92,74.6,82.07
high,2025,Rhode Island,1114521,66.47,6.54,0.34,3.85,3.11,19.69,69.29,83.45
high,2025,South Carolina,5570274,61.91,23.65,0.33,2.21,3.41,8.49,65.07,72.05
high,2025,South Dakota,935094,78.03,2.39,8.03,1.89,3.56,6.11,81.41,86.2
high,2025,Tennessee,7315076,69.97,15.16,0.25,2.4,3.59,8.63,73.39,80.67
high,2025,Texas,31709821,37.26,12.27,0.3,6.6,2.69,40.89,39.74,77.45
high,2025,Utah,3538904,72.91,1.3,0.85,3.98,3.34,17.62,76.08,91.72
high,2025,Vermont,644663,89.41,1.69,0.31,2.17,3.58,2.84,92.92,95.43
high,2025,Virginia,8880107,56.98,18.31,0.24,7.94,4.5,12.03,61.11,70.83
high,2025,Washington,8001020,60.82,4.2,1.16,12.36,5.97,15.5,66.35,79.47
high,2025,West Virginia,1766147,88.72,3.87,0.2,0.98,3.65,2.59,92.29,94.54
high,2025,Wisconsin,5972787,77.67,6.28,0.83,3.45,2.99,8.79,80.53,88.18
high,2025,Wyoming,588753,81.16,0.92,2.0,1.23,3.22,11.47,84.3,94.38
high,2025,United States,341784857,56.11,12.26,0.69,6.85,3.57,20.52,59.39,76.81
high,2030,Alabama,5336213,61.21,24.95,0.49,1.97,3.65,7.73,64.64,70.85
high,2030,Alaska,739470,54.6,2.96,14.46,8.65,9.56,9.77,63.26,70.85
high,2030,Arizona,8032530,48.21,5.35,3.47,4.98,3.63,34.36,51.56,82.25
high,2030,Arkansas,3208214,65.84,14.36,0.79,3.14,4.45,11.42,70.12,79.91
high,2030,California,39076400,29.7,5.09,0.39,18.05,3.97,42.81,33.25,69.35
high,2030,Colorado,6225733,59.79,4.44,0.59,4.86,4.04,26.28,63.61,86.86
high,2030,Connecticut,3792423,57.16,11.28,0.19,5.89,3.08,22.39,59.98,77.57
high,2030,Delaware,1123147,53.74,23.06,0.26,5.54,4.13,13.27,57.41,67.82
high,2030,District of Columbia,718029,36.9,37.57,0.18,6.48,4.34,14.53,40.51,51.25
high,2030,Florida,25268932,47.15,14.28,0.22,3.65,2.99,31.71,49.87,78.62
high,2030,Georgia,11841339,45.16,31.09,0.2,6.15,3.62,13.78,48.4,59.37
high,2030,Hawaii,1408762,20.78,1.97,0.21,45.05,20.27,11.71,36.04,44.34
high,2030,Idaho,2208716,75.57,1.06,0.91,2.29,3.73,16.44,79.2,93.99
high,2030,Illinois,12603190,54.26,13.32,0.15,7.67,3.12,21.47,57.17,75.3
high,2030,Indiana,7140730,70.58,10.57,0.21,3.75,3.8,11.1,74.21,83.83
high,2030,Iowa,3276467,78.39,5.14,0.32,3.37,3.24,9.54,81.49,89.95
high,2030,Kansas,3007015,69.03,5.62,0.77,3.73,4.63,16.21,73.44,88.01
high,2030,Kentucky,4692478,77.05,8.46,0.2,2.7,3.94,7.64,80.86,87.43
high,2030,Louisiana,4565359,53.02,30.87,0.6,2.26,3.13,10.13,55.89,64.01
high,2030,Maine,1458509,87.1,3.58,0.54,1.87,3.35,3.56,90.39,93.48
high,2030,Maryland,6334034,42.61,29.17,0.2,7.9,4.31,15.81,46.38,58.1
high,2030,Massachusetts,7306904,62.63,8.4,0.16,9.29,3.23,16.29,65.65,78.06
high,2030,Michigan,10138545,70.29,13.26,0.51,4.61,4.14,7.18,74.22,80.44
high,2030,Minnesota,5935083,71.18,8.96,1.03,6.43,3.93,8.47,74.89,82.02
high,2030,Mississippi,2936242,53.63,35.7,0.53,1.64,2.74,5.76,56.14,60.68
high,2030,Missouri,6365448,73.91,10.96,0.43,3.08,4.67,6.95,78.37,84.4
high,2030,Montana,1198191,81.8,0.65,5.62,1.23,4.36,6.34,86.03,91.41
high,2030,Nebraska,2070941,69.89,5.3,0.8,3.46,3.65,16.89,73.36,87.68
high,2030,Nevada,3441272,38.15,10.01,0.72,11.75,5.73,33.64,43.13,71.74
high,2030,New Hampshire,1442681,85.16,1.91,0.19,3.45,2.97,6.32,88.06,93.51
high,2030,New Jersey,9812139,46.29,12.41,0.14,12.29,2.52,26.36,48.5,68.93
high,2030,New Mexico,2122026,32.86,2.19,9.02,2.18,2.61,51.13,35.27,82.41
high,2030,New York,19804537,49.38,13.38,0.31,11.53,2.96,22.44,51.94,67.29
high,2030,North Carolina,11926507,56.26,19.55,0.95,4.84,3.91,14.48,59.81,71.26
high,2030,North Dakota,819238,76.95,4.51,4.81,2.67,3.88,7.17,80.65,86.57
high,2030,Ohio,11972288,72.19,13.09,0.18,3.65,4.31,6.59,76.29,81.75
high,2030,Oklahoma,4279503,56.01,7.21,7.8,3.37,9.55,16.06,64.96,78.31
high,2030,Oregon,4288279,66.2,2.33,1.01,6.3,5.62,18.53,71.59,87.41
high,2030,Pennsylvania,13092117,69.1,10.55,0.13,5.1,3.26,11.85,72.14,81.08
high,2030,Rhode Island,1130426,62.7,6.78,0.34,4.08,3.33,22.77,65.71,82.11
high,2030,South Carolina,5991404,60.99,22.49,0.33,2.55,3.63,10.02,64.35,72.59
high,2030,South Dakota,982170,75.66,2.78,7.66,2.19,3.81,7.9,79.29,85.49
high,2030,Tennessee,7689604,68.31,14.52,0.26,2.75,3.81,10.35,71.93,80.67
high,2030,Texas,34193421,34.42,12.51,0.3,7.56,2.85,42.36,37.05,76.15
high,2030,Utah,3797010,69.67,1.42,0.82,4.4,3.65,20.04,73.13,90.93
high,2030,Vermont,641700,88.11,2.02,0.31,2.51,3.78,3.28,91.82,94.71
high,2030,Virginia,9091182,54.54,18.09,0.24,8.64,4.93,13.56,59.05,70.02
high,2030,Washington,8261169,56.53,4.45,1.11,14.36,6.33,17.22,62.39,76.98
high,2030,West Virginia,1733086,87.35,4.04,0.21,1.1,4.0,3.31,91.26,94.14
high,2030,Wisconsin,6021389,75.67,6.27,0.84,3.91,3.26,10.05,78.79,87.56
high,2030,Wyoming,596478,79.46,1.0,1.96,1.46,3.36,12.77,82.73,93.96
high,2030,United States,351138671,53.47,12.25,0.69,7.49,3.82,22.28,56.97,75.91
high,2035,Alabama,5461439,59.93,24.48,0.49,2.15,3.89,9.06,63.58,70.85
high,2035,Alaska,738651,52.36,2.99,14.21,9.12,9.89,11.42,61.34,70.22
high,2035,Arizona,8406523,45.22,5.74,3.36,5.55,3.9,36.24,48.81,81.22
high,2035,Arkansas,3294025,64.1,13.96,0.83,3.6,4.59,12.92,68.51,79.59
high,2035,California,38648574,26.94,4.87,0.38,19.22,4.19,44.4,30.68,68.16
high,2035,Colorado,6417051,56.45,4.7,0.59,5.48,4.26,28.52,60.48,85.72
high,2035,Connecticut,3888130,53.47,11.72,0.2,6.41,3.3,24.92,56.48,76.08
high,2035,Delaware,1178898,50.9,23.65,0.25,6.1,4.41,14.68,54.81,66.36
high,2035,District of Columbia,744170,36.22,35.67,0.16,7.23,4.66,16.06,40.09,51.95
high,2035,Florida,26985851,44.6,14.05,0.22,3.9,3.14,34.09,47.46,78.39
high,2035,Georgia,12340864,42.55,31.04,0.21,6.89,3.88,15.42,46.02,58.32
high,2035,Hawaii,1377347,20.05,2.2,0.23,43.97,20.58,12.96,35.53,44.7
high,2035,Idaho,2382166,73.38,1.18,0.86,2.57,3.94,18.08,77.21,93.48
high,2035,Illinois,12440083,51.73,12.95,0.16,8.61,3.39,23.16,54.88,74.44
high,2035,Indiana,7287039,67.62,11.09,0.21,4.34,4.07,12.66,71.52,82.49
high,2035,Iowa,3301633,75.59,5.7,0.34,3.78,3.52,11.08,78.96,88.78
high,2035,Kansas,3023176,66.79,5.62,0.77,4.09,4.76,17.97,71.32,87.47
high,2035,Kentucky,4764622,74.41,8.65,0.21,3.18,4.24,9.3,78.5,86.51
high,2035,Louisiana,4490805,51.2,30.47,0.61,2.45,3.3,11.97,54.22,63.83
high,2035,Maine,1493547,84.85,4.5,0.54,2.16,3.56,4.39,88.33,92.16
high,2035,Maryland,6379100,39.95,28.87,0.2,8.38,4.65,17.95,44.01,57.33
high,2035,Massachusetts,7436387,58.91,8.93,0.16,10.26,3.56,18.18,62.23,76.09
high,2035,Michigan,10099069,68.54,13.1,0.52,5.29,4.48,8.07,72.78,79.77
high,2035,Minnesota,6015460,67.9,10.03,1.04,7.0,4.24,9.79,71.9,80.15
high,2035,Mississippi,2906097,52.5,35.1,0.55,1.91,2.89,7.05,55.16,60.71
high,2035,Missouri,6435329,72.33,10.76,0.45,3.47,4.93,8.06,77.04,84.04
high,2035,Montana,1245661,80.35,0.73,5.47,1.41,4.59,7.45,84.8,91.14
high,2035,Nebraska,2118277,66.39,5.5,0.81,3.81,3.96,19.53,70.15,86.72
high,2035,Nevada,3592231,34.21,10.15,0.69,12.74,6.2,36.0,39.6,70.26
high,2035,New Hampshire,1458962,83.29,2.18,0.19,3.86,3.07,7.41,86.28,92.67
high,2035,New Jersey,10052193,43.09,12.19,0.14,13.2,2.69,28.7,45.45,67.72
high,2035,New Mexico,2105341,30.49,2.37,9.03,2.4,2.8,52.9,33.08,81.9
high,2035,New York,19519558,47.2,12.93,0.32,12.42,3.19,23.95,49.94,66.34
high,2035,North Carolina,12626265,53.88,19.16,0.93,5.51,4.19,16.33,57.67,70.6
high,2035,North Dakota,837058,74.08,5.07,4.79,3.1,4.17,8.78,78.06,85.31
high,2035,Ohio,12001029,69.73,13.38,0.18,4.2,4.71,7.8,74.2,80.66
high,2035,Oklahoma,4429413,53.3,7.16,7.7,3.79,9.84,18.2,62.53,77.68
high,2035,Oregon,4283767,62.43,2.56,1.02,6.96,5.96,21.07,68.15,86.16
high,2035,Pennsylvania,13077360,66.23,10.45,0.14,5.68,3.55,13.94,69.54,80.07
high,2035,Rhode Island,1142457,58.85,7.01,0.34,4.31,3.55,25.95,62.06,80.78
high,2035,South Carolina,6387882,59.99,21.42,0.33,2.86,3.85,11.55,63.56,73.07
high,2035,South Dakota,1027505,73.21,3.17,7.31,2.48,4.06,9.78,77.07,84.76
high,2035,Tennessee,8047959,66.61,13.9,0.27,3.09,4.03,12.1,70.44,80.66
high,2035,Texas,36650523,31.8,12.72,0.29,8.43,3.01,43.75,34.58,74.97
high,2035,Utah,4052389,66.54,1.54,0.79,4.78,3.93,22.42,70.27,90.18
high,2035,Vermont,633709,86.7,2.37,0.31,2.86,4.0,3.75,90.63,93.94
high,2035,Virginia,9263555,52.07,17.84,0.25,9.34,5.35,15.16,56.95,69.24
high,2035,Washington,8497076,52.26,4.7,1.07,16.31,6.67,18.98,58.44,74.54
high,2035,West Virginia,1693057,85.86,4.22,0.22,1.21,4.37,4.11,90.13,93.72
high,2035,Wisconsin,6034188,73.51,6.28,0.85,4.39,3.54,11.43,76.9,86.87
high,2035,Wyoming,599991,77.65,1.08,1.92,1.69,3.49,14.18,81.05,93.52
high,2035,United States,359313444,50.83,12.24,0.68,8.11,4.06,24.08,54.56,75.04
high,2040,Alabama,5577787,58.64,23.95,0.5,2.33,4.11,10.48,62.5,70.92
high,2040,Alaska,735525,50.06,3.01,13.89,9.59,10.17,13.28,59.29,69.61
high,2040,Arizona,8753839,42.33,6.11,3.24,6.09,4.14,38.09,46.15,80.25
high,2040,Arkansas,3375722,62.38,13.53,0.88,4.05,4.71,14.44,66.91,79.3
high,2040,California,38077844,24.29,4.65,0.37,20.37,4.4,45.92,28.22,67.01
high,2040,Colorado,6591584,53.09,4.95,0.58,6.1,4.46,30.82,57.31,84.59
high,2040,Connecticut,3975836,49.82,12.11,0.2,6.9,3.51,27.47,53.01,74.67
high,2040,Delaware,1227133,48.05,24.2,0.25,6.64,4.69,16.17,52.2,64.93
high,2040,District of Columbia,770623,35.57,33.93,0.14,7.89,4.95,17.52,39.66,52.59
high,2040,Florida,28626869,42.26,13.82,0.22,4.11,3.29,36.3,45.25,78.22
high,2040,Georgia,12807749,40.07,30.9,0.21,7.59,4.13,17.1,43.76,57.41
high,2040,Hawaii,1340119,19.33,2.43,0.25,42.7,20.9,14.38,35.02,45.18
high,2040,Idaho,2551509,71.22,1.29,0.81,2.83,4.13,19.72,75.25,92.99
high,2040,Illinois,12235664,49.13,12.56,0.17,9.58,3.66,24.91,52.52,73.56
high,2040,Indiana,7417845,64.6,11.61,0.21,4.93,4.34,14.3,68.75,81.16
high,2040,Iowa,3317608,72.64,6.29,0.35,4.19,3.79,12.73,76.27,87.57
high,2040,Kansas,3029382,64.45,5.61,0.77,4.46,4.87,19.84,69.08,86.92
high,2040,Kentucky,4830173,71.69,8.82,0.22,3.66,4.53,11.07,76.06,85.6
high,2040,Louisiana,4402595,49.28,29.97,0.63,2.64,3.47,14.01,52.46,63.72
high,2040,Maine,1521832,82.51,5.49,0.54,2.45,3.76,5.26,86.19,90.77
high,2040,Maryland,6403409,37.3,28.45,0.2,8.83,4.98,20.24,41.63,56.68
high,2040,Massachusetts,7547570,55.16,9.47,0.16,11.21,3.88,20.11,58.77,74.12
high,2040,Michigan,10011427,66.69,12.94,0.54,6.0,4.81,9.02,71.24,79.07
high,2040,Minnesota,6073459,64.48,11.14,1.04,7.57,4.54,11.22,68.77,78.23
high,2040,Mississippi,2869234,51.37,34.35,0.58,2.19,3.03,8.48,54.16,60.83
high,2040,Missouri,6485048,70.7,10.54,0.47,3.85,5.19,9.25,75.65,83.69
high,2040,Montana,1288708,78.89,0.82,5.3,1.58,4.8,8.61,83.54,90.88
high,2040,Nebraska,2161457,62.75,5.7,0.82,4.14,4.26,22.33,66.78,85.75
high,2040,Nevada,3737087,30.59,10.24,0.66,13.6,6.63,38.27,36.35,68.97
high,2040,New Hampshire,1465450,81.31,2.46,0.2,4.29,3.17,8.57,84.39,91.8
high,2040,New Jersey,10267286,39.99,11.94,0.14,14.05,2.85,31.02,42.47,66.59
high,2040,New Mexico,2079263,28.16,2.56,9.01,2.62,2.98,54.67,30.91,81.4
high,2040,New York,19167029,44.99,12.45,0.32,13.31,3.41,25.51,47.92,65.41
high,2040,North Carolina,13306856,51.55,18.76,0.91,6.14,4.45,18.19,55.57,70.0
high,2040,North Dakota,852358,71.07,5.64,4.75,3.54,4.43,10.57,75.3,84.03
high,2040,Ohio,11996570,67.15,13.67,0.19,4.77,5.11,9.11,71.99,79.55
high,2040,Oklahoma,4577122,50.64,7.09,7.57,4.19,10.1,20.41,60.11,77.13
high,2040,Oregon,4269380,58.5,2.79,1.01,7.6,6.29,23.8,64.53,84.89
high,2040,Pennsylvania,13025143,63.21,10.33,0.15,6.27,3.85,16.19,66.79,79.04
high,2040,Rhode Island,1150785,54.95,7.2,0.33,4.52,3.76,29.25,58.33,79.49
high,2040,South Carolina,6765395,58.96,20.42,0.33,3.15,4.07,13.07,62.72,73.51
high,2040,South Dakota,1072128,70.66,3.56,6.95,2.76,4.28,11.79,74.73,84.01
high,2040,Tennessee,8399964,64.9,13.26,0.29,3.4,4.24,13.91,68.94,80.69
high,2040,Texas,39079895,29.4,12.9,0.29,9.2,3.15,45.05,32.31,73.93
high,2040,Utah,4305453,63.48,1.66,0.76,5.13,4.18,24.79,67.44,89.48
high,2040,Vermont,621873,85.2,2.76,0.3,3.24,4.23,4.27,89.34,93.12
high,2040,Virginia,9402919,49.6,17.54,0.26,10.01,5.76,16.83,54.85,68.51
high,2040,Washington,8716737,48.06,4.93,1.03,18.22,6.99,20.78,54.52,72.16
high,2040,West Virginia,1650765,84.28,4.4,0.24,1.33,4.73,5.01,88.91,93.29
high,2040,Wisconsin,6015959,71.2,6.3,0.85,4.89,3.83,12.93,74.85,86.15
high,2040,Wyoming,600416,75.69,1.16,1.87,1.92,3.63,15.74,79.21,93.06
high,2040,United States,366533381,48.23,12.2,0.68,8.71,4.29,25.9,52.16,74.22
high,2045,Alabama,5693006,57.36,23.36,0.5,2.48,4.32,11.97,61.41,71.04
high,2045,Alaska,731664,47.71,3.02,13.51,10.04,10.39,15.33,57.15,69.06
high,2045,Arizona,9084532,39.63,6.46,3.11,6.58,4.37,39.84,43.66,79.37
high,2045,Arkansas,3457271,60.71,13.08,0.92,4.51,4.82,15.97,65.34,79.05
high,2045,California,37394939,21.82,4.42,0.35,21.5,4.6,47.31,25.92,65.9
high,2045,Colorado,6757437,49.77,5.19,0.57,6.7,4.65,33.13,54.16,83.5
high,2045,Connecticut,4058576,46.24,12.45,0.2,7.36,3.72,30.03,49.62,73.33
high,2045,Delaware,1269764,45.22,24.67,0.24,7.16,4.97,17.72,49.61,63.6
high,2045,District of Columbia,796534,34.86,32.4,0.13,8.47,5.21,18.93,39.15,53.12
high,2045,Florida,30209858,40.15,13.59,0.22,4.3,3.43,38.32,43.26,78.1
high,2045,Georgia,13249385,37.73,30.66,0.21,8.25,4.37,18.77,41.63,56.64
high,2045,Hawaii,1299986,18.68,2.68,0.27,41.22,21.22,15.93,34.59,45.83
high,2045,Idaho,2719659,69.15,1.41,0.75,3.07,4.3,21.32,73.34,92.54
high,2045,Illinois,12007172,46.52,12.13,0.17,10.6,3.92,26.66,50.15,72.67
high,2045,Indiana,7544533,61.57,12.11,0.22,5.52,4.59,15.99,65.96,79.84
high,2045,Iowa,3331747,69.62,6.89,0.37,4.6,4.05,14.48,73.49,86.34
high,2045,Kansas,3032656,62.07,5.6,0.77,4.81,4.97,21.77,66.79,86.38
high,2045,Kentucky,4896775,68.92,8.97,0.23,4.13,4.8,12.94,73.55,84.72
high,2045,Louisiana,4312233,47.3,29.38,0.64,2.82,3.63,16.23,50.63,63.68
high,2045,Maine,1547663,80.12,6.52,0.53,2.72,3.95,6.15,83.99,89.35
high,2045,Maryland,6415641,34.7,27.89,0.2,9.24,5.3,22.67,39.29,56.17
high,2045,Massachusetts,7651258,51.43,10.01,0.16,12.13,4.19,22.08,55.33,72.19
high,2045,Michigan,9894477,64.79,12.76,0.55,6.73,5.14,10.03,69.65,78.35
high,2045,Minnesota,6121069,60.97,12.29,1.04,8.12,4.83,12.74,65.52,76.28
high,2045,Mississippi,2831111,50.23,33.48,0.6,2.47,3.17,10.05,53.14,61.06
high,2045,Missouri,6524400,69.03,10.31,0.49,4.23,5.43,10.51,74.21,83.35
high,2045,Montana,1331164,77.45,0.9,5.12,1.74,4.99,9.8,82.29,90.64
high,2045,Nebraska,2205885,59.06,5.89,0.83,4.46,4.53,25.23,63.36,84.81
high,2045,Nevada,3877269,27.32,10.3,0.63,14.35,7.02,40.38,33.41,67.88
high,2045,New Hampshire,1464815,79.24,2.76,0.2,4.72,3.27,9.81,82.42,90.91
high,2045,New Jersey,10462834,37.01,11.67,0.14,14.86,3.01,33.32,39.62,65.56
high,2045,New Mexico,2049116,25.97,2.76,8.93,2.84,3.16,56.34,28.88,80.96
high,2045,New York,18774382,42.8,11.94,0.32,14.19,3.63,27.11,45.9,64.51
high,2045,North Carolina,13982417,49.31,18.35,0.89,6.71,4.7,20.04,53.55,69.47
high,2045,North Dakota,867817,68.0,6.21,4.68,3.96,4.66,12.49,72.44,82.78
high,2045,Ohio,11981231,64.51,13.95,0.19,5.35,5.49,10.51,69.71,78.44
high,2045,Oklahoma,4729592,48.06,7.01,7.39,4.55,10.32,22.67,57.73,76.67
high,2045,Oregon,4255877,54.53,3.02,1.0,8.22,6.57,26.65,60.84,83.66
high,2045,Pennsylvania,12964042,60.11,10.18,0.16,6.84,4.13,18.58,63.94,78.03
high,2045,Rhode Island,1157042,51.05,7.36,0.32,4.7,3.94,32.63,54.58,78.24
high,2045,South Carolina,7131421,57.9,19.49,0.32,3.41,4.28,14.6,61.85,73.92
high,2045,South Dakota,1118568,68.05,3.96,6.58,3.03,4.48,13.9,72.32,83.28
high,2045,Tennessee,8754978,63.2,12.63,0.29,3.69,4.43,15.76,67.42,80.75
high,2045,Texas,41494197,27.24,13.05,0.29,9.89,3.29,46.24,30.27,73.0
high,2045,Utah,4558052,60.51,1.77,0.72,5.46,4.42,27.13,64.69,88.82
high,2045,Vermont,608524,83.62,3.16,0.3,3.64,4.46,4.82,87.99,92.26
high,2045,Virginia,9519429,47.15,17.21,0.26,10.65,6.17,18.55,52.76,67.84
high,2045,Washington,8931495,44.0,5.14,0.98,20.03,7.26,22.59,50.72,69.91
high,2045,West Virginia,1610265,82.63,4.58,0.25,1.45,5.09,6.0,87.6,92.85
high,2045,Wisconsin,5980730,68.76,6.32,0.85,5.41,4.11,14.55,72.68,85.41
high,2045,Wyoming,599746,73.63,1.24,1.82,2.15,3.75,17.4,77.27,92.6
high,2045,United States,373244235,45.71,12.15,0.67,9.27,4.51,27.7,49.84,73.46
high,2050,Alabama,5813314,56.09,22.75,0.51,2.62,4.51,13.53,60.31,71.2
high,2050,Alaska,728336,45.4,3.02,13.04,10.46,10.56,17.51,54.99,68.62
high,2050,Arizona,9408705,37.16,6.79,2.98,7.03,4.58,41.45,41.38,78.58
high,2050,Arkansas,3540749,59.11,12.62,0.96,4.94,4.91,17.47,63.82,78.84
high,2050,California,36650698,19.58,4.19,0.34,22.6,4.77,48.52,23.83,64.86
high,2050,Colorado,6923547,46.59,5.41,0.56,7.26,4.8,35.38,51.12,82.47
high,2050,Connecticut,4145045,42.85,12.73,0.2,7.78,3.91,32.53,46.39,72.12
high,2050,Delaware,1310015,42.52,25.07,0.24,7.65,5.24,19.28,47.13,62.38
high,2050,District of Columbia,821503,34.08,31.08,0.12,8.98,5.44,20.3,38.54,53.5
high,2050,Florida,31753903,38.31,13.35,0.22,4.45,3.55,40.12,41.53,78.04
high,2050,Georgia,13671404,35.55,30.36,0.21,8.86,4.6,20.42,39.65,56.0
high,2050,Hawaii,1259339,18.13,2.93,0.29,39.55,21.49,17.61,34.23,46.64
high,2050,Idaho,2888840,67.18,1.51,0.71,3.28,4.45,22.88,71.51,92.12
high,2050,Illinois,11773927,43.98,11.68,0.18,11.63,4.17,28.36,47.84,71.79
high,2050,Indiana,7679299,58.61,12.59,0.22,6.08,4.83,17.69,63.21,78.58
high,2050,Iowa,3351746,66.6,7.5,0.39,4.99,4.28,16.25,70.69,85.13
high,2050,Kansas,3039228,59.74,5.58,0.77,5.14,5.05,23.72,64.54,85.89
high,2050,Kentucky,4970286,66.16,9.1,0.24,4.58,5.05,14.86,71.03,83.87
high,2050,Louisiana,4229214,45.29,28.7,0.64,3.0,3.77,18.6,48.74,63.72
high,2050,Maine,1574724,77.74,7.59,0.53,2.98,4.12,7.05,81.78,87.93
high,2050,Maryland,6425625,32.18,27.22,0.19,9.61,5.61,25.19,37.03,55.8
high,2050,Massachusetts,7760187,47.83,10.53,0.16,12.99,4.47,24.02,51.98,70.35
high,2050,Michigan,9776381,62.89,12.56,0.56,7.47,5.45,11.07,68.04,77.66
high,2050,Minnesota,6172518,57.46,13.46,1.04,8.63,5.1,14.31,62.26,74.35
high,2050,Mississippi,2796108,49.09,32.5,0.63,2.75,3.29,11.75,52.1,61.37
high,2050,Missouri,6565277,67.37,10.07,0.51,4.6,5.64,11.81,72.75,83.04
high,2050,Montana,1375758,76.09,0.97,4.91,1.89,5.15,10.98,81.08,90.46
high,2050,Nebraska,2256902,55.47,6.05,0.83,4.74,4.77,28.14,59.98,83.94
high,2050,Nevada,4013063,24.4,10.33,0.6,14.98,7.36,42.33,30.78,66.95
high,2050,New Hampshire,1461884,77.14,3.05,0.21,5.14,3.36,11.1,80.41,90.02
high,2050,New Jersey,10652092,34.21,11.36,0.14,15.59,3.15,35.54,36.94,64.64
high,2050,New Mexico,2019896,24.01,2.97,8.8,3.05,3.32,57.85,27.07,80.58
high,2050,New York,18372630,40.69,11.39,0.32,15.05,3.83,28.72,43.95,63.67
high,2050,North Carolina,14665769,47.19,17.94,0.87,7.24,4.92,21.84,51.64,69.01
high,2050,North Dakota,887083,64.96,6.75,4.56,4.36,4.85,14.51,69.59,81.62
high,2050,Ohio,11976196,61.86,14.21,0.2,5.91,5.86,11.98,67.39,77.36
high,2050,Oklahoma,4892211,45.61,6.91,7.17,4.88,10.49,24.94,55.44,76.3
high,2050,Oregon,4249996,50.64,3.23,0.98,8.8,6.82,29.54,57.18,82.51
high,2050,Pennsylvania,12925785,57.01,9.99,0.16,7.39,4.39,21.06,61.07,77.07
high,2050,Rhode Island,1163796,47.25,7.47,0.32,4.86,4.11,36.0,50.92,77.07
high,2050,South Carolina,7493455,56.82,18.63,0.32,3.64,4.49,16.11,60.95,74.28
high,2050,South Dakota,1168517,65.45,4.34,6.19,3.29,4.65,16.09,69.88,82.58
high,2050,Tennessee,9119688,61.52,12.0,0.3,3.94,4.61,17.62,65.91,80.83
high,2050,Texas,43900214,25.33,13.19,0.29,10.49,3.41,47.3,28.47,72.2
high,2050,Utah,4810769,57.66,1.87,0.69,5.75,4.62,29.41,62.04,88.21
high,2050,Vermont,595950,82.03,3.56,0.29,4.04,4.7,5.39,86.63,91.41
high,2050,Virginia,9624705,44.78,16.87,0.27,11.24,6.55,20.3,50.73,67.24
high,2050,Washington,9150224,40.18,5.33,0.92,21.72,7.49,24.36,47.11,67.83
high,2050,West Virginia,1574251,80.93,4.76,0.26,1.56,5.42,7.07,86.22,92.42
high,2050,Wisconsin,5946441,66.31,6.32,0.84,5.92,4.38,16.24,70.48,84.68
high,2050,Wyoming,599639,71.55,1.31,1.77,2.38,3.86,19.13,75.29,92.15
high,2050,United States,379926832,43.34,12.08,0.65,9.78,4.7,29.44,47.65,72.78
high,2055,Alabama,5944359,54.86,22.12,0.5,2.73,4.68,15.11,59.24,71.4
high,2055,Alaska,726794,43.13,3.02,12.51,10.83,10.66,19.84,52.82,68.26
high,2055,Arizona,9729973,34.98,7.1,2.84,7.42,4.77,42.9,39.36,77.9
high,2055,Arkansas,3628196,57.62,12.15,0.99,5.35,4.98,18.9,62.4,78.66
high,2055,California,35885503,17.58,3.96,0.33,23.66,4.93,49.54,21.97,63.9
high,2055,Colorado,7093641,43.59,5.62,0.55,7.79,4.93,37.53,48.25,81.51
high,2055,Connecticut,4240538,39.73,12.95,0.2,8.14,4.08,34.9,43.43,71.07
high,2055,Delaware,1351273,40.06,25.37,0.23,8.07,5.48,20.79,44.86,61.34
high,2055,District of Columbia,846132,33.29,29.94,0.1,9.42,5.63,21.61,37.89,53.8
high,2055,Florida,33295876,36.75,13.11,0.22,4.56,3.66,41.69,40.07,78.05
high,2055,Georgia,14083338,33.53,30.0,0.21,9.42,4.81,22.02,37.82,55.48
high,2055,Hawaii,1220513,17.69,3.18,0.31,37.75,21.71,19.36,33.94,47.57
high,2055,Idaho,3059677,65.31,1.62,0.66,3.46,4.58,24.38,69.76,91.74
high,2055,Illinois,11547243,41.59,11.22,0.19,12.66,4.4,29.95,45.65,70.95
high,2055,Indiana,7826181,55.76,13.04,0.22,6.6,5.03,19.35,60.56,77.39
high,2055,Iowa,3378556,63.63,8.09,0.4,5.34,4.49,18.04,67.92,83.96
high,2055,Kansas,3049845,57.51,5.56,0.76,5.44,5.11,25.62,62.36,85.44
high,2055,Kentucky,5054218,63.45,9.21,0.24,5.0,5.28,16.81,68.54,83.07
high,2055,Louisiana,4157973,43.28,27.93,0.64,3.16,3.9,21.09,46.84,63.85
high,2055,Maine,1606107,75.43,8.65,0.52,3.2,4.27,7.92,79.62,86.54
high,2055,Maryland,6445066,29.82,26.43,0.19,9.91,5.9,27.76,34.9,55.61
high,2055,Massachusetts,7886867,44.45,11.02,0.16,13.75,4.72,25.9,48.82,68.65
high,2055,Michigan,9666293,61.06,12.34,0.56,8.19,5.74,12.11,66.47,77.0
high,2055,Minnesota,6235881,54.05,14.62,1.03,9.09,5.33,15.88,59.07,72.51
high,2055,Mississippi,2767002,47.96,31.42,0.64,3.02,3.39,13.57,51.07,61.77
high,2055,Missouri,6614349,65.76,9.82,0.52,4.93,5.83,13.14,71.31,82.76
high,2055,Montana,1422598,74.81,1.04,4.69,2.02,5.28,12.15,79.94,90.32
high,2055,Nebraska,2314941,52.01,6.19,0.82,4.99,4.97,31.01,56.72,83.14
high,2055,Nevada,4146399,21.83,10.35,0.57,15.51,7.66,44.08,28.46,66.18
high,2055,New Hampshire,1460857,75.09,3.34,0.21,5.52,3.44,12.4,78.43,89.18
high,2055,New Jersey,10848610,31.68,11.04,0.15,16.23,3.27,37.64,34.51,63.88
high,2055,New Mexico,1991739,22.32,3.19,8.61,3.25,3.46,59.18,25.51,80.29
high,2055,New York,17994747,38.7,10.82,0.32,15.85,4.02,30.29,42.1,62.91
high,2055,North Carolina,15366465,45.24,17.54,0.84,7.7,5.12,23.55,49.86,68.63
high,2055,North Dakota,910337,62.0,7.25,4.42,4.72,5.0,16.61,66.77,80.55
high,2055,Ohio,11994821,59.24,14.44,0.2,6.44,6.19,13.49,65.09,76.32
high,2055,Oklahoma,5065552,43.31,6.8,6.91,5.17,10.63,27.18,53.27,76.03
high,2055,Oregon,4252349,46.86,3.42,0.95,9.32,7.02,32.42,53.59,81.43
high,2055,Pennsylvania,12926258,53.98,9.76,0.17,7.88,4.63,23.59,58.25,76.19
high,2055,Rhode Island,1172870,43.68,7.51,0.31,4.99,4.24,39.28,47.46,76.05
high,2055,South Carolina,7859644,55.78,17.82,0.31,3.84,4.67,17.58,60.08,74.64
high,2055,South Dakota,1222583,62.85,4.7,5.79,3.52,4.79,18.35,67.41,81.91
high,2055,Tennessee,9501499,59.89,11.4,0.3,4.16,4.78,19.47,64.43,80.93
high,2055,Texas,46297838,23.65,13.3,0.28,11.02,3.53,48.22,26.91,71.5
high,2055,Utah,5059184,54.91,1.96,0.65,6.02,4.81,31.66,59.46,87.64
high,2055,Vermont,584885,80.49,3.95,0.28,4.41,4.91,5.95,85.3,90.59
high,2055,Virginia,9732238,42.53,16.51,0.27,11.76,6.9,22.02,48.79,66.74
high,2055,Washington,9379906,36.65,5.48,0.86,23.27,7.67,26.06,43.75,65.94
high,2055,West Virginia,1542482,79.21,4.93,0.27,1.67,5.72,8.2,84.79,91.98
high,2055,Wisconsin,5922138,63.91,6.31,0.83,6.4,4.62,17.93,68.31,84.01
high,2055,Wyoming,599869,69.48,1.38,1.7,2.59,3.94,20.9,73.3,91.72
high,2055,United States,386912201,41.17,11.99,0.64,10.23,4.88,31.09,45.63,72.19
high,2060,Alabama,6083643,53.69,21.46,0.5,2.82,4.82,16.71,58.21,71.66
high,2060,Alaska,727014,40.86,3.01,11.92,11.16,10.71,22.33,50.59,67.97
high,2060,Arizona,10044597,33.03,7.38,2.7,7.77,4.93,44.19,37.57,77.32
high,2060,Arkansas,3716415,56.22,11.69,1.02,5.75,5.04,20.28,61.06,78.52
high,2060,California,35105509,15.82,3.74,0.31,24.68,5.07,50.38,20.32,62.99
high,2060,Colorado,7266208,40.76,5.8,0.54,8.28,5.03,39.59,45.51,80.62
high,2060,Connecticut,4346639,36.94,13.09,0.19,8.43,4.23,37.11,40.76,70.19
high,2060,Delaware,1393926,37.83,25.58,0.22,8.44,5.7,22.23,42.81,60.45
high,2060,District of Columbia,870151,32.54,28.93,0.09,9.8,5.8,22.84,37.25,54.06
high,2060,Florida,34826424,35.44,12.86,0.22,4.65,3.76,43.06,38.85,78.11
high,2060,Georgia,14486052,31.69,29.6,0.21,9.91,5.01,23.57,36.16,55.08
high,2060,Hawaii,1184347,17.34,3.44,0.33,35.86,21.85,21.17,33.68,48.58
high,2060,Idaho,3229731,63.5,1.72,0.61,3.63,4.69,25.86,68.06,91.38
high,2060,Illinois,11324591,39.35,10.74,0.2,13.68,4.61,31.42,43.6,70.15
high,2060,Indiana,7980215,53.04,13.46,0.21,7.09,5.22,20.99,58.02,76.27
high,2060,Iowa,3409679,60.71,8.69,0.41,5.67,4.68,19.84,65.19,82.83
high,2060,Kansas,3061510,55.35,5.53,0.75,5.72,5.16,27.5,60.25,85.02
high,2060,Kentucky,5146029,60.81,9.29,0.25,5.39,5.49,18.78,66.09,82.34
high,2060,Louisiana,4095999,41.29,27.08,0.63,3.31,4.0,23.69,44.94,64.08
high,2060,Maine,1640969,73.21,9.72,0.51,3.4,4.39,8.77,77.51,85.18
high,2060,Maryland,6474986,27.62,25.56,0.18,10.14,6.16,30.33,32.92,55.57
high,2060,Massachusetts,8032575,41.33,11.48,0.16,14.4,4.94,27.68,45.89,67.1
high,2060,Michigan,9564038,59.3,12.09,0.56,8.89,6.01,13.15,64.96,76.39
high,2060,Minnesota,6308682,50.77,15.75,1.02,9.48,5.53,17.45,55.97,70.76
high,2060,Mississippi,2742220,46.84,30.25,0.66,3.29,3.47,15.49,50.02,62.25
high,2060,Missouri,6666063,64.18,9.57,0.53,5.25,6.0,14.49,69.89,82.52
high,2060,Montana,1469190,73.58,1.1,4.46,2.14,5.4,13.33,78.81,90.22
high,2060,Nebraska,2377672,48.67,6.31,0.81,5.2,5.14,33.86,53.54,82.41
high,2060,Nevada,4276366,19.54,10.35,0.53,15.97,7.93,45.67,26.41,65.52
high,2060,New Hampshire,1462738,73.12,3.61,0.21,5.87,3.5,13.69,76.51,88.4
high,2060,New Jersey,11054899,29.41,10.7,0.15,16.77,3.39,39.59,32.33,63.26
high,2060,New Mexico,1962160,20.81,3.43,8.38,3.44,3.59,60.35,24.14,80.05
high,2060,New York,17649118,36.84,10.24,0.32,16.6,4.19,31.82,40.37,62.25
high,2060,North Carolina,16083182,43.46,17.14,0.82,8.1,5.31,25.18,48.24,68.34
high,2060,North Dakota,936819,59.08,7.72,4.24,5.04,5.11,18.81,63.95,79.57
high,2060,Ohio,12032485,56.68,14.63,0.2,6.95,6.5,15.04,62.81,75.34
high,2060,Oklahoma,5244749,41.12,6.69,6.63,5.42,10.72,29.41,51.18,75.84
high,2060,Oregon,4260126,43.18,3.59,0.92,9.8,7.18,35.32,50.06,80.42
high,2060,Pennsylvania,12962585,51.05,9.49,0.17,8.33,4.84,26.13,55.5,75.41
high,2060,Rhode Island,1185184,40.38,7.49,0.29,5.08,4.34,42.41,44.24,75.17
high,2060,South Carolina,8228714,54.79,17.05,0.31,4.01,4.85,19.0,59.25,75.01
high,2060,South Dakota,1279982,60.22,5.05,5.38,3.75,4.9,20.7,64.89,81.25
high,2060,Tennessee,9898680,58.32,10.81,0.31,4.35,4.92,21.3,63.0,81.06
high,2060,Texas,48666125,22.17,13.41,0.28,11.47,3.63,49.03,25.53,70.9
high,2060,Utah,5298082,52.19,2.04,0.61,6.27,4.98,33.9,56.9,87.08
high,2060,Vermont,575065,79.02,4.32,0.27,4.77,5.1,6.51,84.02,89.81
high,2060,Virginia,9841291,40.43,16.14,0.27,12.21,7.23,23.72,46.97,66.33
high,2060,Washington,9617748,33.4,5.61,0.81,24.69,7.81,27.69,40.62,64.23
high,2060,West Virginia,1513596,77.45,5.1,0.27,1.77,6.01,9.4,83.31,91.56
high,2060,Wisconsin,5906312,61.59,6.29,0.81,6.85,4.84,19.62,66.19,83.39
high,2060,Wyoming,599417,67.35,1.45,1.64,2.81,4.01,22.74,71.24,91.29
high,2060,United States,394110500,39.16,11.9,0.62,10.63,5.03,32.65,43.76,71.68
high,2065,Alabama,6229979,52.54,20.78,0.49,2.89,4.96,18.33,57.18,71.96
high,2065,Alaska,728812,38.56,2.99,11.28,11.45,10.7,25.02,48.28,67.74
high,2065,Arizona,10349240,31.26,7.63,2.56,8.07,5.09,45.39,35.94,76.81
high,2065,Arkansas,3803849,54.88,11.24,1.05,6.12,5.09,21.62,59.76,78.39
high,2065,California,34313803,14.22,3.53,0.3,25.67,5.19,51.1,18.82,62.12
high,2065,Colorado,7441167,38.04,5.97,0.52,8.75,5.11,41.61,42.87,79.78
high,2065,Connecticut,4460018,34.42,13.17,0.19,8.67,4.36,39.19,38.34,69.46
high,2065,Delaware,1436491,35.76,25.73,0.22,8.75,5.91,23.64,40.9,59.69
high,2065,District of Columbia,893029,31.82,28.02,0.08,10.13,5.96,24.0,36.63,54.3
high,2065,Florida,36324066,34.3,12.61,0.22,4.72,3.86,44.29,37.79,78.2
high,2065,Georgia,14879252,30.0,29.17,0.21,10.36,5.2,25.06,34.63,54.77
high,2065,Hawaii,1150790,17.05,3.7,0.35,33.93,21.91,23.06,33.41,49.63
high,2065,Idaho,3397324,61.69,1.82,0.56,3.78,4.79,27.35,66.36,91.03
high,2065,Illinois,11102132,37.19,10.27,0.21,14.7,4.81,32.83,41.61,69.37
high,2065,Indiana,8138367,50.41,13.85,0.21,7.53,5.38,22.61,55.54,75.23
high,2065,Iowa,3442633,57.8,9.28,0.42,5.98,4.86,21.66,62.44,81.72
high,2065,Kansas,3072456,53.21,5.5,0.73,5.97,5.18,29.4,58.13,84.63
high,2065,Kentucky,5244111,58.22,9.34,0.25,5.74,5.68,20.77,63.69,81.68
high,2065,Louisiana,4040042,39.29,26.16,0.62,3.44,4.09,26.4,43.02,64.38
high,2065,Maine,1677039,71.03,10.8,0.49,3.57,4.49,9.61,75.43,83.84
high,2065,Maryland,6511072,25.56,24.62,0.18,10.33,6.4,32.93,31.04,55.65
high,2065,Massachusetts,8191267,38.43,11.91,0.16,14.97,5.13,29.4,43.16,65.7
high,2065,Michigan,9459932,57.57,11.85,0.57,9.59,6.25,14.18,63.45,75.8
high,2065,Minnesota,6383972,47.56,16.86,1.0,9.83,5.7,19.05,52.91,69.07
high,2065,Mississippi,2722060,45.7,29.01,0.67,3.55,3.55,17.52,48.95,62.8
high,2065,Missouri,6714246,62.58,9.32,0.53,5.54,6.15,15.88,68.43,82.29
high,2065,Montana,1513113,72.34,1.15,4.23,2.24,5.5,14.54,77.68,90.13
high,2065,Nebraska,2443844,45.38,6.41,0.8,5.38,5.29,36.74,50.39,81.73
high,2065,Nevada,4401688,17.5,10.33,0.5,16.36,8.16,47.15,24.56,64.98
high,2065,New Hampshire,1465913,71.2,3.88,0.21,6.2,3.55,14.97,74.64,87.65
high,2065,New Jersey,11264301,27.37,10.35,0.14,17.22,3.48,41.43,30.36,62.77
high,2065,New Mexico,1929475,19.42,3.67,8.11,3.62,3.73,61.45,22.87,79.84
high,2065,New York,17323165,35.06,9.65,0.32,17.3,4.34,33.33,38.71,61.64
high,2065,North Carolina,16813170,41.8,16.74,0.79,8.45,5.48,26.74,46.74,68.11
high,2065,North Dakota,965765,56.15,8.16,4.04,5.33,5.19,21.12,61.1,78.65
high,2065,Ohio,12079256,54.16,14.8,0.2,7.42,6.79,16.63,60.55,74.42
high,2065,Oklahoma,5428574,39.0,6.58,6.33,5.64,10.79,31.67,49.12,75.69
high,2065,Oregon,4271813,39.55,3.75,0.88,10.24,7.3,38.27,46.55,79.47
high,2065,Pennsylvania,13020575,48.19,9.19,0.18,8.72,5.02,28.7,52.81,74.7
high,2065,Rhode Island,1199491,37.32,7.42,0.28,5.13,4.42,45.42,41.25,74.4
high,2065,South Carolina,8598710,53.83,16.31,0.3,4.15,5.02,20.39,58.45,75.38
high,2065,South Dakota,1340585,57.52,5.4,4.98,3.96,4.99,23.15,62.27,80.58
high,2065,Tennessee,10308150,56.77,10.25,0.31,4.5,5.05,23.12,61.58,81.21
high,2065,Texas,50994338,20.84,13.5,0.28,11.86,3.73,49.79,24.28,70.37
high,2065,Utah,5526988,49.44,2.13,0.58,6.51,5.13,36.2,54.3,86.55
high,2065,Vermont,565431,77.6,4.68,0.26,5.13,5.27,7.07,82.76,89.06
high,2065,Virginia,9946261,38.43,15.76,0.27,12.61,7.53,25.4,45.24,65.99
high,2065,Washington,9859279,30.35,5.71,0.75,25.98,7.91,29.31,37.67,62.67
high,2065,West Virginia,1486871,75.66,5.26,0.28,1.85,6.27,10.67,81.78,91.15
high,2065,Wisconsin,5891470,59.28,6.26,0.78,7.27,5.05,21.35,64.08,82.8
high,2065,Wyoming,598140,65.12,1.52,1.57,3.02,4.08,24.69,69.07,90.85
high,2065,United States,401343516,37.28,11.79,0.6,10.99,5.17,34.17,42.01,71.24
high,2070,Alabama,6379712,51.39,20.1,0.48,2.95,5.08,20.0,56.14,72.27
high,2070,Alaska,732289,36.19,2.97,10.59,11.7,10.63,27.92,45.86,67.57
high,2070,Arizona,10635368,29.63,7.87,2.42,8.34,5.23,46.52,34.44,76.37
high,2070,Arkansas,3888116,53.57,10.8,1.08,6.47,5.14,22.94,58.5,78.28
high,2070,California,33495735,12.74,3.32,0.28,26.62,5.3,51.74,17.43,61.3
high,2070,Colorado,7615414,35.41,6.12,0.51,9.18,5.18,43.61,40.3,79.0
high,2070,Connecticut,4575265,32.08,13.2,0.19,8.86,4.48,41.19,36.11,68.84
high,2070,Delaware,1477616,33.78,25.82,0.21,9.03,6.1,25.05,39.09,59.03
high,2070,District of Columbia,914072,31.11,27.19,0.07,10.4,6.1,25.13,36.03,54.52
high,2070,Florida,37746111,33.28,12.36,0.22,4.77,3.95,45.42,36.85,78.31
high,2070,Georgia,15254956,28.42,28.7,0.21,10.74,5.39,26.54,33.2,54.56
high,2070,Hawaii,1119440,16.79,3.95,0.36,31.97,21.89,25.04,33.14,50.74
high,2070,Idaho,3562711,59.89,1.93,0.52,3.91,4.89,28.87,64.65,90.69
high,2070,Illinois,10874781,35.08,9.79,0.22,15.72,4.99,34.2,39.66,68.59
high,2070,Indiana,8296816,47.85,14.21,0.21,7.95,5.54,24.24,53.13,74.24
high,2070,Iowa,3476458,54.9,9.87,0.43,6.26,5.02,23.53,59.69,80.64
high,2070,Kansas,3081878,51.06,5.47,0.72,6.21,5.2,31.34,56.0,84.25
high,2070,Kentucky,5346495,55.68,9.38,0.25,6.04,5.85,22.8,61.31,81.08
high,2070,Louisiana,3988763,37.27,25.18,0.61,3.55,4.17,29.22,41.07,64.73
high,2070,Maine,1711674,68.86,11.91,0.48,3.73,4.58,10.44,73.35,82.5
high,2070,Maryland,6548857,23.56,23.62,0.17,10.46,6.62,35.57,29.22,55.83
high,2070,Massachusetts,8353415,35.69,12.34,0.16,15.45,5.3,31.06,40.56,64.4
high,2070,Michigan,9343345,55.84,11.6,0.56,10.27,6.48,15.24,61.93,75.22
high,2070,Minnesota,6458286,44.39,17.96,0.98,10.13,5.85,20.69,49.88,67.44
high,2070,Mississippi,2705340,44.52,27.73,0.68,3.8,3.61,19.66,47.83,63.38
high,2070,Missouri,6754441,60.96,9.08,0.54,5.81,6.29,17.33,66.95,82.08
high,2070,Montana,1553790,71.09,1.2,4.0,2.34,5.58,15.79,76.51,90.04
high,2070,Nebraska,2512955,42.15,6.49,0.79,5.53,5.41,39.63,47.26,81.1
high,2070,Nevada,4519266,15.64,10.3,0.47,16.69,8.36,48.54,22.88,64.52
high,2070,New Hampshire,1467215,69.28,4.14,0.21,6.51,3.59,16.27,72.76,86.91
high,2070,New Jersey,11468676,25.48,10.0,0.14,17.61,3.57,43.2,28.54,62.35
high,2070,New Mexico,1892616,18.1,3.92,7.83,3.8,3.86,62.48,21.68,79.64
high,2070,New York,17005319,33.33,9.07,0.31,17.95,4.49,34.85,37.09,61.07
high,2070,North Carolina,17542061,40.24,16.34,0.77,8.74,5.64,28.28,45.31,67.94
high,2070,North Dakota,996835,53.21,8.58,3.83,5.58,5.24,23.55,58.21,77.79
high,2070,Ohio,12124099,51.65,14.95,0.2,7.87,7.06,18.28,58.29,73.54
high,2070,Oklahoma,5616455,36.91,6.45,6.02,5.82,10.84,33.96,47.07,75.59
high,2070,Oregon,4288315,35.96,3.89,0.84,10.63,7.39,41.3,43.04,78.58
high,2070,Pennsylvania,13085383,45.37,8.88,0.18,9.06,5.19,31.33,50.13,74.05
high,2070,Rhode Island,1213806,34.43,7.3,0.27,5.16,4.49,48.36,38.41,73.72
high,2070,South Carolina,8962918,52.88,15.6,0.29,4.27,5.18,21.78,57.64,75.74
high,2070,South Dakota,1404823,54.75,5.74,4.59,4.15,5.05,25.72,59.56,79.91
high,2070,Tennessee,10722869,55.23,9.7,0.31,4.62,5.18,24.96,60.16,81.36
high,2070,Texas,53253573,19.61,13.58,0.27,12.19,3.83,50.52,23.14,69.92
high,2070,Utah,5752564,46.72,2.21,0.55,6.73,5.27,38.52,51.71,86.03
high,2070,Vermont,555113,76.19,5.02,0.25,5.47,5.44,7.63,81.52,88.33
high,2070,Virginia,10039214,36.5,15.37,0.28,12.95,7.82,27.08,43.56,65.7
high,2070,Washington,10098605,27.5,5.78,0.69,27.12,7.98,30.94,34.87,61.29
high,2070,West Virginia,1461953,73.83,5.41,0.28,1.94,6.52,12.02,80.19,90.76
high,2070,Wisconsin,5872807,56.96,6.23,0.76,7.67,5.24,23.13,61.94,82.24
high,2070,Wyoming,596249,62.77,1.58,1.5,3.23,4.14,26.78,66.77,90.4
high,2070,United States,408344834,35.49,11.68,0.58,11.29,5.3,35.66,40.33,70.85
high,2075,Alabama,6531643,50.21,19.41,0.47,2.99,5.2,21.71,55.07,72.59
high,2075,Alaska,738060,33.82,2.92,9.87,11.89,10.54,30.95,43.4,67.48
high,2075,Arizona,10899994,28.12,8.08,2.28,8.56,5.36,47.6,33.06,75.99
high,2075,Arkansas,3969567,52.28,10.37,1.11,6.8,5.19,24.25,57.27,78.18
high,2075,California,32663971,11.39,3.11,0.27,27.53,5.38,52.32,16.16,60.53
high,2075,Colorado,7788292,32.91,6.26,0.49,9.56,5.23,45.56,37.84,78.29
high,2075,Connecticut,4690047,29.9,13.2,0.18,9.02,4.59,43.11,34.02,68.31
high,2075,Delaware,1516914,31.88,25.87,0.2,9.26,6.3,26.48,37.35,58.45
high,2075,District of Columbia,933609,30.44,26.43,0.06,10.62,6.24,26.21,35.45,54.73
high,2075,Florida,39079468,32.35,12.13,0.22,4.8,4.04,46.46,36.0,78.43
high,2075,Georgia,15611678,26.92,28.22,0.21,11.08,5.56,28.0,31.87,54.41
high,2075,Hawaii,1090998,16.58,4.19,0.38,29.98,21.81,27.07,32.86,51.89
high,2075,Idaho,3726477,58.12,2.03,0.48,4.02,4.97,30.38,62.96,90.38
high,2075,Illinois,10649102,33.04,9.31,0.23,16.73,5.15,35.55,37.76,67.84
high,2075,Indiana,8456087,45.38,14.56,0.21,8.32,5.68,25.86,50.79,73.32
high,2075,Iowa,3513125,52.03,10.46,0.44,6.51,5.16,25.39,56.97,79.59
high,2075,Kansas,3091863,48.95,5.44,0.7,6.42,5.2,33.3,53.88,83.91
high,2075,Kentucky,5452381,53.19,9.39,0.25,6.31,6.01,24.86,58.97,80.53
high,2075,Louisiana,3945642,35.26,24.14,0.6,3.65,4.24,32.11,39.13,65.16
high,2075,Maine,1744222,66.7,13.04,0.47,3.86,4.67,11.27,71.27,81.17
high,2075,Maryland,6591850,21.63,22.58,0.16,10.55,6.83,38.25,27.46,56.09
high,2075,Massachusetts,8515136,33.11,12.74,0.16,15.86,5.44,32.69,38.11,63.21
high,2075,Michigan,9214557,54.11,11.35,0.56,10.94,6.7,16.33,60.4,74.64
high,2075,Minnesota,6538547,41.31,19.04,0.95,10.37,5.97,22.35,46.91,65.9
high,2075,Mississippi,2692724,43.3,26.41,0.69,4.03,3.67,21.9,46.66,63.99
high,2075,Missouri,6790621,59.33,8.84,0.54,6.05,6.43,18.81,65.44,81.88
high,2075,Montana,1592070,69.84,1.25,3.78,2.43,5.66,17.05,75.33,89.96
high,2075,Nebraska,2587199,39.03,6.56,0.77,5.64,5.5,42.5,44.23,80.53
high,2075,Nevada,4629366,13.99,10.25,0.44,16.95,8.54,49.84,21.37,64.16
high,2075,New Hampshire,1465526,67.35,4.4,0.21,6.81,3.63,17.6,70.86,86.18
high,2075,New Jersey,11663346,23.72,9.65,0.14,17.93,3.65,44.9,26.83,62.01
high,2075,New Mexico,1853050,16.86,4.18,7.53,3.98,3.98,63.47,20.56,79.46
high,2075,New York,16693768,31.65,8.49,0.31,18.56,4.62,36.38,35.5,60.54
high,2075,North Carolina,18261112,38.73,15.95,0.75,8.97,5.79,29.81,43.94,67.81
high,2075,North Dakota,1031211,50.3,8.97,3.61,5.8,5.27,26.05,55.32,77.0
high,2075,Ohio,12168264,49.17,15.07,0.2,8.27,7.31,19.98,56.03,72.72
high,2075,Oklahoma,5812145,34.89,6.32,5.7,5.96,10.85,36.27,45.07,75.55
high,2075,Oregon,4311574,32.5,4.0,0.8,10.95,7.45,44.31,39.63,77.79
high,2075,Pennsylvania,13156509,42.6,8.55,0.19,9.34,5.34,33.98,47.49,73.47
high,2075,Rhode Island,1227576,31.69,7.15,0.26,5.15,4.54,51.2,35.72,73.14
high,2075,South Carolina,9318728,51.92,14.92,0.29,4.36,5.34,23.16,56.82,76.09
high,2075,South Dakota,1474246,51.96,6.08,4.22,4.32,5.08,28.34,56.8,79.24
high,2075,Tennessee,11140369,53.68,9.18,0.31,4.71,5.3,26.82,58.72,81.51
high,2075,Texas,55444018,18.48,13.65,0.27,12.45,3.93,51.21,22.11,69.55
high,2075,Utah,5978010,44.08,2.28,0.51,6.92,5.39,40.82,49.18,85.56
high,2075,Vermont,544277,74.8,5.35,0.23,5.81,5.62,8.19,80.3,87.61
high,2075,Virginia,10122747,34.62,14.97,0.28,13.26,8.08,28.79,41.91,65.47
high,2075,Washington,10334615,24.86,5.84,0.63,28.09,8.03,32.56,32.28,60.09
high,2075,West Virginia,1438233,71.95,5.55,0.29,2.01,6.76,13.43,78.55,90.37
high,2075,Wisconsin,5853959,54.65,6.2,0.73,8.03,5.42,24.96,59.79,81.71
high,2075,Wyoming,594422,60.37,1.63,1.43,3.44,4.18,28.95,64.41,89.96
high,2075,United States,415132915,33.78,11.56,0.57,11.55,5.41,37.13,38.73,70.52
central,2025,Alabama,5193088,62.47,25.38,0.48,1.78,3.42,6.47,65.69,70.88
central,2025,Alaska,737270,56.76,2.94,14.69,8.18,9.19,8.24,65.09,71.49
central,2025,Arizona,7623818,51.21,4.96,3.58,4.37,3.36,32.53,54.31,83.32
central,2025,Arkansas,3114791,67.58,14.72,0.74,2.67,4.31,9.97,71.72,80.26
central,2025,California,39355309,32.53,5.3,0.4,16.86,3.74,41.18,35.88,70.57
central,2025,Colorado,6012561,63.09,4.18,0.59,4.23,3.81,24.1,66.7,88.01
central,2025,Connecticut,3688496,60.89,10.81,0.19,5.37,2.85,19.89,63.52,79.11
central,2025,Delaware,1059952,56.55,22.45,0.26,4.96,3.85,11.92,59.99,69.32
central,2025,District of Columbia,693645,37.65,39.63,0.19,5.63,3.97,12.93,40.97,50.54
central,2025,Florida,23462518,49.86,14.54,0.21,3.37,2.82,29.19,52.44,78.88
central,2025,Georgia,11302748,47.85,31.07,0.2,5.37,3.35,12.15,50.85,60.52
central,2025,Hawaii,1432820,21.47,1.76,0.19,45.99,19.98,10.61,36.53,44.04
central,2025,Idaho,2029733,77.84,0.95,0.97,1.97,3.5,14.77,81.25,94.53
central,2025,Illinois,12719141,56.71,13.67,0.14,6.77,2.85,19.86,59.37,76.12
central,2025,Indiana,6973333,73.46,10.05,0.2,3.15,3.52,9.62,76.83,85.16
central,2025,Iowa,3238387,81.03,4.62,0.3,2.97,2.96,8.12,83.87,91.06
central,2025,Kansas,2977220,71.15,5.63,0.76,3.38,4.49,14.58,75.43,88.53
central,2025,Kentucky,4606864,79.59,8.27,0.19,2.22,3.65,6.08,83.1,88.34
central,2025,Louisiana,4618189,54.74,31.2,0.58,2.07,2.94,8.46,57.44,64.22
central,2025,Maine,1414874,89.26,2.71,0.54,1.57,3.15,2.75,92.36,94.76
central,2025,Maryland,6265347,45.28,29.36,0.2,7.41,3.97,13.79,48.76,58.96
central,2025,Massachusetts,7154084,66.31,7.85,0.15,8.32,2.89,14.47,69.02,80.03
central,2025,Michigan,10127884,71.93,13.43,0.49,3.97,3.81,6.37,75.54,81.06
central,2025,Minnesota,5830405,74.3,7.96,1.02,5.87,3.61,7.24,77.71,83.8
central,2025,Mississippi,2954160,54.72,36.2,0.5,1.39,2.58,4.61,57.09,60.72
central,2025,Missouri,6270541,75.41,11.16,0.41,2.7,4.4,5.92,79.61,84.74
central,2025,Montana,1144694,83.21,0.57,5.79,1.04,4.13,5.26,87.22,91.68
central,2025,Nebraska,2018006,73.27,5.1,0.79,3.12,3.33,14.4,76.43,88.62
central,2025,Nevada,3282188,42.32,9.84,0.74,10.64,5.22,31.23,46.87,73.39
central,2025,New Hampshire,1415342,86.92,1.65,0.18,3.05,2.89,5.31,89.74,94.32
central,2025,New Jersey,9548215,49.58,12.6,0.13,11.34,2.34,24.01,51.65,70.21
central,2025,New Mexico,2125498,35.15,2.02,9.0,1.97,2.43,49.42,37.38,82.9
central,2025,New York,20002427,51.53,13.79,0.31,10.65,2.74,20.98,53.91,68.24
central,2025,North Carolina,11197968,58.68,19.95,0.96,4.13,3.64,12.64,61.98,71.95
central,2025,North Dakota,799358,79.7,3.97,4.82,2.24,3.57,5.71,83.1,87.81
central,2025,Ohio,11900510,74.53,12.8,0.17,3.11,3.92,5.47,78.26,82.8
central,2025,Oklahoma,4123288,58.74,7.24,7.87,2.94,9.22,13.99,67.38,78.99
central,2025,Oregon,4273586,69.79,2.12,1.01,5.66,5.26,16.17,74.83,88.62
central,2025,Pennsylvania,13059432,71.83,10.62,0.13,4.54,2.96,9.92,74.6,82.07
central,2025,Rhode Island,1114521,66.47,6.54,0.34,3.85,3.11,19.69,69.29,83.45
central,2025,South Carolina,5570274,61.91,23.65,0.33,2.21,3.41,8.49,65.07,72.05
central,2025,South Dakota,935094,78.03,2.39,8.03,1.89,3.56,6.11,81.41,86.2
central,2025,Tennessee,7315076,69.97,15.16,0.25,2.4,3.59,8.63,73.39,80.67
central,2025,Texas,31709821,37.26,12.27,0.3,6.6,2.69,40.89,39.74,77.45
central,2025,Utah,3538904,72.91,1.3,0.85,3.98,3.34,17.62,76.08,91.72
central,2025,Vermont,644663,89.41,1.69,0.31,2.17,3.58,2.84,92.92,95.43
central,2025,Virginia,8880107,56.98,18.31,0.24,7.94,4.5,12.03,61.11,70.83
central,2025,Washington,8001020,60.82,4.2,1.16,12.36,5.97,15.5,66.35,79.47
central,2025,West Virginia,1766147,88.72,3.87,0.2,0.98,3.65,2.59,92.29,94.54
central,2025,Wisconsin,5972787,77.67,6.28,0.83,3.45,2.99,8.79,80.53,88.18
central,2025,Wyoming,588753,81.16,0.92,2.0,1.23,3.22,11.47,84.3,94.38
central,2025,United States,341784857,56.11,12.26,0.69,6.85,3.57,20.52,59.39,76.81
central,2030,Alabama,5273676,61.33,25.1,0.48,1.94,3.67,7.48,64.78,70.78
central,2030,Alaska,729275,54.49,2.94,14.61,8.87,9.6,9.5,63.19,70.57
central,2030,Arizona,8083593,48.88,5.35,3.45,4.78,3.58,33.95,52.19,82.52
central,2030,Arkansas,3173477,65.94,14.49,0.78,3.08,4.51,11.19,70.28,79.87
central,2030,California,39183209,30.06,5.15,0.38,17.98,3.96,42.47,33.6,69.42
central,2030,Colorado,6270213,60.59,4.38,0.59,4.72,4.02,25.71,64.39,87.13
central,2030,Connecticut,3717906,57.36,11.29,0.19,5.8,3.05,22.31,60.15,77.68
central,2030,Delaware,1108089,54.03,23.09,0.26,5.38,4.12,13.12,57.7,67.99
central,2030,District of Columbia,719586,37.89,37.49,0.18,6.2,4.21,14.04,41.4,51.77
central,2030,Florida,25042089,47.49,14.37,0.21,3.59,2.96,31.38,50.19,78.64
central,2030,Georgia,11785395,45.39,31.37,0.2,6.01,3.61,13.4,48.63,59.3
central,2030,Hawaii,1400673,20.69,1.92,0.2,45.4,20.37,11.42,36.0,44.09
central,2030,Idaho,2201242,76.0,1.05,0.92,2.2,3.69,16.13,79.6,94.11
central,2030,Illinois,12443803,54.63,13.42,0.15,7.52,3.11,21.17,57.53,75.41
central,2030,Indiana,7101404,70.87,10.54,0.21,3.7,3.81,10.89,74.51,83.95
central,2030,Iowa,3265271,78.53,5.23,0.32,3.36,3.25,9.32,81.64,89.9
central,2030,Kansas,2979244,69.33,5.59,0.76,3.67,4.68,15.98,73.79,88.14
central,2030,Kentucky,4653891,77.49,8.52,0.2,2.58,3.95,7.25,81.31,87.55
central,2030,Louisiana,4555494,53.24,31.13,0.6,2.21,3.14,9.68,56.12,63.9
central,2030,Maine,1436675,87.55,3.38,0.55,1.8,3.35,3.37,90.84,93.77
central,2030,Maryland,6304855,42.67,29.37,0.2,7.85,4.27,15.64,46.41,58.0
central,2030,Massachusetts,7251508,62.81,8.42,0.16,9.24,3.18,16.2,65.79,78.12
central,2030,Michigan,10083343,70.51,13.28,0.5,4.49,4.13,7.1,74.42,80.57
central,2030,Minnesota,5937822,71.43,9.04,1.01,6.4,3.91,8.21,75.13,82.03
central,2030,Mississippi,2915216,53.72,35.97,0.53,1.56,2.77,5.45,56.27,60.56
central,2030,Missouri,6323051,74.05,11.02,0.43,3.03,4.69,6.77,78.54,84.41
central,2030,Montana,1188440,82.01,0.63,5.6,1.21,4.37,6.17,86.25,91.49
central,2030,Nebraska,2060899,70.31,5.31,0.8,3.49,3.66,16.43,73.79,87.72
central,2030,Nevada,3478507,38.6,10.38,0.71,11.5,5.63,33.18,43.49,71.71
central,2030,New Hampshire,1434345,85.22,1.93,0.19,3.37,3.01,6.29,88.15,93.57
central,2030,New Jersey,9659560,46.7,12.47,0.14,12.15,2.5,26.03,48.91,69.08
central,2030,New Mexico,2113939,33.15,2.18,9.01,2.15,2.58,50.93,35.52,82.49
central,2030,New York,19624879,49.75,13.48,0.31,11.41,2.95,22.1,52.3,67.42
central,2030,North Carolina,11806598,56.64,19.68,0.94,4.72,3.92,14.1,60.19,71.34
central,2030,North Dakota,812297,76.93,4.74,4.78,2.62,3.91,7.02,80.66,86.45
central,2030,Ohio,11913137,72.38,13.12,0.18,3.6,4.29,6.42,76.47,81.79
central,2030,Oklahoma,4218530,56.25,7.24,7.8,3.26,9.6,15.86,65.24,78.42
central,2030,Oregon,4361231,66.74,2.29,1.0,6.27,5.58,18.12,72.09,87.57
central,2030,Pennsylvania,13017543,69.25,10.63,0.13,5.06,3.24,11.67,72.28,81.09
central,2030,Rhode Island,1117444,63.06,6.84,0.34,3.98,3.33,22.46,66.07,82.25
central,2030,South Carolina,5915700,61.15,22.68,0.33,2.51,3.65,9.67,64.54,72.5
central,2030,South Dakota,973286,75.86,2.88,7.64,2.24,3.84,7.55,79.51,85.44
central,2030,Tennessee,7626638,68.5,14.75,0.26,2.68,3.82,9.99,72.14,80.57
central,2030,Texas,33814134,34.84,12.6,0.3,7.33,2.84,42.11,37.46,76.32
central,2030,Utah,3789086,70.32,1.44,0.82,4.36,3.63,19.43,73.77,91.03
central,2030,Vermont,636875,88.2,1.96,0.31,2.5,3.77,3.26,91.9,94.78
central,2030,Virginia,9048563,54.69,18.17,0.24,8.59,4.9,13.4,59.18,70.03
central,2030,Washington,8354737,57.11,4.47,1.1,14.01,6.3,17.01,62.95,77.35
central,2030,West Virginia,1712742,87.55,3.99,0.21,1.06,4.02,3.17,91.48,94.25
central,2030,Wisconsin,5992553,75.87,6.31,0.84,3.85,3.26,9.87,78.99,87.6
central,2030,Wyoming,586417,79.68,0.94,1.98,1.41,3.41,12.57,83.01,94.07
central,2030,United States,349198078,53.77,12.32,0.68,7.4,3.81,22.01,57.28,75.99
central,2035,Alabama,5330390,60.16,24.77,0.49,2.1,3.91,8.57,63.83,70.72
central,2035,Alaska,717911,52.13,2.94,14.52,9.58,9.99,10.84,61.2,69.62
central,2035,Arizona,8503103,46.52,5.75,3.34,5.17,3.81,35.43,50.03,81.73
central,2035,Arkansas,3220304,64.27,14.22,0.83,3.49,4.7,12.49,68.78,79.5
central,2035,California,38827849,27.64,5.0,0.37,19.09,4.17,43.73,31.37,68.28
central,2035,Colorado,6501489,58.07,4.58,0.59,5.19,4.22,27.34,62.07,86.27
central,2035,Connecticut,3737243,53.79,11.75,0.19,6.22,3.24,24.8,56.75,76.28
central,2035,Delaware,1147504,51.42,23.74,0.25,5.8,4.4,14.4,55.32,66.64
central,2035,District of Columbia,744947,38.06,35.57,0.16,6.69,4.43,15.09,41.74,52.88
central,2035,Florida,26502209,45.2,14.22,0.21,3.79,3.09,33.49,48.01,78.41
central,2035,Georgia,12222160,43.0,31.61,0.21,6.63,3.87,14.69,46.45,58.17
central,2035,Hawaii,1360419,19.9,2.08,0.22,44.71,20.75,12.35,35.47,44.19
central,2035,Idaho,2365991,74.2,1.16,0.87,2.4,3.88,17.49,77.98,93.71
central,2035,Illinois,12114692,52.47,13.16,0.15,8.3,3.37,22.55,55.61,74.65
central,2035,Indiana,7202999,68.18,11.03,0.21,4.25,4.1,12.24,72.1,82.71
central,2035,Iowa,3279172,75.87,5.88,0.33,3.77,3.53,10.62,79.25,88.66
central,2035,Kansas,2964966,67.39,5.54,0.75,3.96,4.85,17.5,72.01,87.74
central,2035,Kentucky,4682126,75.29,8.77,0.21,2.96,4.26,8.52,79.4,86.74
central,2035,Louisiana,4466416,51.65,31.0,0.61,2.35,3.34,11.05,54.71,63.6
central,2035,Maine,1448963,85.73,4.1,0.55,2.03,3.55,4.03,89.21,92.73
central,2035,Maryland,6318785,40.07,29.28,0.2,8.28,4.56,17.61,44.05,57.13
central,2035,Massachusetts,7323665,59.24,8.98,0.16,10.17,3.47,17.99,62.48,76.2
central,2035,Michigan,9985689,68.98,13.13,0.51,5.03,4.45,7.9,73.19,80.04
central,2035,Minnesota,6018923,68.43,10.19,1.0,6.93,4.2,9.24,72.4,80.19
central,2035,Mississippi,2860676,52.7,35.65,0.55,1.74,2.95,6.4,55.41,60.46
central,2035,Missouri,6345300,72.62,10.88,0.44,3.37,4.99,7.7,77.38,84.07
central,2035,Montana,1225397,80.76,0.69,5.44,1.38,4.6,7.14,85.21,91.29
central,2035,Nebraska,2096649,67.23,5.53,0.81,3.86,3.97,18.6,70.99,86.78
central,2035,Nevada,3664599,35.08,10.89,0.69,12.24,6.01,35.1,40.3,70.19
central,2035,New Hampshire,1442754,83.4,2.23,0.19,3.71,3.13,7.34,86.46,92.79
central,2035,New Jersey,9738803,43.87,12.31,0.14,12.94,2.66,28.09,46.2,68.01
central,2035,New Mexico,2086702,31.03,2.35,9.02,2.34,2.73,52.53,33.54,82.04
central,2035,New York,19149261,47.94,13.15,0.31,12.18,3.16,23.25,50.67,66.6
central,2035,North Carolina,12372614,54.59,19.41,0.92,5.29,4.21,15.59,58.4,70.75
central,2035,North Dakota,823187,73.98,5.57,4.73,3.02,4.23,8.47,78.01,85.01
central,2035,Ohio,11875471,70.11,13.46,0.18,4.12,4.68,7.46,74.55,80.74
central,2035,Oklahoma,4300909,53.72,7.22,7.72,3.57,9.95,17.83,63.04,77.89
central,2035,Oregon,4426931,63.6,2.47,0.99,6.87,5.9,20.18,69.25,86.51
central,2035,Pennsylvania,12923560,66.52,10.64,0.14,5.59,3.52,13.58,69.8,80.07
central,2035,Rhode Island,1116042,59.52,7.13,0.33,4.1,3.54,25.38,62.71,81.05
central,2035,South Carolina,6230028,60.32,21.77,0.33,2.8,3.9,10.88,63.93,72.9
central,2035,South Dakota,1008602,73.55,3.39,7.28,2.6,4.1,9.09,77.45,84.61
central,2035,Tennessee,7913598,67.0,14.34,0.27,2.95,4.04,11.4,70.86,80.48
central,2035,Texas,35850757,32.56,12.89,0.3,8.0,2.98,43.28,35.31,75.27
central,2035,Utah,4034103,67.81,1.57,0.79,4.71,3.9,21.22,71.51,90.37
central,2035,Vermont,624389,86.89,2.25,0.31,2.85,3.96,3.73,90.78,94.08
central,2035,Virginia,9174275,52.37,18.0,0.24,9.23,5.3,14.85,57.22,69.25
central,2035,Washington,8681538,53.46,4.73,1.05,15.6,6.62,18.53,59.59,75.31
central,2035,West Virginia,1650741,86.28,4.12,0.22,1.14,4.4,3.84,90.58,93.93
central,2035,Wisconsin,5974732,73.93,6.35,0.84,4.28,3.54,11.07,77.31,86.97
central,2035,Wyoming,579208,78.1,0.97,1.95,1.61,3.61,13.77,81.6,93.72
central,2035,United States,355158743,51.42,12.36,0.68,7.95,4.04,23.54,55.14,75.18
central,2040,Alabama,5372208,58.97,24.38,0.49,2.25,4.15,9.76,62.86,70.71
central,2040,Alaska,703929,49.69,2.94,14.38,10.31,10.33,12.36,59.06,68.67
central,2040,Arizona,8886773,44.21,6.12,3.22,5.52,4.01,36.91,47.91,80.98
central,2040,Arkansas,3259238,62.59,13.92,0.87,3.91,4.88,13.83,67.28,79.15
central,2040,California,38296481,25.32,4.84,0.35,20.19,4.38,44.92,29.23,67.18
central,2040,Colorado,6710765,55.55,4.78,0.58,5.65,4.41,29.03,59.73,85.43
central,2040,Connecticut,3747734,50.19,12.17,0.2,6.63,3.42,27.39,53.32,74.92
central,2040,Delaware,1178281,48.73,24.37,0.24,6.22,4.67,15.77,52.86,65.29
central,2040,District of Columbia,769384,38.2,33.83,0.15,7.12,4.61,16.09,42.03,53.89
central,2040,Florida,27849754,43.03,14.06,0.21,3.97,3.22,35.51,45.95,78.23
central,2040,Georgia,12619743,40.7,31.76,0.21,7.22,4.11,16.0,44.37,57.16
central,2040,Hawaii,1313945,19.17,2.25,0.23,43.88,21.1,13.38,34.96,44.4
central,2040,Idaho,2524969,72.41,1.26,0.83,2.59,4.04,18.86,76.35,93.33
central,2040,Illinois,11738597,50.24,12.86,0.16,9.13,3.63,23.98,53.61,73.87
central,2040,Indiana,7284990,65.42,11.52,0.21,4.8,4.38,13.67,69.6,81.46
central,2040,Iowa,3283569,73.06,6.59,0.35,4.18,3.8,12.02,76.71,87.37
central,2040,Kansas,2938598,65.35,5.5,0.74,4.26,5.02,19.14,70.12,87.33
central,2040,Kentucky,4698742,73.01,9.01,0.21,3.33,4.55,9.89,77.4,85.93
central,2040,Louisiana,4358874,50.0,30.81,0.62,2.5,3.52,12.55,53.22,63.34
central,2040,Maine,1453799,83.81,4.89,0.55,2.27,3.75,4.73,87.48,91.61
central,2040,Maryland,6310258,37.47,29.08,0.2,8.68,4.85,19.72,41.69,56.36
central,2040,Massachusetts,7376846,55.62,9.55,0.16,11.08,3.74,19.85,59.11,74.27
central,2040,Michigan,9837571,67.36,12.98,0.52,5.61,4.77,8.77,71.88,79.48
central,2040,Minnesota,6075646,65.3,11.4,0.99,7.46,4.49,10.35,69.54,78.28
central,2040,Mississippi,2796656,51.68,35.22,0.58,1.94,3.12,7.47,54.55,60.44
central,2040,Missouri,6342734,71.13,10.73,0.46,3.71,5.27,8.71,76.15,83.72
central,2040,Montana,1257267,79.46,0.75,5.27,1.55,4.81,8.16,84.13,91.08
central,2040,Nebraska,2126839,64.0,5.75,0.81,4.24,4.27,20.92,68.06,85.83
central,2040,Nevada,3842273,31.83,11.34,0.65,12.88,6.35,36.94,37.35,68.85
central,2040,New Hampshire,1442060,81.48,2.55,0.19,4.05,3.26,8.47,84.66,91.97
central,2040,New Jersey,9786549,41.08,12.12,0.14,13.69,2.81,30.16,43.53,67.0
central,2040,New Mexico,2047865,28.89,2.53,9.01,2.54,2.88,54.15,31.55,81.59
central,2040,New York,18596734,46.13,12.78,0.31,12.97,3.37,24.44,49.02,65.79
central,2040,North Carolina,12906132,52.57,19.11,0.89,5.83,4.47,17.13,56.61,70.21
central,2040,North Dakota,831613,70.85,6.45,4.66,3.42,4.52,10.1,75.15,83.5
central,2040,Ohio,11798274,67.73,13.79,0.18,4.65,5.05,8.6,72.52,79.66
central,2040,Oklahoma,4375199,51.16,7.17,7.61,3.87,10.27,19.92,60.78,77.41
central,2040,Oregon,4479572,60.39,2.64,0.97,7.46,6.19,22.36,66.32,85.46
central,2040,Pennsylvania,12786639,63.64,10.61,0.15,6.14,3.8,15.66,67.17,79.03
central,2040,Rhode Island,1111065,55.87,7.39,0.32,4.22,3.74,28.45,59.24,79.85
central,2040,South Carolina,6519654,59.43,20.91,0.33,3.07,4.14,12.12,63.26,73.27
central,2040,South Dakota,1041976,71.09,3.92,6.91,2.96,4.35,10.76,75.24,83.72
central,2040,Tennessee,8185731,65.49,13.9,0.28,3.2,4.25,12.87,69.54,80.43
central,2040,Texas,37818472,30.43,13.16,0.29,8.61,3.11,44.4,33.3,74.32
central,2040,Utah,4273845,65.34,1.7,0.76,5.03,4.15,23.02,69.27,89.74
central,2040,Vermont,608305,85.48,2.57,0.31,3.23,4.16,4.25,89.56,93.32
central,2040,Virginia,9263402,50.05,17.78,0.25,9.87,5.7,16.37,55.24,68.53
central,2040,Washington,8988643,49.9,4.98,1.0,17.12,6.91,20.1,56.29,73.37
central,2040,West Virginia,1585164,84.91,4.25,0.23,1.22,4.78,4.61,89.58,93.62
central,2040,Wisconsin,5924272,71.84,6.4,0.84,4.72,3.82,12.38,75.49,86.31
central,2040,Wyoming,568388,76.34,1.0,1.93,1.81,3.8,15.12,80.03,93.35
central,2040,United States,359896016,49.09,12.4,0.67,8.47,4.27,25.11,53.0,74.41
central,2045,Alabama,5407049,57.79,23.92,0.49,2.39,4.36,11.05,61.88,70.76
central,2045,Alaska,688892,47.16,2.93,14.18,11.05,10.61,14.05,56.8,67.73
central,2045,Arizona,9243068,42.03,6.48,3.09,5.85,4.21,38.33,45.91,80.3
central,2045,Arkansas,3294590,60.94,13.58,0.91,4.34,5.03,15.21,65.77,78.84
central,2045,California,37624723,23.16,4.67,0.34,21.28,4.57,45.99,27.23,66.11
central,2045,Colorado,6905463,53.08,4.97,0.58,6.09,4.58,30.7,57.42,84.62
central,2045,Connecticut,3752852,46.6,12.55,0.2,7.02,3.59,30.04,49.88,73.62
central,2045,Delaware,1202686,46.01,24.95,0.23,6.63,4.94,17.23,50.37,63.98
central,2045,District of Columbia,792616,38.26,32.27,0.14,7.5,4.78,17.05,42.22,54.79
central,2045,Florida,29102747,41.02,13.9,0.21,4.13,3.33,37.41,44.05,78.09
central,2045,Georgia,12986259,38.53,31.81,0.21,7.78,4.33,17.33,42.4,56.27
central,2045,Hawaii,1264513,18.55,2.42,0.24,42.87,21.42,14.49,34.56,44.76
central,2045,Idaho,2680919,70.67,1.37,0.79,2.76,4.19,20.22,74.75,92.97
central,2045,Illinois,11334451,47.99,12.54,0.16,10.0,3.89,25.41,51.6,73.06
central,2045,Indiana,7358946,62.64,12.01,0.22,5.35,4.64,15.15,67.07,80.22
central,2045,Iowa,3285826,70.17,7.32,0.36,4.59,4.07,13.49,74.06,86.04
central,2045,Kansas,2907415,63.26,5.44,0.73,4.55,5.16,20.85,68.17,86.93
central,2045,Kentucky,4711804,70.67,9.22,0.22,3.71,4.83,11.36,75.32,85.13
central,2045,Louisiana,4244578,48.3,30.55,0.63,2.64,3.69,14.2,51.68,63.14
central,2045,Maine,1455610,81.81,5.74,0.55,2.5,3.93,5.47,85.67,90.44
central,2045,Maryland,6288723,34.92,28.74,0.2,9.06,5.11,21.97,39.36,55.73
central,2045,Massachusetts,7421693,52.01,10.11,0.16,11.97,4.01,21.74,55.74,72.36
central,2045,Michigan,9658823,65.69,12.81,0.52,6.2,5.09,9.69,70.5,78.92
central,2045,Minnesota,6119993,62.09,12.66,0.98,7.98,4.76,11.53,66.58,76.33
central,2045,Mississippi,2728675,50.66,34.67,0.6,2.13,3.28,8.66,53.67,60.5
central,2045,Missouri,6325711,69.61,10.56,0.47,4.06,5.53,9.78,74.88,83.4
central,2045,Montana,1287923,78.16,0.81,5.09,1.71,5.01,9.22,83.02,90.89
central,2045,Nebraska,2156922,60.73,5.96,0.82,4.6,4.56,23.34,65.05,84.9
central,2045,Nevada,4012777,28.89,11.76,0.62,13.41,6.65,38.65,34.67,67.68
central,2045,New Hampshire,1435041,79.46,2.88,0.19,4.4,3.39,9.69,82.75,91.13
central,2045,New Jersey,9809647,38.36,11.9,0.14,14.4,2.95,32.24,40.94,66.06
central,2045,New Mexico,2003063,26.87,2.73,8.95,2.73,3.02,55.71,29.65,81.18
central,2045,New York,17996783,44.34,12.38,0.31,13.76,3.57,25.64,47.39,65.01
central,2045,North Carolina,13422185,50.59,18.79,0.87,6.34,4.72,18.69,54.85,69.72
central,2045,North Dakota,840216,67.59,7.37,4.56,3.84,4.78,11.86,72.14,81.96
central,2045,Ohio,11704558,65.28,14.11,0.19,5.2,5.41,9.82,70.4,78.57
central,2045,Oklahoma,4449204,48.62,7.1,7.47,4.15,10.55,22.11,58.51,76.98
central,2045,Oregon,4529899,57.22,2.81,0.94,8.02,6.44,24.58,63.39,84.46
central,2045,Pennsylvania,12636302,60.66,10.55,0.15,6.68,4.06,17.89,64.43,78.01
central,2045,Rhode Island,1104066,52.18,7.62,0.31,4.31,3.92,31.65,55.71,78.68
central,2045,South Carolina,6792748,58.51,20.09,0.33,3.33,4.36,13.38,62.54,73.61
central,2045,South Dakota,1076023,68.54,4.46,6.54,3.33,4.58,12.55,72.9,82.81
central,2045,Tennessee,8452858,63.98,13.44,0.29,3.43,4.45,14.41,68.22,80.41
central,2045,Texas,39732837,28.49,13.4,0.29,9.16,3.23,45.43,31.47,73.46
central,2045,Utah,4509943,62.92,1.83,0.72,5.33,4.38,24.82,67.07,89.15
central,2045,Vermont,591070,84.01,2.9,0.3,3.63,4.36,4.8,88.28,92.54
central,2045,Virginia,9327172,47.75,17.51,0.25,10.47,6.07,17.94,53.28,67.87
central,2045,Washington,9286063,46.5,5.2,0.94,18.53,7.16,21.66,53.12,71.55
central,2045,West Virginia,1520565,83.47,4.37,0.24,1.3,5.15,5.47,88.5,93.29
central,2045,Wisconsin,5855377,69.66,6.44,0.83,5.17,4.1,13.8,73.56,85.63
central,2045,Wyoming,556069,74.47,1.03,1.9,2.02,3.99,16.59,78.34,92.96
central,2045,United States,363877935,46.82,12.41,0.66,8.96,4.48,26.67,50.92,73.69
central,2050,Alabama,5441893,56.59,23.44,0.49,2.52,4.55,12.41,60.86,70.85
central,2050,Alaska,674180,44.65,2.93,13.92,11.78,10.85,15.86,54.5,66.85
central,2050,Arizona,9583234,40.03,6.82,2.97,6.14,4.39,39.65,44.07,79.68
central,2050,Arkansas,3329308,59.33,13.23,0.94,4.75,5.16,16.58,64.28,78.55
central,2050,California,36865696,21.19,4.5,0.32,22.35,4.75,46.9,25.42,65.1
central,2050,Colorado,7093493,50.74,5.14,0.57,6.51,4.73,32.32,55.2,83.86
central,2050,Connecticut,3760939,43.13,12.87,0.19,7.37,3.75,32.69,46.54,72.41
central,2050,Delaware,1224153,43.38,25.47,0.23,7.01,5.2,18.72,47.95,62.76
central,2050,District of Columbia,814129,38.2,30.93,0.13,7.85,4.92,17.97,42.27,55.51
central,2050,Florida,30289297,39.22,13.73,0.21,4.26,3.44,39.14,42.34,77.99
central,2050,Georgia,13328136,36.49,31.81,0.21,8.3,4.55,18.64,40.55,55.49
central,2050,Hawaii,1214615,18.08,2.61,0.25,41.72,21.68,15.66,34.26,45.27
central,2050,Idaho,2836339,69.0,1.47,0.74,2.91,4.32,21.56,73.21,92.64
central,2050,Illinois,10924325,45.81,12.2,0.17,10.91,4.13,26.79,49.63,72.26
central,2050,Indiana,7437710,59.89,12.48,0.22,5.88,4.88,16.66,64.54,79.01
central,2050,Iowa,3293794,67.28,8.07,0.37,4.98,4.31,14.99,71.4,84.72
central,2050,Kansas,2877831,61.21,5.38,0.71,4.82,5.29,22.58,66.24,86.57
central,2050,Kentucky,4728197,68.31,9.43,0.22,4.07,5.08,12.89,73.21,84.35
central,2050,Louisiana,4134041,46.58,30.22,0.63,2.77,3.84,15.96,50.09,62.99
central,2050,Maine,1458048,79.8,6.62,0.55,2.71,4.09,6.23,83.81,89.25
central,2050,Maryland,6263879,32.47,28.29,0.19,9.38,5.36,24.31,37.11,55.25
central,2050,Massachusetts,7469713,48.5,10.67,0.16,12.8,4.25,23.63,52.45,70.53
central,2050,Michigan,9477175,64.03,12.62,0.52,6.79,5.39,10.64,69.12,78.37
central,2050,Minnesota,6165397,58.89,13.94,0.96,8.46,5.02,12.73,63.61,74.39
central,2050,Mississippi,2661824,49.63,34.03,0.62,2.33,3.42,9.97,52.77,60.64
central,2050,Missouri,6307016,68.08,10.37,0.48,4.39,5.77,10.91,73.58,83.09
central,2050,Montana,1320352,76.91,0.86,4.89,1.85,5.18,10.3,81.94,90.74
central,2050,Nebraska,2191917,57.52,6.14,0.82,4.93,4.81,25.77,62.08,84.02
central,2050,Nevada,4177302,26.25,12.16,0.59,13.85,6.92,40.22,32.26,66.65
central,2050,New Hampshire,1426201,77.41,3.22,0.19,4.73,3.5,10.95,80.81,90.3
central,2050,New Jersey,9822679,35.79,11.64,0.14,15.06,3.08,34.28,38.47,65.22
central,2050,New Mexico,1957809,25.04,2.93,8.84,2.92,3.15,57.12,27.95,80.82
central,2050,New York,17382374,42.62,11.95,0.31,14.52,3.76,26.84,45.83,64.29
central,2050,North Carolina,13934662,48.7,18.47,0.84,6.81,4.95,20.23,53.16,69.29
central,2050,North Dakota,852817,64.34,8.28,4.43,4.23,5.0,13.72,69.1,80.48
central,2050,Ohio,11616193,62.8,14.41,0.19,5.73,5.75,11.12,68.24,77.49
central,2050,Oklahoma,4529532,46.15,7.01,7.29,4.41,10.79,24.34,56.26,76.64
central,2050,Oregon,4583432,54.16,2.96,0.91,8.53,6.66,26.78,60.55,83.53
central,2050,Pennsylvania,12503097,57.67,10.45,0.16,7.2,4.3,20.23,61.65,77.02
central,2050,Rhode Island,1097831,48.56,7.8,0.3,4.38,4.08,34.87,52.22,77.59
central,2050,South Carolina,7058229,57.57,19.33,0.32,3.56,4.57,14.65,61.79,73.92
central,2050,South Dakota,1112813,65.94,5.01,6.16,3.68,4.79,14.42,70.5,81.9
central,2050,Tennessee,8722225,62.5,12.98,0.29,3.64,4.62,15.97,66.89,80.42
central,2050,Texas,41607017,26.75,13.62,0.29,9.65,3.34,46.35,29.83,72.69
central,2050,Utah,4742910,60.59,1.94,0.68,5.61,4.59,26.58,64.94,88.6
central,2050,Vermont,574938,82.55,3.22,0.3,4.02,4.54,5.38,87.0,91.77
central,2050,Virginia,9378761,45.52,17.23,0.25,11.03,6.43,19.54,51.36,67.27
central,2050,Washington,9583042,43.31,5.4,0.89,19.83,7.38,23.19,50.14,69.89
central,2050,West Virginia,1460359,81.97,4.49,0.25,1.37,5.5,6.41,87.35,92.97
central,2050,Wisconsin,5785917,67.45,6.47,0.82,5.62,4.36,15.27,71.61,84.98
central,2050,Wyoming,544290,72.56,1.06,1.86,2.24,4.16,18.12,76.59,92.57
central,2050,United States,367621059,44.66,12.42,0.65,9.42,4.67,28.19,48.94,73.04
central,2055,Alabama,5483406,55.43,22.92,0.48,2.62,4.72,13.83,59.85,70.99
central,2055,Alaska,661413,42.17,2.92,13.61,12.47,11.01,17.81,52.18,66.05
central,2055,Arizona,9913651,38.24,7.13,2.84,6.4,4.55,40.83,42.43,79.15
central,2055,Arkansas,3366374,57.8,12.87,0.97,5.16,5.27,17.93,62.86,78.29
central,2055,California,36062155,19.44,4.32,0.3,23.39,4.91,47.63,23.81,64.14
central,2055,Colorado,7277913,48.53,5.3,0.56,6.9,4.85,33.86,53.11,83.15
central,2055,Connecticut,3777142,39.89,13.13,0.19,7.66,3.88,35.26,43.41,71.35
central,2055,Delaware,1246146,40.95,25.9,0.22,7.34,5.43,20.17,45.71,61.7
central,2055,District of Columbia,834232,38.05,29.79,0.12,8.16,5.04,18.84,42.2,56.08
central,2055,Florida,31459165,37.67,13.55,0.21,4.36,3.54,40.67,40.88,77.95
central,2055,Georgia,13655202,34.61,31.75,0.21,8.77,4.74,19.91,38.83,54.82
central,2055,Hawaii,1166361,17.74,2.8,0.26,40.46,21.87,16.87,34.05,45.89
central,2055,Idaho,2991576,67.41,1.56,0.7,3.04,4.43,22.86,71.73,92.34
central,2055,Illinois,10522858,43.75,11.83,0.17,11.82,4.36,28.06,47.78,71.49
central,2055,Indiana,7525826,57.23,12.93,0.21,6.39,5.09,18.14,62.09,77.87
central,2055,Iowa,3308587,64.44,8.82,0.39,5.35,4.52,16.49,68.76,83.42
central,2055,Kansas,2851133,59.24,5.31,0.7,5.07,5.4,24.28,64.37,86.24
central,2055,Kentucky,4752563,65.99,9.62,0.22,4.41,5.31,14.46,71.1,83.61
central,2055,Louisiana,4031972,44.87,29.81,0.63,2.88,3.98,17.83,48.51,62.94
central,2055,Maine,1464348,77.82,7.52,0.54,2.91,4.22,6.99,81.96,88.07
central,2055,Maryland,6246940,30.16,27.71,0.19,9.65,5.57,26.71,34.98,54.93
central,2055,Massachusetts,7532358,45.19,11.2,0.15,13.55,4.46,25.45,49.32,68.82
central,2055,Michigan,9302556,62.43,12.41,0.52,7.38,5.67,11.6,67.78,77.87
central,2055,Minnesota,6220228,55.79,15.22,0.94,8.89,5.24,13.92,60.71,72.52
central,2055,Mississippi,2599374,48.61,33.29,0.64,2.52,3.55,11.39,51.87,60.87
central,2055,Missouri,6294304,66.59,10.18,0.48,4.7,5.98,12.06,72.29,82.81
central,2055,Montana,1354744,75.73,0.91,4.68,1.98,5.32,11.38,80.9,90.62
central,2055,Nebraska,2232202,54.43,6.3,0.81,5.24,5.04,28.18,59.2,83.21
central,2055,Nevada,4338138,23.91,12.55,0.56,14.21,7.16,41.61,30.11,65.74
central,2055,New Hampshire,1419648,75.41,3.56,0.19,5.04,3.58,12.22,78.9,89.49
central,2055,New Jersey,9840414,33.43,11.34,0.14,15.64,3.2,36.24,36.21,64.52
central,2055,New Mexico,1912934,23.44,3.14,8.69,3.1,3.27,58.36,26.46,80.52
central,2055,New York,16788731,41.02,11.48,0.31,15.26,3.94,27.99,44.36,63.64
central,2055,North Carolina,14454014,46.94,18.14,0.81,7.24,5.15,21.72,51.58,68.92
central,2055,North Dakota,869744,61.14,9.19,4.27,4.58,5.16,15.65,66.06,79.05
central,2055,Ohio,11547687,60.35,14.7,0.19,6.26,6.05,12.46,66.07,76.45
central,2055,Oklahoma,4617298,43.79,6.91,7.08,4.64,10.99,26.6,54.08,76.38
central,2055,Oregon,4639243,51.23,3.1,0.88,8.99,6.85,28.95,57.8,82.68
central,2055,Pennsylvania,12403856,54.72,10.3,0.16,7.68,4.51,22.62,58.9,76.12
central,2055,Rhode Island,1094209,45.12,7.93,0.29,4.43,4.21,38.04,48.88,76.6
central,2055,South Carolina,7324849,56.66,18.6,0.32,3.76,4.76,15.89,61.05,74.23
central,2055,South Dakota,1153259,63.33,5.55,5.76,4.02,4.96,16.38,68.05,81.0
central,2055,Tennessee,9002295,61.05,12.51,0.3,3.82,4.77,17.55,65.59,80.47
central,2055,Texas,43448914,25.22,13.83,0.29,10.08,3.44,47.15,28.39,72.01
central,2055,Utah,4968526,58.33,2.06,0.65,5.86,4.78,28.32,62.85,88.08
central,2055,Vermont,560494,81.14,3.54,0.29,4.39,4.69,5.95,85.74,91.03
central,2055,Virginia,9431735,43.41,16.92,0.25,11.52,6.76,21.13,49.55,66.77
central,2055,Washington,9885632,40.38,5.57,0.83,21.0,7.56,24.66,47.37,68.4
central,2055,West Virginia,1404696,80.43,4.61,0.25,1.44,5.83,7.44,86.12,92.65
central,2055,Wisconsin,5725373,65.31,6.49,0.8,6.05,4.6,16.75,69.69,84.37
central,2055,Wyoming,533008,70.64,1.09,1.82,2.45,4.31,19.7,74.82,92.2
central,2055,United States,371499424,42.67,12.4,0.63,9.83,4.84,29.63,47.1,72.46
central,2060,Alabama,5529474,54.32,22.35,0.47,2.71,4.87,15.28,58.88,71.19
central,2060,Alaska,650587,39.7,2.91,13.22,13.14,11.11,19.92,49.8,65.31
central,2060,Arizona,10232239,36.65,7.43,2.72,6.61,4.7,41.89,40.98,78.7
central,2060,Arkansas,3402838,56.34,12.51,1.0,5.56,5.36,19.24,61.49,78.06
central,2060,California,35224936,17.89,4.16,0.29,24.41,5.05,48.2,22.38,63.22
central,2060,Colorado,7456082,46.42,5.46,0.55,7.26,4.96,35.35,51.1,82.48
central,2060,Connecticut,3803742,36.92,13.31,0.19,7.89,3.98,37.72,40.52,70.45
central,2060,Delaware,1269366,38.73,26.24,0.21,7.63,5.63,21.56,43.66,60.77
central,2060,District of Columbia,853186,37.88,28.79,0.11,8.43,5.14,19.67,42.1,56.58
central,2060,Florida,32609533,36.34,13.35,0.2,4.44,3.63,42.03,39.63,77.97
central,2060,Georgia,13969351,32.89,31.65,0.21,9.2,4.93,21.13,37.27,54.26
central,2060,Hawaii,1120286,17.52,2.99,0.27,39.13,21.99,18.1,33.89,46.59
central,2060,Idaho,3144330,65.86,1.66,0.66,3.16,4.53,24.15,70.27,92.05
central,2060,Illinois,10129874,41.81,11.45,0.18,12.75,4.58,29.23,46.04,70.75
central,2060,Indiana,7618354,54.68,13.35,0.21,6.86,5.28,19.61,59.72,76.78
central,2060,Iowa,3327705,61.64,9.58,0.39,5.69,4.72,17.98,66.15,82.15
central,2060,Kansas,2824507,57.33,5.24,0.68,5.3,5.49,25.97,62.53,85.94
central,2060,Kentucky,4782541,63.7,9.78,0.22,4.72,5.51,16.07,69.0,82.92
central,2060,Louisiana,3935911,43.18,29.31,0.62,2.99,4.1,19.8,46.92,62.97
central,2060,Maine,1473677,75.89,8.44,0.53,3.08,4.32,7.74,80.13,86.91
central,2060,Maryland,6238934,28.02,27.04,0.18,9.86,5.76,29.13,32.99,54.78
central,2060,Massachusetts,7612761,42.1,11.7,0.15,14.2,4.64,27.21,46.4,67.26
central,2060,Michigan,9136411,60.9,12.17,0.51,7.95,5.93,12.54,66.48,77.4
central,2060,Minnesota,6282527,52.8,16.49,0.92,9.27,5.42,15.11,57.9,70.72
central,2060,Mississippi,2539512,47.6,32.45,0.65,2.71,3.66,12.92,50.96,61.18
central,2060,Missouri,6282787,65.12,9.97,0.49,4.99,6.18,13.25,71.0,82.57
central,2060,Montana,1388760,74.58,0.95,4.45,2.1,5.45,12.47,79.86,90.54
central,2060,Nebraska,2275714,51.42,6.44,0.8,5.51,5.23,30.59,56.37,82.46
central,2060,Nevada,4494335,21.82,12.91,0.53,14.51,7.36,42.87,28.2,64.94
central,2060,New Hampshire,1416341,73.49,3.89,0.19,5.3,3.65,13.48,77.04,88.74
central,2060,New Jersey,9865968,31.31,11.02,0.14,16.13,3.3,38.09,34.16,63.95
central,2060,New Mexico,1866646,22.01,3.37,8.5,3.27,3.38,59.45,25.14,80.26
central,2060,New York,16224745,39.53,11.0,0.3,15.96,4.1,29.11,43.0,63.06
central,2060,North Carolina,14980686,45.31,17.8,0.79,7.62,5.33,23.15,50.12,68.63
central,2060,North Dakota,890198,57.97,10.08,4.08,4.91,5.29,17.67,63.01,77.68
central,2060,Ohio,11495857,57.94,14.95,0.19,6.75,6.33,13.84,63.91,75.46
central,2060,Oklahoma,4707987,41.5,6.8,6.84,4.84,11.13,28.89,51.94,76.18
central,2060,Oregon,4693627,48.39,3.22,0.84,9.42,7.01,31.12,55.1,81.89
central,2060,Pennsylvania,12338471,51.85,10.12,0.17,8.1,4.7,25.06,56.19,75.3
central,2060,Rhode Island,1093990,41.91,7.98,0.27,4.43,4.3,41.1,45.75,75.75
central,2060,South Carolina,7591067,55.8,17.9,0.31,3.94,4.94,17.11,60.35,74.55
central,2060,South Dakota,1196555,60.65,6.1,5.36,4.36,5.1,18.43,65.51,80.1
central,2060,Tennessee,9291531,59.66,12.05,0.3,3.98,4.9,19.12,64.32,80.55
central,2060,Texas,45241123,23.85,14.03,0.28,10.46,3.53,47.86,27.11,71.4
central,2060,Utah,5181567,56.07,2.17,0.61,6.1,4.96,30.09,60.76,87.56
central,2060,Vermont,547529,79.8,3.83,0.28,4.75,4.81,6.52,84.52,90.33
central,2060,Virginia,9484727,41.44,16.61,0.25,11.95,7.06,22.69,47.84,66.36
central,2060,Washington,10188670,37.66,5.71,0.77,22.07,7.7,26.09,44.78,67.06
central,2060,West Virginia,1352298,78.83,4.73,0.26,1.5,6.14,8.55,84.81,92.33
central,2060,Wisconsin,5672634,63.24,6.48,0.78,6.45,4.82,18.23,67.82,83.81
central,2060,Wyoming,521233,68.65,1.11,1.76,2.67,4.45,21.36,72.96,91.81
central,2060,United States,375453710,40.83,12.37,0.61,10.2,4.98,31.0,45.4,71.95
central,2065,Alabama,5580454,53.22,21.75,0.46,2.78,5.0,16.78,57.91,71.44
central,2065,Alaska,641288,37.22,2.89,12.76,13.77,11.15,22.21,47.35,64.64
central,2065,Arizona,10535966,35.2,7.7,2.59,6.79,4.84,42.87,39.66,78.3
central,2065,Arkansas,3437910,54.91,12.14,1.02,5.95,5.44,20.53,60.14,77.85
central,2065,California,34357512,16.47,3.99,0.27,25.41,5.18,48.67,21.07,62.33
central,2065,Colorado,7627160,44.36,5.6,0.54,7.61,5.04,36.84,49.12,81.83
central,2065,Connecticut,3838139,34.19,13.42,0.18,8.07,4.06,40.08,37.86,69.7
central,2065,Delaware,1292170,36.64,26.53,0.2,7.88,5.82,22.93,41.72,59.95
central,2065,District of Columbia,870264,37.69,27.89,0.1,8.66,5.22,20.45,41.96,57.02
central,2065,Florida,33723273,35.17,13.14,0.2,4.5,3.72,43.27,38.54,78.03
central,2065,Georgia,14269992,31.3,31.5,0.21,9.58,5.1,22.32,35.83,53.8
central,2065,Hawaii,1076167,17.37,3.18,0.29,37.75,22.04,19.36,33.77,47.34
central,2065,Idaho,3293118,64.29,1.75,0.61,3.26,4.62,25.47,68.79,91.76
central,2065,Illinois,9742542,39.94,11.07,0.18,13.69,4.78,30.34,44.34,70.0
central,2065,Indiana,7713180,52.19,13.76,0.21,7.31,5.45,21.08,57.39,75.74
central,2065,Iowa,3348353,58.85,10.34,0.4,6.0,4.9,19.5,63.53,80.89
central,2065,Kansas,2796773,55.41,5.17,0.66,5.52,5.55,27.7,60.67,85.64
central,2065,Kentucky,4816661,61.43,9.93,0.22,5.01,5.69,17.72,66.91,82.27
central,2065,Louisiana,3843336,41.48,28.74,0.61,3.08,4.2,21.88,45.32,63.08
central,2065,Maine,1484093,73.96,9.38,0.52,3.23,4.41,8.5,78.28,85.73
central,2065,Maryland,6235388,26.0,26.29,0.17,10.02,5.92,31.59,31.1,54.75
central,2065,Massachusetts,7704355,39.21,12.18,0.15,14.76,4.79,28.9,43.64,65.82
central,2065,Michigan,8969544,59.39,11.93,0.51,8.5,6.17,13.5,65.19,76.95
central,2065,Minnesota,6344931,49.86,17.76,0.89,9.6,5.59,16.31,55.11,68.96
central,2065,Mississippi,2483075,46.58,31.51,0.67,2.9,3.77,14.57,50.03,61.57
central,2065,Missouri,6267050,63.63,9.77,0.49,5.27,6.35,14.49,69.68,82.33
central,2065,Montana,1420217,73.4,0.98,4.23,2.22,5.55,13.62,78.79,90.46
central,2065,Nebraska,2321089,48.44,6.56,0.79,5.76,5.4,33.05,53.55,81.75
central,2065,Nevada,4644216,19.91,13.25,0.5,14.76,7.54,44.04,26.44,64.23
central,2065,New Hampshire,1414804,71.61,4.21,0.19,5.55,3.7,14.74,75.2,88.02
central,2065,New Jersey,9894242,29.36,10.69,0.14,16.56,3.39,39.86,32.29,63.49
central,2065,New Mexico,1817472,20.68,3.62,8.29,3.45,3.49,60.47,23.91,80.02
central,2065,New York,15679472,38.12,10.5,0.3,16.63,4.24,30.2,41.7,62.52
central,2065,North Carolina,15512562,43.8,17.46,0.76,7.95,5.5,24.53,48.75,68.4
central,2065,North Dakota,913645,54.79,10.97,3.87,5.21,5.38,19.78,59.91,76.36
central,2065,Ohio,11451154,55.54,15.18,0.19,7.23,6.58,15.29,61.75,74.5
central,2065,Oklahoma,4800944,39.25,6.67,6.58,5.01,11.24,31.24,49.79,76.03
central,2065,Oregon,4744178,45.56,3.33,0.8,9.82,7.14,33.35,52.4,81.12
central,2065,Pennsylvania,12293476,49.03,9.89,0.17,8.48,4.86,27.56,53.51,74.55
central,2065,Rhode Island,1096101,38.89,7.98,0.26,4.41,4.38,44.08,42.79,75.0
central,2065,South Carolina,7855429,54.97,17.21,0.31,4.1,5.1,18.31,59.66,74.88
central,2065,South Dakota,1242331,57.9,6.64,4.96,4.67,5.22,20.61,62.87,79.17
central,2065,Tennessee,9587310,58.29,11.58,0.3,4.1,5.02,20.71,63.07,80.66
central,2065,Texas,46975903,22.6,14.21,0.28,10.78,3.62,48.52,25.94,70.86
central,2065,Utah,5381043,53.75,2.27,0.58,6.34,5.12,31.93,58.6,87.05
central,2065,Vermont,535030,78.5,4.1,0.26,5.11,4.92,7.1,83.32,89.65
central,2065,Virginia,9532502,39.58,16.27,0.25,12.33,7.33,24.24,46.21,66.03
central,2065,Washington,10485303,35.09,5.82,0.72,23.03,7.82,27.52,42.32,65.83
central,2065,West Virginia,1302696,77.16,4.83,0.26,1.55,6.43,9.76,83.43,92.02
central,2065,Wisconsin,5620334,61.17,6.46,0.76,6.83,5.03,19.75,65.95,83.28
central,2065,Wyoming,508840,66.52,1.14,1.71,2.9,4.58,23.16,70.95,91.4
central,2065,United States,379322987,39.09,12.34,0.6,10.52,5.12,32.34,43.77,71.49
central,2070,Alabama,5632918,52.1,21.13,0.45,2.83,5.13,18.36,56.9,71.72
central,2070,Alaska,633451,34.7,2.87,12.22,14.36,11.13,24.72,44.82,64.05
central,2070,Arizona,10817254,33.86,7.95,2.46,6.95,4.97,43.81,38.44,77.96
central,2070,Arkansas,3469708,53.51,11.76,1.05,6.33,5.52,21.83,58.81,77.65
central,2070,California,33447566,15.13,3.82,0.26,26.4,5.3,49.09,19.83,61.47
central,2070,Colorado,7787818,42.31,5.74,0.53,7.94,5.12,38.37,47.14,81.22
central,2070,Connecticut,3875817,31.62,13.48,0.18,8.21,4.13,42.38,35.35,69.04
central,2070,Delaware,1313324,34.62,26.77,0.19,8.09,6.0,24.32,39.85,59.2
central,2070,District of Columbia,884842,37.48,27.08,0.09,8.85,5.29,21.22,41.81,57.42
central,2070,Florida,34761640,34.11,12.93,0.2,4.54,3.8,44.42,37.54,78.11
central,2070,Georgia,14549962,29.81,31.32,0.21,9.92,5.26,23.49,34.48,53.41
central,2070,Hawaii,1033698,17.3,3.38,0.3,36.33,22.02,20.67,33.67,48.15
central,2070,Idaho,3438332,62.7,1.84,0.57,3.36,4.7,26.82,67.28,91.49
central,2070,Illinois,9356865,38.08,10.67,0.19,14.65,4.97,31.43,42.65,69.25
central,2070,Indiana,7806673,49.76,14.15,0.21,7.72,5.61,22.56,55.11,74.75
central,2070,Iowa,3369579,56.05,11.12,0.41,6.3,5.06,21.06,60.89,79.65
central,2070,Kansas,2767371,53.45,5.09,0.64,5.72,5.6,29.49,58.77,85.36
central,2070,Kentucky,4853413,59.17,10.05,0.22,5.26,5.86,19.43,64.81,81.67
central,2070,Louisiana,3753033,39.75,28.1,0.6,3.17,4.3,24.09,43.67,63.24
central,2070,Maine,1493024,72.01,10.36,0.5,3.37,4.48,9.27,76.41,84.54
central,2070,Maryland,6231896,24.05,25.47,0.17,10.14,6.06,34.11,29.26,54.81
central,2070,Massachusetts,7798067,36.46,12.65,0.15,15.25,4.92,30.57,40.99,64.47
central,2070,Michigan,8791943,57.87,11.7,0.5,9.05,6.39,14.49,63.88,76.51
central,2070,Minnesota,6403727,46.96,19.02,0.86,9.89,5.72,17.54,52.34,67.25
central,2070,Mississippi,2429147,45.5,30.51,0.68,3.09,3.86,16.36,49.04,62.0
central,2070,Missouri,6243270,62.1,9.57,0.49,5.53,6.52,15.79,68.31,82.11
central,2070,Montana,1448634,72.19,1.02,4.0,2.32,5.65,14.82,77.67,90.38
central,2070,Nebraska,2367679,45.49,6.66,0.78,5.98,5.54,35.55,50.73,81.08
central,2070,Nevada,4784526,18.15,13.56,0.47,14.96,7.7,45.16,24.81,63.59
central,2070,New Hampshire,1411977,69.72,4.54,0.19,5.78,3.74,16.03,73.36,87.3
central,2070,New Jersey,9918884,27.54,10.34,0.14,16.92,3.47,41.59,30.52,63.09
central,2070,New Mexico,1764583,19.39,3.88,8.05,3.63,3.6,61.45,22.73,79.78
central,2070,New York,15142056,36.73,10.0,0.29,17.28,4.38,31.32,40.41,62.01
central,2070,North Carolina,16036730,42.35,17.11,0.74,8.23,5.66,25.92,47.44,68.22
central,2070,North Dakota,939649,51.6,11.85,3.64,5.49,5.44,21.99,56.77,75.06
central,2070,Ohio,11403215,53.14,15.39,0.19,7.68,6.81,16.8,59.56,73.58
central,2070,Oklahoma,4896286,37.0,6.54,6.31,5.16,11.32,33.68,47.61,75.91
central,2070,Oregon,4791421,42.73,3.42,0.76,10.19,7.24,35.66,49.66,80.39
central,2070,Pennsylvania,12253949,46.23,9.64,0.17,8.82,5.0,30.14,50.82,73.85
central,2070,Rhode Island,1098695,36.01,7.93,0.24,4.37,4.43,47.01,39.95,74.33
central,2070,South Carolina,8111768,54.13,16.55,0.3,4.23,5.26,19.52,58.97,75.21
central,2070,South Dakota,1290891,55.05,7.19,4.57,4.98,5.31,22.9,60.12,78.24
central,2070,Tennessee,9883044,56.91,11.12,0.3,4.2,5.13,22.33,61.79,80.77
central,2070,Texas,48630457,21.44,14.38,0.27,11.05,3.7,49.17,24.85,70.38
central,2070,Utah,5573447,51.42,2.38,0.54,6.56,5.28,33.83,56.41,86.56
central,2070,Vermont,522210,77.23,4.36,0.25,5.47,5.01,7.68,82.14,88.99
central,2070,Virginia,9567664,37.77,15.92,0.25,12.67,7.59,25.81,44.62,65.74
central,2070,Washington,10769164,32.64,5.92,0.66,23.89,7.91,28.98,39.95,64.73
central,2070,West Virginia,1255687,75.42,4.93,0.26,1.6,6.71,11.08,81.96,91.72
central,2070,Wisconsin,5563761,59.09,6.44,0.74,7.19,5.22,21.33,64.04,82.78
central,2070,Wyoming,496085,64.23,1.16,1.65,3.13,4.71,25.13,68.78,90.96
central,2070,United States,382866800,37.41,12.29,0.58,10.81,5.24,33.68,42.2,71.09
central,2075,Alabama,5686039,50.94,20.49,0.43,2.87,5.25,20.01,55.86,72.01
central,2075,Alaska,627555,32.21,2.83,11.62,14.9,11.07,27.37,42.27,63.56
central,2075,Arizona,11074420,32.61,8.18,2.34,7.07,5.09,44.71,37.3,77.66
central,2075,Arkansas,3499133,52.11,11.4,1.07,6.7,5.59,23.12,57.49,77.46
central,2075,California,32512088,13.89,3.65,0.24,27.36,5.4,49.45,18.68,60.64
central,2075,Colorado,7937509,40.32,5.87,0.51,8.24,5.18,39.89,45.21,80.65
central,2075,Connecticut,3914972,29.2,13.5,0.17,8.32,4.17,44.63,32.97,68.48
central,2075,Delaware,1332607,32.65,26.97,0.19,8.28,6.18,25.74,38.03,58.53
central,2075,District of Columbia,897442,37.26,26.33,0.08,9.0,5.36,21.96,41.63,57.8
central,2075,Florida,35717069,33.13,12.73,0.19,4.57,3.88,45.5,36.63,78.2
central,2075,Georgia,14808825,28.4,31.1,0.21,10.21,5.41,24.66,33.21,53.1
central,2075,Hawaii,993582,17.29,3.58,0.31,34.86,21.96,22.0,33.62,49.02
central,2075,Idaho,3580673,61.13,1.93,0.53,3.44,4.78,28.18,65.79,91.24
central,2075,Illinois,8980091,36.26,10.26,0.2,15.63,5.15,32.51,40.98,68.5
central,2075,Indiana,7899926,47.38,14.52,0.2,8.1,5.75,24.05,52.86,73.81
central,2075,Iowa,3393482,53.29,11.91,0.42,6.56,5.2,22.62,58.26,78.42
central,2075,Kansas,2738704,51.49,5.01,0.62,5.91,5.64,31.33,56.84,85.1
central,2075,Kentucky,4892441,56.93,10.16,0.22,5.5,6.01,21.19,62.71,81.11
central,2075,Louisiana,3669164,38.02,27.38,0.58,3.24,4.38,26.39,42.02,63.47
central,2075,Maine,1499966,70.03,11.38,0.49,3.49,4.55,10.06,74.5,83.33
central,2075,Maryland,6232332,22.16,24.6,0.16,10.22,6.17,36.69,27.46,54.95
central,2075,Massachusetts,7890740,33.85,13.11,0.14,15.67,5.02,32.21,38.47,63.23
central,2075,Michigan,8603677,56.34,11.46,0.5,9.59,6.6,15.51,62.54,76.07
central,2075,Minnesota,6465848,44.13,20.28,0.82,10.13,5.84,18.79,49.61,65.59
central,2075,Mississippi,2378688,44.37,29.45,0.69,3.28,3.95,18.26,47.99,62.47
central,2075,Missouri,6215673,60.56,9.36,0.49,5.77,6.67,17.15,66.91,81.9
central,2075,Montana,1474996,70.96,1.05,3.78,2.41,5.74,16.06,76.53,90.31
central,2075,Nebraska,2417754,42.61,6.75,0.76,6.16,5.66,38.06,47.96,80.47
central,2075,Nevada,4915975,16.54,13.85,0.45,15.12,7.83,46.2,23.32,63.03
central,2075,New Hampshire,1406874,67.83,4.87,0.19,6.0,3.78,17.34,71.5,86.59
central,2075,New Jersey,9936760,25.81,9.99,0.14,17.24,3.53,43.28,28.84,62.76
central,2075,New Mexico,1709536,18.17,4.15,7.79,3.81,3.71,62.38,21.6,79.55
central,2075,New York,14612499,35.36,9.49,0.29,17.91,4.5,32.46,39.13,61.52
central,2075,North Carolina,16546317,40.94,16.76,0.72,8.47,5.81,27.31,46.17,68.08
central,2075,North Dakota,969492,48.44,12.7,3.41,5.73,5.46,24.26,53.64,73.83
central,2075,Ohio,11353603,50.74,15.58,0.18,8.1,7.02,18.38,57.35,72.7
central,2075,Oklahoma,4998099,34.81,6.39,6.02,5.28,11.35,36.15,45.46,75.85
central,2075,Oregon,4837700,39.96,3.51,0.72,10.51,7.32,37.99,46.97,79.73
central,2075,Pennsylvania,12220280,43.45,9.37,0.18,9.11,5.12,32.77,48.15,73.21
central,2075,Rhode Island,1101376,33.26,7.85,0.23,4.3,4.47,49.89,37.23,73.74
central,2075,South Carolina,8358690,53.29,15.92,0.29,4.34,5.42,20.74,58.27,75.53
central,2075,South Dakota,1343904,52.19,7.73,4.2,5.25,5.38,25.26,57.32,77.31
central,2075,Tennessee,10176580,55.51,10.67,0.3,4.28,5.24,23.99,60.5,80.9
central,2075,Texas,50212533,20.36,14.53,0.27,11.26,3.77,49.79,23.85,69.97
central,2075,Utah,5762285,49.13,2.48,0.51,6.75,5.41,35.72,54.24,86.1
central,2075,Vermont,509212,75.98,4.61,0.24,5.81,5.1,8.26,80.98,88.36
central,2075,Virginia,9593881,36.01,15.55,0.25,12.98,7.81,27.4,43.06,65.5
central,2075,Washington,11040322,30.34,6.0,0.61,24.61,7.98,30.46,37.72,63.78
central,2075,West Virginia,1210858,73.61,5.02,0.27,1.64,6.97,12.5,80.4,91.42
central,2075,Wisconsin,5506535,57.01,6.41,0.71,7.51,5.39,22.97,62.12,82.3
central,2075,Wyoming,483685,61.85,1.19,1.59,3.36,4.82,27.2,66.51,90.53
central,2075,United States,386142390,35.79,12.24,0.56,11.05,5.34,35.01,40.68,70.73
central_fertility_converges,2025,Alabama,5193088,62.47,25.38,0.48,1.78,3.42,6.47,65.69,70.88
central_fertility_converges,2025,Alaska,737270,56.76,2.94,14.69,8.18,9.19,8.24,65.09,71.49
central_fertility_converges,2025,Arizona,7623818,51.21,4.96,3.58,4.37,3.36,32.53,54.31,83.32
central_fertility_converges,2025,Arkansas,3114791,67.58,14.72,0.74,2.67,4.31,9.97,71.72,80.26
central_fertility_converges,2025,California,39355309,32.53,5.3,0.4,16.86,3.74,41.18,35.88,70.57
central_fertility_converges,2025,Colorado,6012561,63.09,4.18,0.59,4.23,3.81,24.1,66.7,88.01
central_fertility_converges,2025,Connecticut,3688496,60.89,10.81,0.19,5.37,2.85,19.89,63.52,79.11
central_fertility_converges,2025,Delaware,1059952,56.55,22.45,0.26,4.96,3.85,11.92,59.99,69.32
central_fertility_converges,2025,District of Columbia,693645,37.65,39.63,0.19,5.63,3.97,12.93,40.97,50.54
central_fertility_converges,2025,Florida,23462518,49.86,14.54,0.21,3.37,2.82,29.19,52.44,78.88
central_fertility_converges,2025,Georgia,11302748,47.85,31.07,0.2,5.37,3.35,12.15,50.85,60.52
central_fertility_converges,2025,Hawaii,1432820,21.47,1.76,0.19,45.99,19.98,10.61,36.53,44.04
central_fertility_converges,2025,Idaho,2029733,77.84,0.95,0.97,1.97,3.5,14.77,81.25,94.53
central_fertility_converges,2025,Illinois,12719141,56.71,13.67,0.14,6.77,2.85,19.86,59.37,76.12
central_fertility_converges,2025,Indiana,6973333,73.46,10.05,0.2,3.15,3.52,9.62,76.83,85.16
central_fertility_converges,2025,Iowa,3238387,81.03,4.62,0.3,2.97,2.96,8.12,83.87,91.06
central_fertility_converges,2025,Kansas,2977220,71.15,5.63,0.76,3.38,4.49,14.58,75.43,88.53
central_fertility_converges,2025,Kentucky,4606864,79.59,8.27,0.19,2.22,3.65,6.08,83.1,88.34
central_fertility_converges,2025,Louisiana,4618189,54.74,31.2,0.58,2.07,2.94,8.46,57.44,64.22
central_fertility_converges,2025,Maine,1414874,89.26,2.71,0.54,1.57,3.15,2.75,92.36,94.76
central_fertility_converges,2025,Maryland,6265347,45.28,29.36,0.2,7.41,3.97,13.79,48.76,58.96
central_fertility_converges,2025,Massachusetts,7154084,66.31,7.85,0.15,8.32,2.89,14.47,69.02,80.03
central_fertility_converges,2025,Michigan,10127884,71.93,13.43,0.49,3.97,3.81,6.37,75.54,81.06
central_fertility_converges,2025,Minnesota,5830405,74.3,7.96,1.02,5.87,3.61,7.24,77.71,83.8
central_fertility_converges,2025,Mississippi,2954160,54.72,36.2,0.5,1.39,2.58,4.61,57.09,60.72
central_fertility_converges,2025,Missouri,6270541,75.41,11.16,0.41,2.7,4.4,5.92,79.61,84.74
central_fertility_converges,2025,Montana,1144694,83.21,0.57,5.79,1.04,4.13,5.26,87.22,91.68
central_fertility_converges,2025,Nebraska,2018006,73.27,5.1,0.79,3.12,3.33,14.4,76.43,88.62
central_fertility_converges,2025,Nevada,3282188,42.32,9.84,0.74,10.64,5.22,31.23,46.87,73.39
central_fertility_converges,2025,New Hampshire,1415342,86.92,1.65,0.18,3.05,2.89,5.31,89.74,94.32
central_fertility_converges,2025,New Jersey,9548215,49.58,12.6,0.13,11.34,2.34,24.01,51.65,70.21
central_fertility_converges,2025,New Mexico,2125498,35.15,2.02,9.0,1.97,2.43,49.42,37.38,82.9
central_fertility_converges,2025,New York,20002427,51.53,13.79,0.31,10.65,2.74,20.98,53.91,68.24
central_fertility_converges,2025,North Carolina,11197968,58.68,19.95,0.96,4.13,3.64,12.64,61.98,71.95
central_fertility_converges,2025,North Dakota,799358,79.7,3.97,4.82,2.24,3.57,5.71,83.1,87.81
central_fertility_converges,2025,Ohio,11900510,74.53,12.8,0.17,3.11,3.92,5.47,78.26,82.8
central_fertility_converges,2025,Oklahoma,4123288,58.74,7.24,7.87,2.94,9.22,13.99,67.38,78.99
central_fertility_converges,2025,Oregon,4273586,69.79,2.12,1.01,5.66,5.26,16.17,74.83,88.62
central_fertility_converges,2025,Pennsylvania,13059432,71.83,10.62,0.13,4.54,2.96,9.92,74.6,82.07
central_fertility_converges,2025,Rhode Island,1114521,66.47,6.54,0.34,3.85,3.11,19.69,69.29,83.45
central_fertility_converges,2025,South Carolina,5570274,61.91,23.65,0.33,2.21,3.41,8.49,65.07,72.05
central_fertility_converges,2025,South Dakota,935094,78.03,2.39,8.03,1.89,3.56,6.11,81.41,86.2
central_fertility_converges,2025,Tennessee,7315076,69.97,15.16,0.25,2.4,3.59,8.63,73.39,80.67
central_fertility_converges,2025,Texas,31709821,37.26,12.27,0.3,6.6,2.69,40.89,39.74,77.45
central_fertility_converges,2025,Utah,3538904,72.91,1.3,0.85,3.98,3.34,17.62,76.08,91.72
central_fertility_converges,2025,Vermont,644663,89.41,1.69,0.31,2.17,3.58,2.84,92.92,95.43
central_fertility_converges,2025,Virginia,8880107,56.98,18.31,0.24,7.94,4.5,12.03,61.11,70.83
central_fertility_converges,2025,Washington,8001020,60.82,4.2,1.16,12.36,5.97,15.5,66.35,79.47
central_fertility_converges,2025,West Virginia,1766147,88.72,3.87,0.2,0.98,3.65,2.59,92.29,94.54
central_fertility_converges,2025,Wisconsin,5972787,77.67,6.28,0.83,3.45,2.99,8.79,80.53,88.18
central_fertility_converges,2025,Wyoming,588753,81.16,0.92,2.0,1.23,3.22,11.47,84.3,94.38
central_fertility_converges,2025,United States,341784857,56.11,12.26,0.69,6.85,3.57,20.52,59.39,76.81
central_fertility_converges,2030,Alabama,5273316,61.37,25.11,0.49,1.95,3.67,7.42,64.82,70.77
central_fertility_converges,2030,Alaska,729124,54.65,2.94,14.6,8.85,9.6,9.36,63.36,70.64
central_fertility_converges,2030,Arizona,8083210,48.94,5.35,3.45,4.81,3.58,33.86,52.25,82.5
central_fertility_converges,2030,Arkansas,3173346,66.0,14.48,0.79,3.07,4.51,11.16,70.33,79.9
central_fertility_converges,2030,California,39182041,30.1,5.16,0.38,18.02,3.96,42.38,33.64,69.38
central_fertility_converges,2030,Colorado,6269410,60.76,4.37,0.59,4.71,4.02,25.55,64.57,87.18
central_fertility_converges,2030,Connecticut,3717435,57.44,11.3,0.19,5.82,3.05,22.2,60.24,77.69
central_fertility_converges,2030,Delaware,1107996,54.09,23.09,0.26,5.39,4.13,13.05,57.76,67.99
central_fertility_converges,2030,District of Columbia,719601,38.02,37.38,0.18,6.26,4.21,13.96,41.53,51.85
central_fertility_converges,2030,Florida,25041524,47.53,14.35,0.21,3.6,2.96,31.35,50.22,78.65
central_fertility_converges,2030,Georgia,11784916,45.42,31.39,0.2,6.03,3.61,13.35,48.65,59.29
central_fertility_converges,2030,Hawaii,1400538,20.71,1.91,0.21,45.46,20.37,11.34,36.03,44.05
central_fertility_converges,2030,Idaho,2201012,76.12,1.05,0.92,2.2,3.69,16.01,79.72,94.12
central_fertility_converges,2030,Illinois,12443687,54.65,13.41,0.15,7.53,3.11,21.14,57.55,75.4
central_fertility_converges,2030,Indiana,7100849,70.93,10.51,0.21,3.71,3.81,10.83,74.58,83.97
central_fertility_converges,2030,Iowa,3264877,78.61,5.19,0.32,3.37,3.25,9.26,81.72,89.93
central_fertility_converges,2030,Kansas,2979040,69.4,5.58,0.76,3.68,4.68,15.9,73.85,88.14
central_fertility_converges,2030,Kentucky,4653517,77.54,8.51,0.2,2.59,3.96,7.2,81.36,87.56
central_fertility_converges,2030,Louisiana,4555222,53.28,31.11,0.6,2.22,3.14,9.64,56.16,63.91
central_fertility_converges,2030,Maine,1436557,87.6,3.34,0.55,1.81,3.35,3.36,90.88,93.8
central_fertility_converges,2030,Maryland,6304192,42.71,29.4,0.2,7.87,4.27,15.54,46.45,57.98
central_fertility_converges,2030,Massachusetts,7250624,62.92,8.38,0.16,9.26,3.18,16.1,65.89,78.16
central_fertility_converges,2030,Michigan,10083097,70.54,13.26,0.5,4.5,4.13,7.07,74.46,80.58
central_fertility_converges,2030,Minnesota,5936966,71.53,8.99,1.01,6.4,3.91,8.15,75.22,82.08
central_fertility_converges,2030,Mississippi,2915076,53.76,35.96,0.53,1.56,2.77,5.42,56.3,60.57
central_fertility_converges,2030,Missouri,6322801,74.1,11.01,0.43,3.04,4.69,6.73,78.58,84.42
central_fertility_converges,2030,Montana,1188351,82.08,0.63,5.6,1.22,4.37,6.11,86.31,91.51
central_fertility_converges,2030,Nebraska,2060539,70.45,5.3,0.8,3.49,3.66,16.3,73.92,87.75
central_fertility_converges,2030,Nevada,3477959,38.71,10.36,0.72,11.52,5.63,33.07,43.61,71.73
central_fertility_converges,2030,New Hampshire,1434252,85.25,1.92,0.19,3.38,3.01,6.25,88.19,93.58
central_fertility_converges,2030,New Jersey,9659277,46.72,12.48,0.14,12.18,2.5,25.98,48.92,69.06
central_fertility_converges,2030,New Mexico,2113841,33.2,2.18,9.02,2.16,2.58,50.85,35.57,82.47
central_fertility_converges,2030,New York,19624611,49.78,13.49,0.31,11.44,2.95,22.04,52.33,67.41
central_fertility_converges,2030,North Carolina,11805670,56.71,19.69,0.94,4.73,3.93,14.01,60.26,71.35
central_fertility_converges,2030,North Dakota,812091,77.08,4.7,4.78,2.62,3.91,6.92,80.81,86.53
central_fertility_converges,2030,Ohio,11912307,72.44,13.09,0.18,3.61,4.3,6.38,76.53,81.82
central_fertility_converges,2030,Oklahoma,4217783,56.39,7.23,7.8,3.27,9.6,15.72,65.38,78.47
central_fertility_converges,2030,Oregon,4360452,66.89,2.29,1.0,6.27,5.58,17.97,72.25,87.62
central_fertility_converges,2030,Pennsylvania,13016084,69.32,10.63,0.13,5.07,3.24,11.6,72.35,81.11
central_fertility_converges,2030,Rhode Island,1117253,63.17,6.84,0.34,4.0,3.33,22.32,66.19,82.29
central_fertility_converges,2030,South Carolina,5915357,61.21,22.67,0.33,2.52,3.65,9.61,64.59,72.51
central_fertility_converges,2030,South Dakota,973050,76.0,2.86,7.63,2.24,3.84,7.45,79.65,85.52
central_fertility_converges,2030,Tennessee,7625904,68.58,14.75,0.26,2.68,3.82,9.91,72.22,80.58
central_fertility_converges,2030,Texas,33812916,34.9,12.59,0.3,7.35,2.84,42.02,37.53,76.3
central_fertility_converges,2030,Utah,3788550,70.45,1.43,0.83,4.36,3.63,19.3,73.9,91.04
central_fertility_converges,2030,Vermont,636872,88.2,1.96,0.31,2.5,3.77,3.26,91.9,94.78
central_fertility_converges,2030,Virginia,9048162,54.72,18.18,0.24,8.62,4.9,13.34,59.21,70.01
central_fertility_converges,2030,Washington,8353573,57.23,4.47,1.11,14.03,6.3,16.87,63.07,77.37
central_fertility_converges,2030,West Virginia,1712689,87.56,3.99,0.21,1.06,4.02,3.16,91.49,94.24
central_fertility_converges,2030,Wisconsin,5992104,75.95,6.28,0.84,3.85,3.26,9.81,79.07,87.63
central_fertility_converges,2030,Wyoming,586365,79.79,0.95,1.98,1.42,3.41,12.47,83.11,94.08
central_fertility_converges,2030,United States,349175985,53.83,12.31,0.68,7.42,3.81,21.94,57.33,75.99
central_fertility_converges,2035,Alabama,5328533,60.28,24.81,0.5,2.12,3.92,8.38,63.95,70.68
central_fertility_converges,2035,Alaska,717209,52.61,2.95,14.5,9.53,10.0,10.41,61.68,69.81
central_fertility_converges,2035,Arizona,8501100,46.69,5.75,3.34,5.25,3.81,35.17,50.2,81.69
central_fertility_converges,2035,Arkansas,3219627,64.44,14.18,0.83,3.48,4.7,12.37,68.95,79.57
central_fertility_converges,2035,California,38820961,27.75,5.01,0.37,19.22,4.17,43.47,31.48,68.18
central_fertility_converges,2035,Colorado,6497122,58.6,4.54,0.6,5.17,4.23,26.87,62.6,86.4
central_fertility_converges,2035,Connecticut,3734932,54.04,11.77,0.2,6.28,3.24,24.47,57.01,76.3
central_fertility_converges,2035,Delaware,1147034,51.59,23.75,0.25,5.83,4.4,14.18,55.49,66.65
central_fertility_converges,2035,District of Columbia,744843,38.42,35.27,0.17,6.87,4.43,14.85,42.1,53.08
central_fertility_converges,2035,Florida,26499293,45.29,14.18,0.21,3.83,3.09,33.39,48.11,78.43
central_fertility_converges,2035,Georgia,12219714,43.08,31.65,0.21,6.67,3.87,14.52,46.54,58.12
central_fertility_converges,2035,Hawaii,1359773,19.99,2.07,0.22,44.88,20.76,12.08,35.56,44.09
central_fertility_converges,2035,Idaho,2364787,74.55,1.14,0.89,2.41,3.88,17.13,78.33,93.75
central_fertility_converges,2035,Illinois,12114017,52.53,13.14,0.15,8.34,3.37,22.46,55.67,74.64
central_fertility_converges,2035,Indiana,7200141,68.39,10.96,0.21,4.27,4.1,12.06,72.31,82.77
central_fertility_converges,2035,Iowa,3277135,76.12,5.78,0.33,3.79,3.53,10.44,79.51,88.77
central_fertility_converges,2035,Kansas,2963922,67.6,5.52,0.76,4.02,4.86,17.25,72.22,87.72
central_fertility_converges,2035,Kentucky,4680273,75.45,8.75,0.21,2.97,4.26,8.36,79.56,86.76
central_fertility_converges,2035,Louisiana,4465032,51.79,30.96,0.61,2.39,3.34,10.91,54.85,63.64
central_fertility_converges,2035,Maine,1448357,85.88,3.98,0.55,2.07,3.55,3.97,89.36,92.83
central_fertility_converges,2035,Maryland,6315285,40.2,29.39,0.2,8.34,4.57,17.3,44.18,57.04
central_fertility_converges,2035,Massachusetts,7319023,59.57,8.87,0.16,10.24,3.47,17.69,62.81,76.32
central_fertility_converges,2035,Michigan,9984425,69.09,13.07,0.51,5.07,4.45,7.81,73.31,80.08
central_fertility_converges,2035,Minnesota,6014492,68.73,10.05,1.01,6.95,4.21,9.07,72.7,80.34
central_fertility_converges,2035,Mississippi,2859967,52.8,35.64,0.55,1.76,2.95,6.29,55.52,60.48
central_fertility_converges,2035,Missouri,6344015,72.76,10.84,0.45,3.41,4.99,7.57,77.52,84.09
central_fertility_converges,2035,Montana,1224968,80.95,0.69,5.42,1.4,4.6,6.95,85.41,91.34
central_fertility_converges,2035,Nebraska,2094740,67.63,5.5,0.8,3.89,3.97,18.2,71.4,86.87
central_fertility_converges,2035,Nevada,3661667,35.4,10.82,0.69,12.3,6.01,34.77,40.63,70.25
central_fertility_converges,2035,New Hampshire,1442291,83.53,2.2,0.19,3.72,3.13,7.23,86.59,92.83
central_fertility_converges,2035,New Jersey,9737317,43.91,12.34,0.14,13.02,2.66,27.93,46.25,67.95
central_fertility_converges,2035,New Mexico,2086174,31.18,2.35,9.06,2.37,2.73,52.3,33.7,82.0
central_fertility_converges,2035,New York,19147551,48.02,13.16,0.31,12.27,3.16,23.07,50.74,66.56
central_fertility_converges,2035,North Carolina,12367869,54.8,19.44,0.91,5.31,4.21,15.33,58.61,70.77
central_fertility_converges,2035,North Dakota,822042,74.44,5.44,4.73,3.02,4.23,8.14,78.48,85.24
central_fertility_converges,2035,Ohio,11871267,70.3,13.37,0.18,4.15,4.68,7.32,74.74,80.82
central_fertility_converges,2035,Oklahoma,4297100,54.14,7.19,7.72,3.6,9.96,17.4,63.47,78.01
central_fertility_converges,2035,Oregon,4422955,64.06,2.46,1.0,6.87,5.9,19.72,69.72,86.64
central_fertility_converges,2035,Pennsylvania,12916099,66.73,10.63,0.14,5.64,3.53,13.33,70.02,80.12
central_fertility_converges,2035,Rhode Island,1115032,59.88,7.15,0.33,4.16,3.54,24.94,63.07,81.15
central_fertility_converges,2035,South Carolina,6228282,60.48,21.77,0.33,2.82,3.9,10.69,64.09,72.91
central_fertility_converges,2035,South Dakota,1007388,73.98,3.31,7.24,2.59,4.11,8.77,77.89,84.84
central_fertility_converges,2035,Tennessee,7909933,67.24,14.34,0.27,2.97,4.05,11.13,71.09,80.51
central_fertility_converges,2035,Texas,35843952,32.75,12.88,0.3,8.08,2.98,43.01,35.5,75.23
central_fertility_converges,2035,Utah,4031292,68.2,1.56,0.8,4.71,3.9,20.82,71.91,90.42
central_fertility_converges,2035,Vermont,624374,86.9,2.23,0.31,2.88,3.96,3.71,90.79,94.07
central_fertility_converges,2035,Virginia,9172122,52.45,18.02,0.25,9.31,5.31,14.66,57.3,69.19
central_fertility_converges,2035,Washington,8675464,53.81,4.72,1.06,15.66,6.62,18.12,59.95,75.35
central_fertility_converges,2035,West Virginia,1650484,86.31,4.12,0.22,1.15,4.4,3.79,90.61,93.92
central_fertility_converges,2035,Wisconsin,5972466,74.18,6.28,0.84,4.29,3.54,10.88,77.56,87.06
central_fertility_converges,2035,Wyoming,578962,78.4,0.98,1.95,1.61,3.61,13.45,81.91,93.77
central_fertility_converges,2035,United States,355042804,51.6,12.35,0.68,8.0,4.05,23.32,55.32,75.19
central_fertility_converges,2040,Alabama,5366605,59.23,24.47,0.51,2.3,4.15,9.35,63.12,70.63
central_fertility_converges,2040,Alaska,701722,50.65,2.96,14.35,10.22,10.36,11.46,60.05,69.02
central_fertility_converges,2040,Arizona,8881120,44.56,6.12,3.22,5.69,4.02,36.4,48.26,80.89
central_fertility_converges,2040,Arkansas,3257310,62.93,13.83,0.87,3.88,4.88,13.6,67.62,79.3
central_fertility_converges,2040,California,38276469,25.53,4.87,0.36,20.46,4.38,44.41,29.44,66.96
central_fertility_converges,2040,Colorado,6696715,56.59,4.7,0.6,5.62,4.42,28.07,60.77,85.66
central_fertility_converges,2040,Connecticut,3740974,50.7,12.23,0.2,6.75,3.43,26.69,53.83,74.94
central_fertility_converges,2040,Delaware,1176899,49.08,24.4,0.25,6.27,4.68,15.33,53.21,65.3
central_fertility_converges,2040,District of Columbia,769002,38.86,33.28,0.15,7.47,4.61,15.62,42.69,54.26
central_fertility_converges,2040,Florida,27841438,43.22,13.99,0.22,4.04,3.22,35.32,46.14,78.25
central_fertility_converges,2040,Georgia,12612416,40.87,31.84,0.21,7.3,4.11,15.67,44.54,57.06
central_fertility_converges,2040,Hawaii,1312204,19.34,2.24,0.23,44.23,21.13,12.83,35.15,44.19
central_fertility_converges,2040,Idaho,2521245,73.1,1.23,0.85,2.61,4.05,18.15,77.05,93.39
central_fertility_converges,2040,Illinois,11736656,50.36,12.83,0.16,9.23,3.63,23.79,53.74,73.83
central_fertility_converges,2040,Indiana,7276658,65.86,11.38,0.22,4.86,4.38,13.3,70.04,81.58
central_fertility_converges,2040,Iowa,3277768,73.6,6.37,0.35,4.23,3.81,11.65,77.24,87.59
central_fertility_converges,2040,Kansas,2935596,65.77,5.45,0.77,4.38,5.02,18.62,70.54,87.28
central_fertility_converges,2040,Kentucky,4693425,73.35,8.96,0.22,3.36,4.56,9.55,77.74,85.98
central_fertility_converges,2040,Louisiana,4354943,50.29,30.73,0.63,2.57,3.52,12.26,53.51,63.41
central_fertility_converges,2040,Maine,1452044,84.13,4.62,0.55,2.34,3.75,4.61,87.81,91.83
central_fertility_converges,2040,Maryland,6299671,37.74,29.31,0.2,8.81,4.85,19.08,41.96,56.18
central_fertility_converges,2040,Massachusetts,7362808,56.28,9.34,0.16,11.24,3.75,19.24,59.77,74.5
central_fertility_converges,2040,Michigan,9834077,67.59,12.86,0.52,5.68,4.77,8.58,72.11,79.55
central_fertility_converges,2040,Minnesota,6062865,65.92,11.11,1.0,7.5,4.5,9.99,70.16,78.6
central_fertility_converges,2040,Mississippi,2794629,51.89,35.21,0.58,1.97,3.12,7.23,54.76,60.48
central_fertility_converges,2040,Missouri,6338924,71.41,10.64,0.47,3.79,5.27,8.43,76.43,83.77
central_fertility_converges,2040,Montana,1256001,79.87,0.74,5.22,1.6,4.82,7.75,84.54,91.17
central_fertility_converges,2040,Nebraska,2121156,64.84,5.68,0.81,4.29,4.28,20.09,68.9,86.01
central_fertility_converges,2040,Nevada,3833697,32.44,11.23,0.67,12.99,6.36,36.3,37.97,68.94
central_fertility_converges,2040,New Hampshire,1440744,81.74,2.48,0.2,4.08,3.27,8.24,84.92,92.05
central_fertility_converges,2040,New Jersey,9782187,41.17,12.17,0.14,13.86,2.81,29.84,43.63,66.86
central_fertility_converges,2040,New Mexico,2046357,29.18,2.53,9.08,2.6,2.88,53.72,31.84,81.51
central_fertility_converges,2040,New York,18591087,46.28,12.81,0.31,13.15,3.37,24.07,49.18,65.71
central_fertility_converges,2040,North Carolina,12891651,52.98,19.18,0.89,5.87,4.48,16.6,57.03,70.23
central_fertility_converges,2040,North Dakota,828187,71.81,6.19,4.65,3.43,4.54,9.38,76.14,83.96
central_fertility_converges,2040,Ohio,11786174,68.11,13.62,0.19,4.73,5.06,8.3,72.91,79.81
central_fertility_converges,2040,Oklahoma,4363763,52.01,7.13,7.61,3.93,10.3,19.03,61.66,77.61
central_fertility_converges,2040,Oregon,4467235,61.32,2.62,0.99,7.47,6.2,21.4,67.26,85.68
central_fertility_converges,2040,Pennsylvania,12764942,64.09,10.6,0.15,6.24,3.8,15.12,67.63,79.12
central_fertility_converges,2040,Rhode Island,1108048,56.6,7.44,0.33,4.33,3.75,27.56,59.98,80.03
central_fertility_converges,2040,South Carolina,6514427,59.76,20.91,0.34,3.12,4.14,11.73,63.59,73.28
central_fertility_converges,2040,South Dakota,1038331,72.01,3.75,6.85,2.95,4.37,10.07,76.17,84.18
central_fertility_converges,2040,Tennessee,8174704,65.98,13.9,0.29,3.25,4.26,12.32,70.03,80.47
central_fertility_converges,2040,Texas,37797199,30.8,13.14,0.3,8.77,3.11,43.88,33.67,74.22
central_fertility_converges,2040,Utah,4265110,66.11,1.67,0.78,5.04,4.16,22.23,70.06,89.84
central_fertility_converges,2040,Vermont,608261,85.5,2.53,0.31,3.29,4.16,4.21,89.58,93.3
central_fertility_converges,2040,Virginia,9256967,50.21,17.82,0.25,10.03,5.7,15.98,55.41,68.4
central_fertility_converges,2040,Washington,8969842,50.59,4.96,1.02,17.25,6.92,19.26,56.99,73.41
central_fertility_converges,2040,West Virginia,1584439,85.0,4.26,0.23,1.24,4.79,4.48,89.67,93.59
central_fertility_converges,2040,Wisconsin,5917694,72.35,6.25,0.84,4.75,3.82,11.98,76.0,86.48
central_fertility_converges,2040,Wyoming,567626,76.97,1.01,1.93,1.82,3.81,14.46,80.67,93.43
central_fertility_converges,2040,United States,359550009,49.44,12.37,0.67,8.58,4.27,24.66,53.36,74.41
central_fertility_converges,2045,Alabama,5394114,58.24,24.08,0.52,2.47,4.37,10.31,62.34,70.63
central_fertility_converges,2045,Alaska,683746,48.79,2.97,14.17,10.93,10.69,12.45,58.49,68.26
central_fertility_converges,2045,Arizona,9231008,42.59,6.48,3.1,6.13,4.22,37.49,46.47,80.14
central_fertility_converges,2045,Arkansas,3290370,61.51,13.45,0.91,4.28,5.04,14.8,66.35,79.08
central_fertility_converges,2045,California,37583555,23.49,4.71,0.34,21.75,4.57,45.13,27.57,65.73
central_fertility_converges,2045,Colorado,6872835,54.81,4.83,0.61,6.05,4.6,29.1,59.16,84.99
central_fertility_converges,2045,Connecticut,3737849,47.46,12.66,0.2,7.24,3.61,28.84,50.75,73.62
central_fertility_converges,2045,Delaware,1199603,46.6,25.03,0.25,6.72,4.95,16.46,50.96,63.99
central_fertility_converges,2045,District of Columbia,791797,39.31,31.41,0.14,8.1,4.78,16.26,43.27,55.33
central_fertility_converges,2045,Florida,29084699,41.33,13.78,0.22,4.25,3.34,37.09,44.36,78.12
central_fertility_converges,2045,Georgia,12969775,38.8,31.96,0.22,7.92,4.34,16.76,42.68,56.09
central_fertility_converges,2045,Hawaii,1260899,18.84,2.41,0.25,43.47,21.48,13.54,34.89,44.4
central_fertility_converges,2045,Idaho,2672326,71.84,1.31,0.82,2.8,4.21,19.02,75.93,93.08
central_fertility_converges,2045,Illinois,11330463,48.2,12.48,0.16,10.18,3.89,25.08,51.81,72.99
central_fertility_converges,2045,Indiana,7340467,63.38,11.77,0.23,5.46,4.65,14.51,67.82,80.42
central_fertility_converges,2045,Iowa,3273232,71.1,6.94,0.36,4.68,4.08,12.84,75.01,86.42
central_fertility_converges,2045,Kansas,2900862,63.98,5.36,0.77,4.76,5.17,19.94,68.9,86.84
central_fertility_converges,2045,Kentucky,4700029,71.27,9.15,0.23,3.77,4.84,10.75,75.93,85.21
central_fertility_converges,2045,Louisiana,4235993,48.8,30.43,0.65,2.76,3.7,13.67,52.18,63.24
central_fertility_converges,2045,Maine,1451689,82.4,5.24,0.55,2.62,3.94,5.25,86.26,90.84
central_fertility_converges,2045,Maryland,6264575,35.38,29.16,0.2,9.29,5.13,20.85,39.83,55.4
central_fertility_converges,2045,Massachusetts,7390096,53.12,9.76,0.16,12.26,4.02,20.69,56.86,72.73
central_fertility_converges,2045,Michigan,9651544,66.08,12.62,0.53,6.32,5.09,9.35,70.9,79.02
central_fertility_converges,2045,Minnesota,6091817,63.15,12.15,0.99,8.05,4.79,10.89,67.66,76.87
central_fertility_converges,2045,Mississippi,2724175,51.04,34.67,0.6,2.19,3.29,8.21,54.06,60.56
central_fertility_converges,2045,Missouri,6317216,70.09,10.41,0.49,4.19,5.54,9.29,75.37,83.46
central_fertility_converges,2045,Montana,1285070,78.87,0.8,5.02,1.79,5.02,8.5,83.74,91.03
central_fertility_converges,2045,Nebraska,2144258,62.16,5.85,0.81,4.71,4.58,21.89,66.5,85.18
central_fertility_converges,2045,Nevada,3993839,29.83,11.58,0.65,13.62,6.69,37.62,35.64,67.79
central_fertility_converges,2045,New Hampshire,1432184,79.93,2.77,0.2,4.44,3.39,9.27,83.23,91.26
central_fertility_converges,2045,New Jersey,9799813,38.53,11.98,0.14,14.71,2.96,31.68,41.11,65.82
central_fertility_converges,2045,New Mexico,1999823,27.34,2.73,9.08,2.84,3.03,54.99,30.13,81.03
central_fertility_converges,2045,New York,17983824,44.6,12.43,0.32,14.07,3.57,25.01,47.66,64.87
central_fertility_converges,2045,North Carolina,13388960,51.29,18.92,0.86,6.42,4.73,17.78,55.57,69.75
central_fertility_converges,2045,North Dakota,832574,69.3,6.9,4.56,3.86,4.82,10.56,73.9,82.73
central_fertility_converges,2045,Ohio,11677824,65.95,13.83,0.2,5.33,5.42,9.28,71.09,78.81
central_fertility_converges,2045,Oklahoma,4423240,50.06,7.04,7.48,4.26,10.62,20.54,60.01,77.3
central_fertility_converges,2045,Oregon,4501760,58.79,2.78,0.98,8.05,6.48,22.92,65.0,84.79
central_fertility_converges,2045,Pennsylvania,12588413,61.45,10.54,0.15,6.86,4.08,16.92,65.23,78.14
central_fertility_converges,2045,Rhode Island,1097352,53.41,7.72,0.32,4.5,3.95,30.1,56.96,78.95
central_fertility_converges,2045,South Carolina,6780772,59.07,20.11,0.34,3.41,4.37,12.7,63.11,73.63
central_fertility_converges,2045,South Dakota,1067760,70.15,4.17,6.45,3.32,4.62,11.29,74.55,83.57
central_fertility_converges,2045,Tennessee,8427447,64.83,13.45,0.3,3.53,4.46,13.43,69.07,80.47
central_fertility_converges,2045,Texas,39684506,29.07,13.38,0.3,9.43,3.23,44.58,32.06,73.28
central_fertility_converges,2045,Utah,4489796,64.23,1.77,0.76,5.36,4.4,23.48,68.4,89.31
central_fertility_converges,2045,Vermont,590981,84.05,2.82,0.31,3.73,4.36,4.73,88.32,92.51
central_fertility_converges,2045,Virginia,9312673,48.04,17.59,0.26,10.76,6.08,17.28,53.58,67.64
central_fertility_converges,2045,Washington,9242570,47.62,5.17,0.98,18.79,7.2,20.24,54.28,71.58
central_fertility_converges,2045,West Virginia,1518990,83.64,4.39,0.25,1.34,5.16,5.23,88.68,93.26
central_fertility_converges,2045,Wisconsin,5841022,70.53,6.19,0.84,5.23,4.11,13.09,74.44,85.91
central_fertility_converges,2045,Wyoming,554333,75.59,1.05,1.9,2.04,4.0,15.42,79.47,93.09
central_fertility_converges,2045,United States,363104520,47.41,12.37,0.67,9.16,4.49,25.9,51.53,73.67
central_fertility_converges,2050,Alabama,5416698,57.34,23.7,0.53,2.64,4.57,11.22,61.62,70.64
central_fertility_converges,2050,Alaska,664463,47.14,3.0,13.96,11.62,11.0,13.28,57.13,67.59
central_fertility_converges,2050,Arizona,9561017,40.85,6.82,2.98,6.56,4.4,38.38,44.9,79.43
central_fertility_converges,2050,Arkansas,3321466,60.21,13.04,0.95,4.67,5.17,15.95,65.18,78.9
central_fertility_converges,2050,California,36795256,21.67,4.56,0.33,23.08,4.76,45.61,25.9,64.5
central_fertility_converges,2050,Colorado,7031264,53.32,4.95,0.61,6.45,4.77,29.9,57.83,84.39
central_fertility_converges,2050,Connecticut,3732548,44.43,13.05,0.2,7.72,3.78,30.82,47.86,72.38
central_fertility_converges,2050,Delaware,1218312,44.26,25.61,0.24,7.16,5.22,17.51,48.85,62.75
central_fertility_converges,2050,District of Columbia,812590,39.73,29.7,0.13,8.74,4.93,16.77,43.8,56.25
central_fertility_converges,2050,Florida,30255507,39.68,13.56,0.22,4.44,3.45,38.66,42.8,78.03
central_fertility_converges,2050,Georgia,13297008,36.91,32.04,0.22,8.51,4.56,17.76,40.97,55.21
central_fertility_converges,2050,Hawaii,1208151,18.53,2.6,0.27,42.64,21.79,14.17,34.8,44.71
central_fertility_converges,2050,Idaho,2819661,70.78,1.39,0.8,2.97,4.35,19.72,75.02,92.8
central_fertility_converges,2050,Illinois,10917488,46.12,12.11,0.17,11.18,4.14,26.27,49.95,72.14
central_fertility_converges,2050,Indiana,7402994,61.04,12.11,0.23,6.07,4.9,15.65,65.71,79.31
central_fertility_converges,2050,Iowa,3270553,68.75,7.46,0.37,5.13,4.34,13.95,72.9,85.31
central_fertility_converges,2050,Kansas,2865781,62.34,5.26,0.78,5.16,5.31,21.14,67.39,86.42
central_fertility_converges,2050,Kentucky,4706049,69.27,9.32,0.24,4.17,5.1,11.9,74.19,84.48
central_fertility_converges,2050,Louisiana,4117958,47.36,30.06,0.66,2.97,3.86,15.1,50.88,63.14
central_fertility_converges,2050,Maine,1450608,80.75,5.81,0.55,2.9,4.11,5.88,84.78,89.91
central_fertility_converges,2050,Maryland,6217463,33.17,28.95,0.2,9.76,5.4,22.53,37.84,54.71
central_fertility_converges,2050,Massachusetts,7409852,50.17,10.12,0.16,13.27,4.28,21.99,54.15,71.06
central_fertility_converges,2050,Michigan,9464079,64.63,12.35,0.53,6.99,5.4,10.1,69.73,78.51
central_fertility_converges,2050,Minnesota,6112653,60.52,13.15,0.97,8.58,5.06,11.72,65.29,75.23
central_fertility_converges,2050,Mississippi,2653207,50.25,34.05,0.62,2.43,3.43,9.22,53.4,60.71
central_fertility_converges,2050,Missouri,6290953,68.84,10.16,0.5,4.61,5.78,10.11,74.35,83.17
central_fertility_converges,2050,Montana,1314931,78.03,0.85,4.79,1.98,5.2,9.15,83.07,90.94
central_fertility_converges,2050,Nebraska,2168198,59.73,5.99,0.8,5.12,4.86,23.5,64.33,84.42
central_fertility_converges,2050,Nevada,4141974,27.58,11.91,0.64,14.19,6.98,38.72,33.63,66.77
central_fertility_converges,2050,New Hampshire,1420938,78.17,3.04,0.21,4.8,3.51,10.27,81.58,90.5
central_fertility_converges,2050,New Jersey,9803590,36.05,11.77,0.14,15.54,3.09,33.42,38.73,64.85
central_fertility_converges,2050,New Mexico,1951961,25.73,2.93,9.04,3.09,3.16,56.04,28.65,80.57
central_fertility_converges,2050,New York,17357539,43.03,12.02,0.32,15.02,3.77,25.85,46.24,64.06
central_fertility_converges,2050,North Carolina,13870965,49.77,18.68,0.83,6.94,4.97,18.82,54.25,69.31
central_fertility_converges,2050,North Dakota,838383,67.07,7.55,4.43,4.27,5.08,11.59,71.91,81.67
central_fertility_converges,2050,Ohio,11565480,63.85,13.99,0.2,5.95,5.77,10.23,69.32,77.84
central_fertility_converges,2050,Oklahoma,4479900,48.37,6.94,7.33,4.58,10.91,21.87,58.59,77.07
central_fertility_converges,2050,Oregon,4530400,56.56,2.92,0.96,8.6,6.74,24.22,63.02,83.99
central_fertility_converges,2050,Pennsylvania,12412686,58.91,10.45,0.16,7.49,4.33,18.67,62.92,77.2
central_fertility_converges,2050,Rhode Island,1085240,50.43,7.97,0.32,4.68,4.13,32.48,54.13,77.96
central_fertility_converges,2050,South Carolina,7035008,58.44,19.37,0.34,3.69,4.59,13.58,62.67,73.94
central_fertility_converges,2050,South Dakota,1096902,68.51,4.55,6.05,3.68,4.85,12.36,73.13,83.07
central_fertility_converges,2050,Tennessee,8672813,63.82,13.01,0.31,3.79,4.64,14.43,68.24,80.51
central_fertility_converges,2050,Texas,41515782,27.6,13.59,0.3,10.07,3.35,45.08,30.69,72.4
central_fertility_converges,2050,Utah,4704084,62.58,1.86,0.73,5.66,4.63,24.54,66.96,88.83
central_fertility_converges,2050,Vermont,574784,82.61,3.1,0.31,4.19,4.54,5.26,87.05,91.72
central_fertility_converges,2050,Virginia,9351238,45.97,17.35,0.27,11.47,6.45,18.49,51.83,66.91
central_fertility_converges,2050,Washington,9499684,44.98,5.36,0.93,20.27,7.44,21.01,51.87,69.87
central_fertility_converges,2050,West Virginia,1457439,82.26,4.52,0.26,1.44,5.51,6.01,87.64,92.92
central_fertility_converges,2050,Wisconsin,5759701,68.81,6.1,0.84,5.72,4.38,14.14,72.99,85.39
central_fertility_converges,2050,Wyoming,540996,74.33,1.09,1.87,2.27,4.18,16.26,78.39,92.76
central_fertility_converges,2050,United States,366164194,45.57,12.36,0.66,9.74,4.69,26.99,49.86,72.99
central_fertility_converges,2055,Alabama,5442587,56.5,23.29,0.53,2.8,4.75,12.13,60.95,70.71
central_fertility_converges,2055,Alaska,645988,45.57,3.02,13.7,12.3,11.26,14.14,55.8,66.95
central_fertility_converges,2055,Arizona,9879168,39.33,7.15,2.86,6.96,4.57,39.14,43.54,78.8
central_fertility_converges,2055,Arkansas,3354189,59.01,12.62,0.99,5.05,5.29,17.05,64.09,78.77
central_fertility_converges,2055,California,35959461,20.06,4.41,0.31,24.42,4.92,45.87,24.44,63.3
central_fertility_converges,2055,Colorado,7178948,51.98,5.05,0.62,6.84,4.92,30.6,56.63,83.83
central_fertility_converges,2055,Connecticut,3731713,41.63,13.39,0.2,8.17,3.92,32.69,45.18,71.25
central_fertility_converges,2055,Delaware,1236910,42.12,26.12,0.24,7.55,5.46,18.5,46.92,61.64
central_fertility_converges,2055,District of Columbia,831597,40.03,28.21,0.12,9.35,5.05,17.24,44.19,56.98
central_fertility_converges,2055,Florida,31406039,38.27,13.32,0.22,4.61,3.55,40.03,41.49,78.0
central_fertility_converges,2055,Georgia,13606110,35.16,32.08,0.23,9.07,4.76,18.7,39.4,54.43
central_fertility_converges,2055,Hawaii,1156585,18.37,2.78,0.28,41.72,22.05,14.79,34.81,45.13
central_fertility_converges,2055,Idaho,2964456,69.83,1.45,0.77,3.13,4.47,20.35,74.18,92.55
central_fertility_converges,2055,Illinois,10512848,44.17,11.72,0.18,12.22,4.37,27.35,48.21,71.31
central_fertility_converges,2055,Indiana,7470757,58.81,12.43,0.24,6.66,5.13,16.74,63.7,78.25
central_fertility_converges,2055,Iowa,3271731,66.47,7.96,0.38,5.57,4.57,15.04,70.85,84.24
central_fertility_converges,2055,Kansas,2832215,60.8,5.16,0.79,5.54,5.43,22.26,65.96,86.03
central_fertility_converges,2055,Kentucky,4717387,67.33,9.48,0.25,4.55,5.35,13.04,72.48,83.77
central_fertility_converges,2055,Louisiana,4006508,45.96,29.62,0.66,3.17,4.0,16.59,49.61,63.1
central_fertility_converges,2055,Maine,1452438,79.17,6.36,0.54,3.17,4.25,6.5,83.34,89.02
central_fertility_converges,2055,Maryland,6172214,31.12,28.65,0.2,10.18,5.64,24.21,35.99,54.15
central_fertility_converges,2055,Massachusetts,7437321,47.43,10.46,0.16,14.22,4.51,23.21,51.62,69.49
central_fertility_converges,2055,Michigan,9282398,63.25,12.04,0.54,7.66,5.68,10.83,68.62,78.04
central_fertility_converges,2055,Minnesota,6136926,58.03,14.12,0.95,9.08,5.31,12.52,63.02,73.66
central_fertility_converges,2055,Mississippi,2585452,49.51,33.34,0.64,2.66,3.57,10.28,52.78,60.94
central_fertility_converges,2055,Missouri,6268799,67.65,9.89,0.52,5.01,6.01,10.92,73.37,82.91
central_fertility_converges,2055,Montana,1346139,77.28,0.89,4.55,2.16,5.36,9.76,82.47,90.88
central_fertility_converges,2055,Nebraska,2194445,57.44,6.1,0.79,5.51,5.12,25.03,62.29,83.71
central_fertility_converges,2055,Nevada,4282659,25.58,12.22,0.62,14.69,7.25,39.66,31.86,65.87
central_fertility_converges,2055,New Hampshire,1411410,76.48,3.3,0.21,5.14,3.6,11.27,79.98,89.77
central_fertility_converges,2055,New Jersey,9809649,33.78,11.52,0.14,16.3,3.21,35.05,36.56,63.99
central_fertility_converges,2055,New Mexico,1904124,24.36,3.15,8.95,3.34,3.29,56.91,27.39,80.18
central_fertility_converges,2055,New York,16749588,41.58,11.59,0.31,15.96,3.95,26.61,44.93,63.3
central_fertility_converges,2055,North Carolina,14352278,48.38,18.43,0.8,7.42,5.18,19.79,53.06,68.92
central_fertility_converges,2055,North Dakota,846335,64.97,8.16,4.29,4.66,5.3,12.61,70.02,80.65
central_fertility_converges,2055,Ohio,11466539,61.81,14.13,0.21,6.57,6.09,11.19,67.57,76.91
central_fertility_converges,2055,Oklahoma,4537510,46.81,6.83,7.15,4.89,11.17,23.16,57.28,76.89
central_fertility_converges,2055,Oregon,4555368,54.47,3.05,0.95,9.12,6.97,25.43,61.16,83.21
central_fertility_converges,2055,Pennsylvania,12259646,56.45,10.32,0.17,8.09,4.56,20.41,60.67,76.32
central_fertility_converges,2055,Rhode Island,1074255,47.64,8.18,0.31,4.83,4.28,34.77,51.47,77.04
central_fertility_converges,2055,South Carolina,7287440,57.86,18.66,0.34,3.94,4.79,14.41,62.27,74.25
central_fertility_converges,2055,South Dakota,1127241,66.92,4.91,5.65,4.03,5.07,13.43,71.74,82.56
central_fertility_converges,2055,Tennessee,8922130,62.89,12.57,0.32,4.03,4.81,15.39,67.46,80.57
central_fertility_converges,2055,Texas,43305644,26.33,13.8,0.3,10.66,3.45,45.46,29.51,71.6
central_fertility_converges,2055,Utah,4905559,61.0,1.95,0.71,5.94,4.84,25.56,65.58,88.36
central_fertility_converges,2055,Vermont,560257,81.22,3.37,0.3,4.63,4.69,5.79,85.82,90.96
central_fertility_converges,2055,Virginia,9388019,44.04,17.1,0.27,12.14,6.79,19.66,50.2,66.26
central_fertility_converges,2055,Washington,9752391,42.58,5.53,0.89,21.65,7.66,21.69,49.66,68.28
central_fertility_converges,2055,West Virginia,1400100,80.86,4.65,0.27,1.53,5.85,6.84,86.57,92.57
central_fertility_converges,2055,Wisconsin,5684452,67.19,5.99,0.83,6.2,4.64,15.16,71.6,84.91
central_fertility_converges,2055,Wyoming,527809,73.12,1.13,1.83,2.5,4.35,17.07,77.34,92.45
central_fertility_converges,2055,United States,369191733,43.9,12.33,0.65,10.27,4.87,27.99,48.36,72.37
central_fertility_converges,2060,Alabama,5469334,55.75,22.85,0.54,2.94,4.92,13.01,60.35,70.83
central_fertility_converges,2060,Alaska,627989,44.09,3.05,13.41,12.98,11.48,14.99,54.52,66.34
central_fertility_converges,2060,Arizona,10183237,38.01,7.45,2.73,7.33,4.73,39.76,42.36,78.23
central_fertility_converges,2060,Arkansas,3385511,57.9,12.19,1.02,5.41,5.39,18.09,63.07,78.67
central_fertility_converges,2060,California,35088018,18.65,4.26,0.3,25.77,5.07,45.94,23.16,62.1
central_fertility_converges,2060,Colorado,7311736,50.77,5.15,0.62,7.2,5.05,31.2,55.54,83.31
central_fertility_converges,2060,Connecticut,3737367,39.1,13.68,0.2,8.56,4.04,34.41,42.76,70.25
central_fertility_converges,2060,Delaware,1256055,40.21,26.56,0.24,7.92,5.69,19.4,45.19,60.66
central_fertility_converges,2060,District of Columbia,849174,40.31,26.86,0.11,9.93,5.16,17.63,44.55,57.62
central_fertility_converges,2060,Florida,32533163,37.1,13.07,0.22,4.75,3.64,41.23,40.39,78.03
central_fertility_converges,2060,Georgia,13898652,33.59,32.07,0.23,9.59,4.95,19.57,37.99,53.75
central_fertility_converges,2060,Hawaii,1106667,18.35,2.98,0.3,40.75,22.24,15.37,34.91,45.61
central_fertility_converges,2060,Idaho,3103889,68.95,1.51,0.74,3.28,4.59,20.94,73.41,92.32
central_fertility_converges,2060,Illinois,10116436,42.35,11.32,0.18,13.28,4.59,28.29,46.58,70.49
central_fertility_converges,2060,Indiana,7538120,56.7,12.72,0.24,7.23,5.33,17.77,61.79,77.25
central_fertility_converges,2060,Iowa,3273822,64.29,8.44,0.39,6.0,4.79,16.08,68.87,83.21
central_fertility_converges,2060,Kansas,2797156,59.36,5.06,0.8,5.93,5.54,23.32,64.62,85.65
central_fertility_converges,2060,Kentucky,4731233,65.46,9.62,0.26,4.92,5.57,14.17,70.82,83.11
central_fertility_converges,2060,Louisiana,3898941,44.61,29.11,0.67,3.36,4.13,18.11,48.38,63.14
central_fertility_converges,2060,Maine,1456213,77.69,6.88,0.54,3.42,4.37,7.1,81.97,88.18
central_fertility_converges,2060,Maryland,6129271,29.26,28.29,0.19,10.57,5.86,25.83,34.31,53.72
central_fertility_converges,2060,Massachusetts,7474641,44.94,10.75,0.16,15.11,4.72,24.31,49.31,68.06
central_fertility_converges,2060,Michigan,9108045,61.96,11.71,0.54,8.33,5.94,11.52,67.56,77.6
central_fertility_converges,2060,Minnesota,6161697,55.68,15.06,0.93,9.53,5.52,13.27,60.87,72.18
central_fertility_converges,2060,Mississippi,2518937,48.81,32.55,0.66,2.91,3.69,11.38,52.2,61.25
central_fertility_converges,2060,Missouri,6245709,66.51,9.62,0.54,5.4,6.21,11.72,72.42,82.68
central_fertility_converges,2060,Montana,1376167,76.59,0.93,4.31,2.34,5.49,10.34,81.92,90.85
central_fertility_converges,2060,Nebraska,2220234,55.28,6.2,0.78,5.89,5.35,26.5,60.35,83.05
central_fertility_converges,2060,Nevada,4414571,23.8,12.51,0.6,15.14,7.49,40.47,30.28,65.04
central_fertility_converges,2060,New Hampshire,1404487,74.9,3.55,0.21,5.44,3.68,12.22,78.48,89.1
central_fertility_converges,2060,New Jersey,9820979,31.75,11.25,0.14,17.0,3.32,36.54,34.61,63.26
central_fertility_converges,2060,New Mexico,1854535,23.16,3.38,8.84,3.6,3.41,57.62,26.3,79.8
central_fertility_converges,2060,New York,16168726,40.26,11.13,0.31,16.89,4.11,27.29,43.74,62.6
central_fertility_converges,2060,North Carolina,14832137,47.16,18.18,0.77,7.87,5.38,20.65,52.0,68.61
central_fertility_converges,2060,North Dakota,855172,62.97,8.75,4.13,5.05,5.49,13.62,68.2,79.7
central_fertility_converges,2060,Ohio,11377080,59.85,14.23,0.21,7.19,6.39,12.13,65.88,76.02
central_fertility_converges,2060,Oklahoma,4590389,45.37,6.71,6.95,5.19,11.4,24.38,56.06,76.76
central_fertility_converges,2060,Oregon,4571871,52.51,3.17,0.93,9.62,7.18,26.58,59.4,82.48
central_fertility_converges,2060,Pennsylvania,12127805,54.11,10.15,0.17,8.67,4.77,22.12,58.51,75.51
central_fertility_converges,2060,Rhode Island,1065044,45.1,8.33,0.3,4.96,4.41,36.91,49.03,76.24
central_fertility_converges,2060,South Carolina,7536101,57.35,17.98,0.34,4.18,4.97,15.18,61.93,74.58
central_fertility_converges,2060,South Dakota,1157305,65.37,5.25,5.25,4.38,5.26,14.49,70.39,82.08
central_fertility_converges,2060,Tennessee,9172974,62.05,12.13,0.33,4.25,4.96,16.29,66.77,80.66
central_fertility_converges,2060,Texas,45034810,25.23,13.99,0.31,11.2,3.55,45.73,28.5,70.86
central_fertility_converges,2060,Utah,5087797,59.45,2.03,0.69,6.22,5.04,26.56,64.23,87.91
central_fertility_converges,2060,Vermont,547195,79.91,3.61,0.3,5.07,4.81,6.31,84.63,90.25
central_fertility_converges,2060,Virginia,9421364,42.25,16.83,0.28,12.76,7.1,20.77,48.69,65.69
central_fertility_converges,2060,Washington,9994054,40.39,5.67,0.85,22.97,7.84,22.28,47.64,66.8
central_fertility_converges,2060,West Virginia,1345644,79.43,4.78,0.28,1.62,6.17,7.71,85.45,92.24
central_fertility_converges,2060,Wisconsin,5613869,65.68,5.85,0.82,6.66,4.87,16.12,70.31,84.49
central_fertility_converges,2060,Wyoming,513678,71.93,1.18,1.78,2.74,4.51,17.86,76.3,92.13
central_fertility_converges,2060,United States,372105002,42.39,12.29,0.64,10.78,5.03,28.87,47.0,71.82
central_fertility_converges,2065,Alabama,5496016,55.07,22.39,0.54,3.07,5.07,13.86,59.82,71.0
central_fertility_converges,2065,Alaska,609766,42.7,3.09,13.07,13.67,11.65,15.83,53.29,65.78
central_fertility_converges,2065,Arizona,10469320,36.85,7.73,2.61,7.67,4.87,40.27,41.33,77.72
central_fertility_converges,2065,Arkansas,3414348,56.86,11.76,1.05,5.76,5.48,19.09,62.11,78.6
central_fertility_converges,2065,California,34182070,17.37,4.12,0.29,27.17,5.21,45.85,22.0,60.9
central_fertility_converges,2065,Colorado,7426701,49.67,5.23,0.63,7.56,5.17,31.74,54.55,82.81
central_fertility_converges,2065,Connecticut,3746236,36.82,13.93,0.2,8.93,4.15,35.97,40.58,69.37
central_fertility_converges,2065,Delaware,1273896,38.44,26.96,0.23,8.25,5.9,20.22,43.6,59.76
central_fertility_converges,2065,District of Columbia,864504,40.58,25.63,0.1,10.49,5.25,17.96,44.88,58.19
central_fertility_converges,2065,Florida,33618805,36.09,12.8,0.21,4.88,3.73,42.29,39.46,78.09
central_fertility_converges,2065,Georgia,14172896,32.16,32.03,0.23,10.08,5.13,20.37,36.72,53.14
central_fertility_converges,2065,Hawaii,1057958,18.43,3.18,0.33,39.79,22.38,15.9,35.08,46.11
central_fertility_converges,2065,Idaho,3235604,68.11,1.57,0.71,3.42,4.7,21.49,72.69,92.1
central_fertility_converges,2065,Illinois,9725090,40.6,10.9,0.19,14.39,4.79,29.14,45.01,69.65
central_fertility_converges,2065,Indiana,7601657,54.7,12.99,0.25,7.79,5.53,18.75,59.97,76.31
central_fertility_converges,2065,Iowa,3273185,62.18,8.9,0.4,6.42,5.0,17.1,66.96,82.21
central_fertility_converges,2065,Kansas,2758946,57.97,4.95,0.81,6.33,5.62,24.32,63.31,85.26
central_fertility_converges,2065,Kentucky,4745299,63.66,9.74,0.26,5.28,5.77,15.28,69.22,82.49
central_fertility_converges,2065,Louisiana,3792238,43.29,28.54,0.67,3.57,4.25,19.68,47.17,63.25
central_fertility_converges,2065,Maine,1459782,76.27,7.38,0.53,3.67,4.48,7.69,80.65,87.39
central_fertility_converges,2065,Maryland,6082772,27.53,27.88,0.19,10.94,6.06,27.4,32.74,53.37
central_fertility_converges,2065,Massachusetts,7513459,42.66,11.01,0.16,15.95,4.9,25.31,47.19,66.74
central_fertility_converges,2065,Michigan,8931408,60.72,11.38,0.54,9.0,6.19,12.18,66.55,77.17
central_fertility_converges,2065,Minnesota,6178044,53.44,15.97,0.91,9.97,5.72,13.99,58.81,70.76
central_fertility_converges,2065,Mississippi,2454158,48.16,31.68,0.67,3.16,3.81,12.52,51.65,61.62
central_fertility_converges,2065,Missouri,6215598,65.39,9.35,0.55,5.79,6.4,12.52,71.49,82.45
central_fertility_converges,2065,Montana,1402622,75.94,0.96,4.06,2.52,5.62,10.9,81.39,90.83
central_fertility_converges,2065,Nebraska,2243283,53.21,6.28,0.77,6.26,5.57,27.91,58.48,82.43
central_fertility_converges,2065,Nevada,4535310,22.19,12.78,0.58,15.57,7.7,41.17,28.87,64.27
central_fertility_converges,2065,New Hampshire,1398557,73.41,3.78,0.22,5.73,3.74,13.13,77.04,88.48
central_fertility_converges,2065,New Jersey,9831891,29.91,10.97,0.14,17.66,3.41,37.92,32.85,62.6
central_fertility_converges,2065,New Mexico,1801549,22.06,3.63,8.69,3.88,3.52,58.22,25.32,79.43
central_fertility_converges,2065,New York,15603285,39.04,10.67,0.31,17.83,4.26,27.89,42.63,61.93
central_fertility_converges,2065,North Carolina,15305852,46.07,17.94,0.74,8.27,5.57,21.43,51.08,68.34
central_fertility_converges,2065,North Dakota,863743,61.07,9.3,3.95,5.42,5.65,14.6,66.45,78.82
central_fertility_converges,2065,Ohio,11285651,57.95,14.3,0.22,7.8,6.67,13.07,64.24,75.18
central_fertility_converges,2065,Oklahoma,4635625,44.05,6.6,6.73,5.47,11.6,25.55,54.92,76.67
central_fertility_converges,2065,Oregon,4575815,50.63,3.28,0.91,10.13,7.38,27.67,57.7,81.77
central_fertility_converges,2065,Pennsylvania,12001208,51.87,9.96,0.18,9.23,4.97,23.79,56.44,74.77
central_fertility_converges,2065,Rhode Island,1056236,42.78,8.44,0.29,5.06,4.53,38.9,46.81,75.55
central_fertility_converges,2065,South Carolina,7778500,56.89,17.33,0.34,4.39,5.15,15.89,61.63,74.9
central_fertility_converges,2065,South Dakota,1185905,63.87,5.58,4.87,4.72,5.44,15.52,69.06,81.62
central_fertility_converges,2065,Tennessee,9420593,61.29,11.7,0.33,4.44,5.1,17.13,66.15,80.77
central_fertility_converges,2065,Texas,46691067,24.26,14.16,0.31,11.71,3.64,45.93,27.61,70.18
central_fertility_converges,2065,Utah,5248193,57.92,2.11,0.67,6.5,5.24,27.55,62.88,87.46
central_fertility_converges,2065,Vermont,534584,78.64,3.82,0.29,5.51,4.92,6.83,83.46,89.55
central_fertility_converges,2065,Virginia,9445123,40.59,16.56,0.28,13.36,7.4,21.82,47.28,65.17
central_fertility_converges,2065,Washington,10214699,38.37,5.8,0.8,24.23,8.01,22.79,45.77,65.41
central_fertility_converges,2065,West Virginia,1293497,77.98,4.91,0.29,1.71,6.47,8.64,84.3,91.91
central_fertility_converges,2065,Wisconsin,5539733,64.25,5.69,0.8,7.11,5.09,17.05,69.09,84.1
central_fertility_converges,2065,Wyoming,498314,70.72,1.22,1.73,3.0,4.67,18.66,75.25,91.79
central_fertility_converges,2065,United States,374690592,41.02,12.24,0.62,11.27,5.17,29.68,45.75,71.3
central_fertility_converges,2070,Alabama,5518557,54.42,21.92,0.54,3.2,5.22,14.7,59.31,71.18
central_fertility_converges,2070,Alaska,590996,41.37,3.13,12.68,14.37,11.8,16.66,52.1,65.25
central_fertility_converges,2070,Arizona,10729495,35.8,7.99,2.49,8.01,5.01,40.71,40.41,77.24
central_fertility_converges,2070,Arkansas,3438778,55.87,11.32,1.09,6.1,5.57,20.06,61.21,78.54
central_fertility_converges,2070,California,33229567,16.19,3.97,0.27,28.6,5.33,45.64,20.92,59.66
central_fertility_converges,2070,Colorado,7519623,48.65,5.3,0.64,7.91,5.28,32.22,53.64,82.35
central_fertility_converges,2070,Connecticut,3753232,34.72,14.13,0.2,9.29,4.24,37.42,38.55,68.57
central_fertility_converges,2070,Delaware,1289083,36.77,27.34,0.23,8.55,6.1,21.01,42.09,58.92
central_fertility_converges,2070,District of Columbia,876851,40.83,24.47,0.1,11.02,5.33,18.25,45.19,58.7
central_fertility_converges,2070,Florida,34623769,35.19,12.53,0.21,5.0,3.81,43.25,38.64,78.18
central_fertility_converges,2070,Georgia,14421088,30.84,31.97,0.24,10.54,5.3,21.11,35.55,52.6
central_fertility_converges,2070,Hawaii,1010157,18.62,3.38,0.35,38.83,22.46,16.36,35.31,46.63
central_fertility_converges,2070,Idaho,3359499,67.34,1.63,0.68,3.56,4.8,21.99,72.02,91.89
central_fertility_converges,2070,Illinois,9334872,38.88,10.47,0.19,15.55,4.98,29.93,43.46,68.78
central_fertility_converges,2070,Indiana,7657083,52.8,13.22,0.25,8.34,5.71,19.69,58.24,75.4
central_fertility_converges,2070,Iowa,3268391,60.12,9.34,0.41,6.84,5.19,18.09,65.09,81.25
central_fertility_converges,2070,Kansas,2716748,56.61,4.84,0.81,6.74,5.69,25.3,62.02,84.86
central_fertility_converges,2070,Kentucky,4757541,61.93,9.84,0.27,5.62,5.96,16.37,67.67,81.9
central_fertility_converges,2070,Louisiana,3684912,41.98,27.91,0.67,3.78,4.37,21.29,45.97,63.39
central_fertility_converges,2070,Maine,1460413,74.88,7.84,0.52,3.92,4.58,8.27,79.37,86.63
central_fertility_converges,2070,Maryland,6027485,25.88,27.45,0.19,11.31,6.24,28.93,31.24,53.06
central_fertility_converges,2070,Massachusetts,7543634,40.54,11.25,0.16,16.76,5.07,26.23,45.21,65.49
central_fertility_converges,2070,Michigan,8742284,59.49,11.04,0.54,9.68,6.42,12.83,65.54,76.74
central_fertility_converges,2070,Minnesota,6181423,51.28,16.85,0.88,10.38,5.9,14.7,56.82,69.4
central_fertility_converges,2070,Mississippi,2389980,47.52,30.76,0.69,3.42,3.92,13.69,51.11,62.03
central_fertility_converges,2070,Missouri,6174317,64.29,9.07,0.57,6.19,6.58,13.31,70.56,82.22
central_fertility_converges,2070,Montana,1424871,75.32,0.99,3.82,2.7,5.74,11.44,80.89,90.81
central_fertility_converges,2070,Nebraska,2262432,51.23,6.35,0.75,6.63,5.77,29.27,56.68,81.84
central_fertility_converges,2070,Nevada,4641595,20.73,13.02,0.57,15.98,7.9,41.8,27.57,63.57
central_fertility_converges,2070,New Hampshire,1390486,71.95,4.0,0.22,6.01,3.79,14.02,75.64,87.87
central_fertility_converges,2070,New Jersey,9835808,28.19,10.69,0.14,18.28,3.49,39.21,31.19,62.0
central_fertility_converges,2070,New Mexico,1744345,21.04,3.9,8.53,4.17,3.64,58.73,24.41,79.04
central_fertility_converges,2070,New York,15042248,37.85,10.2,0.3,18.79,4.4,28.45,41.55,61.26
central_fertility_converges,2070,North Carolina,15758901,45.07,17.7,0.71,8.63,5.74,22.15,50.24,68.12
central_fertility_converges,2070,North Dakota,871131,59.25,9.83,3.76,5.8,5.8,15.56,64.77,77.98
central_fertility_converges,2070,Ohio,11180736,56.1,14.34,0.22,8.41,6.93,13.99,62.63,74.36
central_fertility_converges,2070,Oklahoma,4671848,42.8,6.47,6.51,5.75,11.79,26.67,53.85,76.6
central_fertility_converges,2070,Oregon,4566764,48.81,3.38,0.89,10.62,7.56,28.74,56.05,81.08
central_fertility_converges,2070,Pennsylvania,11863195,49.69,9.75,0.18,9.78,5.14,25.45,54.42,74.07
central_fertility_converges,2070,Rhode Island,1045832,40.64,8.52,0.28,5.16,4.63,40.78,44.75,74.93
central_fertility_converges,2070,South Carolina,8007873,56.48,16.7,0.34,4.6,5.32,16.56,61.37,75.22
central_fertility_converges,2070,South Dakota,1212656,62.43,5.89,4.49,5.06,5.61,16.52,67.77,81.17
central_fertility_converges,2070,Tennessee,9656828,60.59,11.28,0.34,4.63,5.24,17.92,65.58,80.9
central_fertility_converges,2070,Texas,48249977,23.38,14.33,0.31,12.18,3.72,46.08,26.82,69.54
central_fertility_converges,2070,Utah,5392298,56.44,2.19,0.65,6.78,5.43,28.51,61.57,87.03
central_fertility_converges,2070,Vermont,521637,77.39,4.01,0.28,5.95,5.02,7.34,82.31,88.87
central_fertility_converges,2070,Virginia,9451527,39.0,16.28,0.29,13.94,7.67,22.83,45.93,64.67
central_fertility_converges,2070,Washington,10406453,36.49,5.91,0.76,25.44,8.15,23.25,44.03,64.09
central_fertility_converges,2070,West Virginia,1243401,76.5,5.03,0.3,1.79,6.77,9.61,83.1,91.59
central_fertility_converges,2070,Wisconsin,5456942,62.86,5.53,0.79,7.55,5.3,17.96,67.9,83.73
central_fertility_converges,2070,Wyoming,481910,69.5,1.27,1.68,3.27,4.83,19.45,74.17,91.43
central_fertility_converges,2070,United States,376681471,39.73,12.19,0.61,11.73,5.31,30.43,44.59,70.82
central_fertility_converges,2075,Alabama,5535834,53.81,21.45,0.54,3.32,5.37,15.51,58.83,71.36
central_fertility_converges,2075,Alaska,572326,40.16,3.17,12.25,15.07,11.92,17.43,51.0,64.78
central_fertility_converges,2075,Arizona,10961826,34.88,8.24,2.37,8.33,5.13,41.06,39.61,76.8
central_fertility_converges,2075,Arkansas,3459599,54.93,10.89,1.12,6.42,5.65,20.99,60.36,78.51
central_fertility_converges,2075,California,32249205,15.11,3.83,0.26,30.07,5.43,45.3,19.92,58.41
central_fertility_converges,2075,Colorado,7590698,47.76,5.36,0.64,8.23,5.38,32.62,52.84,81.94
central_fertility_converges,2075,Connecticut,3756674,32.78,14.32,0.2,9.64,4.32,38.74,36.68,67.81
central_fertility_converges,2075,Delaware,1301361,35.17,27.7,0.23,8.84,6.3,21.76,40.65,58.12
central_fertility_converges,2075,District of Columbia,886681,41.07,23.4,0.09,11.53,5.41,18.5,45.48,59.18
central_fertility_converges,2075,Florida,35540333,34.39,12.26,0.21,5.12,3.9,44.12,37.91,78.27
central_fertility_converges,2075,Georgia,14642522,29.61,31.89,0.24,10.97,5.47,21.82,34.47,52.11
central_fertility_converges,2075,Hawaii,964044,18.91,3.59,0.37,37.87,22.51,16.75,35.63,47.19
central_fertility_converges,2075,Idaho,3476172,66.65,1.68,0.65,3.69,4.91,22.42,71.43,91.71
central_fertility_converges,2075,Illinois,8953100,37.2,10.03,0.2,16.75,5.16,30.67,41.93,67.89
central_fertility_converges,2075,Indiana,7704967,50.99,13.43,0.26,8.87,5.87,20.59,56.59,74.55
central_fertility_converges,2075,Iowa,3261079,58.17,9.74,0.42,7.26,5.38,19.04,63.31,80.32
central_fertility_converges,2075,Kansas,2672864,55.32,4.73,0.82,7.17,5.75,26.21,60.77,84.46
central_fertility_converges,2075,Kentucky,4767259,60.27,9.93,0.28,5.96,6.14,17.42,66.18,81.35
central_fertility_converges,2075,Louisiana,3580954,40.72,27.22,0.67,4.0,4.47,22.91,44.81,63.59
central_fertility_converges,2075,Maine,1457620,73.54,8.27,0.51,4.16,4.67,8.86,78.12,85.91
central_fertility_converges,2075,Maryland,5967056,24.31,27.01,0.18,11.67,6.41,30.41,29.81,52.78
central_fertility_converges,2075,Massachusetts,7562187,38.59,11.46,0.16,17.54,5.21,27.05,43.38,64.34
central_fertility_converges,2075,Michigan,8540599,58.3,10.69,0.54,10.38,6.64,13.46,64.54,76.31
central_fertility_converges,2075,Minnesota,6178171,49.25,17.7,0.86,10.76,6.06,15.37,54.94,68.11
central_fertility_converges,2075,Mississippi,2327190,46.89,29.8,0.7,3.7,4.03,14.89,50.58,62.47
central_fertility_converges,2075,Missouri,6126028,63.22,8.78,0.58,6.58,6.75,14.08,69.65,82.0
central_fertility_converges,2075,Montana,1443874,74.75,1.02,3.59,2.87,5.85,11.93,80.43,90.79
central_fertility_converges,2075,Nebraska,2279540,49.38,6.4,0.73,6.99,5.95,30.54,55.01,81.28
central_fertility_converges,2075,Nevada,4734183,19.43,13.24,0.55,16.36,8.08,42.34,26.43,62.93
central_fertility_converges,2075,New Hampshire,1379242,70.54,4.21,0.22,6.29,3.85,14.89,74.27,87.28
central_fertility_converges,2075,New Jersey,9829430,26.57,10.4,0.14,18.89,3.57,40.43,29.63,61.43
central_fertility_converges,2075,New Mexico,1684462,20.1,4.17,8.35,4.48,3.75,59.15,23.58,78.64
central_fertility_converges,2075,New York,14486636,36.71,9.73,0.3,19.77,4.54,28.96,40.51,60.58
central_fertility_converges,2075,North Carolina,16183883,44.16,17.47,0.68,8.96,5.92,22.81,49.48,67.93
central_fertility_converges,2075,North Dakota,878187,57.55,10.32,3.58,6.16,5.93,16.47,63.19,77.19
central_fertility_converges,2075,Ohio,11063463,54.33,14.34,0.23,9.03,7.17,14.9,61.08,73.58
central_fertility_converges,2075,Oklahoma,4702685,41.69,6.35,6.28,6.03,11.94,27.71,52.89,76.57
central_fertility_converges,2075,Oregon,4547807,47.13,3.48,0.88,11.1,7.72,29.7,54.52,80.45
central_fertility_converges,2075,Pennsylvania,11713523,47.59,9.53,0.19,10.32,5.31,27.07,52.46,73.41
central_fertility_converges,2075,Rhode Island,1033477,38.66,8.58,0.27,5.25,4.71,42.53,42.84,74.38
central_fertility_converges,2075,South Carolina,8222563,56.1,16.11,0.34,4.78,5.49,17.18,61.15,75.53
central_fertility_converges,2075,South Dakota,1238643,61.09,6.17,4.14,5.39,5.75,17.45,66.57,80.75
central_fertility_converges,2075,Tennessee,9878802,59.94,10.87,0.35,4.8,5.37,18.67,65.05,81.03
central_fertility_converges,2075,Texas,49719006,22.62,14.49,0.31,12.61,3.81,46.16,26.13,68.95
central_fertility_converges,2075,Utah,5523522,55.06,2.26,0.64,7.04,5.61,29.39,60.36,86.62
central_fertility_converges,2075,Vermont,508494,76.18,4.19,0.27,6.4,5.11,7.85,81.19,88.21
central_fertility_converges,2075,Virginia,9443900,37.48,16.0,0.29,14.52,7.92,23.8,44.63,64.2
central_fertility_converges,2075,Washington,10569517,34.79,6.01,0.73,26.57,8.28,23.63,42.44,62.88
central_fertility_converges,2075,West Virginia,1194910,74.99,5.15,0.31,1.87,7.05,10.63,81.86,91.27
central_fertility_converges,2075,Wisconsin,5369015,61.55,5.35,0.77,7.98,5.51,18.84,66.78,83.4
central_fertility_converges,2075,Wyoming,465251,68.32,1.32,1.63,3.56,4.99,20.18,73.15,91.08
central_fertility_converges,2075,United States,378130368,38.54,12.13,0.6,12.18,5.44,31.11,43.52,70.38
